Date,Symbol,Series,Prev Close,Open,High,Low,Last,Close,VWAP,Volume,Turnover,Trades,Deliverable Volume,%Deliverble
2000-01-03,BRITANNIA,EQ,703.25,705.0,759.5,705.0,758.0,756.9,741.01,7512,556648765000.0,,,
2000-01-04,BRITANNIA,EQ,756.9,710.0,770.0,710.0,740.0,754.55,742.52,8135,604039070000.0,,,
2000-01-05,BRITANNIA,EQ,754.55,755.0,759.0,705.0,740.0,735.3,739.92,6095,450978430000.0,,,
2000-01-06,BRITANNIA,EQ,735.3,740.0,794.15,740.0,770.0,785.65,788.83,19697,1553755555000.0,,,
2000-01-07,BRITANNIA,EQ,785.65,808.0,848.5,798.0,848.5,848.5,827.53,33107,2739708030000.0,,,
2000-01-10,BRITANNIA,EQ,848.5,900.0,916.4,865.0,916.4,912.2,905.42,29575,2677784025000.0,,,
2000-01-11,BRITANNIA,EQ,912.2,920.0,920.0,839.25,865.0,853.75,858.02,20635,1770515830000.0,,,
2000-01-12,BRITANNIA,EQ,853.75,900.0,900.0,860.55,890.95,882.7,885.18,9312,824275625000.0,,,
2000-01-13,BRITANNIA,EQ,882.7,890.0,920.0,875.0,885.0,881.4,898.96,19526,1755312510000.0002,,,
2000-01-14,BRITANNIA,EQ,881.4,872.5,880.0,864.0,870.0,869.65,873.91,15675,1369847005000.0,,,
2000-01-17,BRITANNIA,EQ,869.65,880.0,890.0,870.0,878.0,875.95,881.0,7125,627709975000.0,,,
2000-01-18,BRITANNIA,EQ,875.95,870.1,899.0,868.0,890.0,881.05,880.59,12526,1103028770000.0,,,
2000-01-19,BRITANNIA,EQ,881.05,889.0,911.0,889.0,906.5,900.85,901.81,14108,1272275700000.0,,,
2000-01-20,BRITANNIA,EQ,900.85,907.0,919.9,893.55,894.0,895.7,905.26,5671,513373240000.00006,,,
2000-01-21,BRITANNIA,EQ,895.7,897.9,897.9,885.25,890.0,888.25,888.42,1888,167733625000.0,,,
2000-01-24,BRITANNIA,EQ,888.25,880.0,895.0,851.0,886.0,884.75,877.38,6351,557221075000.0,,,
2000-01-25,BRITANNIA,EQ,884.75,871.0,890.0,870.0,870.0,881.25,878.74,6859,602726660000.0,,,
2000-01-27,BRITANNIA,EQ,881.25,865.9,885.0,810.75,825.15,830.3,833.19,14678,1222953695000.0,,,
2000-01-28,BRITANNIA,EQ,830.3,800.0,815.0,782.0,790.0,792.45,796.65,6418,511293065000.00006,,,
2000-01-31,BRITANNIA,EQ,792.45,778.65,788.0,729.25,752.0,746.75,759.2,5416,411183495000.0,,,
2000-02-01,BRITANNIA,EQ,746.75,751.0,759.0,721.0,725.0,731.5,738.07,7347,542263470000.0,,,
2000-02-02,BRITANNIA,EQ,731.5,740.0,752.0,700.0,735.0,731.05,739.03,4939,365004875000.0,,,
2000-02-03,BRITANNIA,EQ,731.05,750.0,750.0,695.0,715.0,714.15,713.32,11619,828807280000.0,,,
2000-02-04,BRITANNIA,EQ,714.15,720.0,720.0,706.0,715.0,713.5,711.8,13147,935798410000.0,,,
2000-02-07,BRITANNIA,EQ,713.5,701.0,717.0,700.0,704.8,701.7,708.3,7195,509621615000.00006,,,
2000-02-08,BRITANNIA,EQ,701.7,704.0,704.0,680.0,683.0,685.5,687.66,15083,1037202494999.9999,,,
2000-02-09,BRITANNIA,EQ,685.5,714.0,740.35,695.0,704.1,707.4,711.68,23357,1662261475000.0,,,
2000-02-10,BRITANNIA,EQ,707.4,719.0,730.0,707.0,715.0,712.1,715.42,11341,811360210000.0,,,
2000-02-11,BRITANNIA,EQ,712.1,723.0,729.0,700.0,710.0,704.15,712.06,20795,1480718980000.0,,,
2000-02-14,BRITANNIA,EQ,704.15,710.0,711.0,690.0,693.0,690.6,696.07,7765,540501365000.00006,,,
2000-02-15,BRITANNIA,EQ,690.6,681.0,681.0,640.0,668.0,653.3,657.71,18622,1224789220000.0,,,
2000-02-16,BRITANNIA,EQ,653.3,670.0,680.0,662.0,680.0,674.7,671.57,10876,730403075000.0,,,
2000-02-17,BRITANNIA,EQ,674.7,670.0,698.0,670.0,674.0,677.0,679.09,8926,606158925000.0,,,
2000-02-18,BRITANNIA,EQ,677.0,670.0,694.9,661.0,675.0,667.05,670.66,11460,768575640000.0,,,
2000-02-21,BRITANNIA,EQ,667.05,675.0,690.0,655.0,670.0,665.7,669.13,7993,534831670000.0,,,
2000-02-22,BRITANNIA,EQ,665.7,670.0,670.0,655.0,659.9,657.45,660.67,11142,736118440000.0,,,
2000-02-23,BRITANNIA,EQ,657.45,658.0,680.0,655.0,670.0,665.65,668.06,5793,387009975000.0,,,
2000-02-24,BRITANNIA,EQ,665.65,675.0,677.0,642.0,665.0,662.1,658.93,8205,540654455000.0,,,
2000-02-25,BRITANNIA,EQ,662.1,674.0,674.0,640.0,645.0,641.85,654.42,6346,415294145000.0,,,
2000-02-28,BRITANNIA,EQ,641.85,640.0,656.0,609.15,634.5,635.85,640.47,9071,580968260000.0,,,
2000-02-29,BRITANNIA,EQ,635.85,650.0,659.85,605.0,605.0,611.5,634.25,16183,1026404694999.9999,,,
2000-03-01,BRITANNIA,EQ,611.5,625.0,625.0,562.6,562.6,562.6,569.89,9303,530165975000.0,,,
2000-03-02,BRITANNIA,EQ,562.6,527.0,530.0,517.6,517.6,517.6,518.26,8703,451039380000.0,,,
2000-03-03,BRITANNIA,EQ,517.6,476.2,545.45,476.2,500.0,504.6,487.22,26306,1281684950000.0,,,
2000-03-06,BRITANNIA,EQ,504.6,525.0,525.0,464.25,476.25,475.3,481.61,18609,896227985000.0,,,
2000-03-07,BRITANNIA,EQ,475.3,479.9,490.0,462.0,470.0,469.35,474.37,17834,845994594999.9999,,,
2000-03-08,BRITANNIA,EQ,469.35,488.0,506.45,465.1,494.0,489.4,490.24,39317,1927476630000.0,,,
2000-03-09,BRITANNIA,EQ,489.4,500.0,500.0,475.0,499.75,499.65,480.96,34910,1679046880000.0,,,
2000-03-10,BRITANNIA,EQ,499.65,500.0,517.9,470.0,490.0,486.15,487.73,36935,1801447300000.0,,,
2000-03-13,BRITANNIA,EQ,486.15,500.0,520.0,487.0,512.0,512.0,504.55,13605,686440420000.0,,,
2000-03-14,BRITANNIA,EQ,512.0,510.0,530.0,490.0,528.75,519.95,497.86,30386,1512800845000.0,,,
2000-03-15,BRITANNIA,EQ,519.95,520.0,561.55,520.0,543.0,540.1,548.53,16605,910826175000.0,,,
2000-03-16,BRITANNIA,EQ,540.1,547.6,559.85,520.0,540.0,543.65,537.44,9879,530937105000.0,,,
2000-03-21,BRITANNIA,EQ,543.65,550.0,554.95,535.1,545.0,544.85,545.73,22765,1242352925000.0,,,
2000-03-22,BRITANNIA,EQ,544.85,563.0,587.0,558.0,575.0,573.25,567.46,19318,1096214869999.9999,,,
2000-03-23,BRITANNIA,EQ,573.25,590.0,595.0,572.25,580.0,579.45,578.37,19081,1103594640000.0,,,
2000-03-24,BRITANNIA,EQ,579.45,581.0,613.0,581.0,595.0,599.3,595.86,10517,626665400000.0,,,
2000-03-27,BRITANNIA,EQ,599.3,609.0,642.0,595.0,642.0,636.6,625.69,14160,885977680000.0001,,,
2000-03-28,BRITANNIA,EQ,636.6,640.1,651.0,622.25,630.0,629.6,630.97,12543,791425880000.0,,,
2000-03-29,BRITANNIA,EQ,629.6,654.0,675.0,625.0,640.0,643.65,646.73,19000,1228778625000.0,,,
2000-03-30,BRITANNIA,EQ,643.65,625.0,635.0,605.0,618.0,621.2,620.65,13117,814106460000.0,,,
2000-03-31,BRITANNIA,EQ,621.2,624.0,629.9,605.0,620.0,619.8,616.52,9611,592537075000.0,,,
2000-04-03,BRITANNIA,EQ,619.8,612.0,618.0,571.55,602.0,601.35,604.59,6724,406528085000.0,,,
2000-04-04,BRITANNIA,EQ,601.35,575.0,589.0,555.0,575.0,567.8,568.82,14661,833940600000.0,,,
2000-04-05,BRITANNIA,EQ,567.8,560.0,590.0,560.0,580.0,578.8,579.13,4633,268310900000.0,,,
2000-04-06,BRITANNIA,EQ,578.8,581.05,600.0,566.05,589.9,590.5,583.38,8586,500886130000.0,,,
2000-04-07,BRITANNIA,EQ,590.5,605.0,610.0,580.0,595.0,597.35,596.56,9008,537382080000.0,,,
2000-04-10,BRITANNIA,EQ,597.35,601.0,607.9,572.2,578.0,581.45,584.62,8021,468920295000.0,,,
2000-04-11,BRITANNIA,EQ,581.45,572.2,588.0,570.0,575.1,577.9,572.81,9696,555395205000.0,,,
2000-04-12,BRITANNIA,EQ,577.9,584.0,584.0,566.0,567.0,571.2,570.5,4765,271843735000.0,,,
2000-04-13,BRITANNIA,EQ,571.2,555.1,575.0,555.1,574.0,571.85,568.86,7322,416516665000.0,,,
2000-04-17,BRITANNIA,EQ,571.85,560.0,560.0,526.1,526.1,526.1,527.5,7624,402164335000.0,,,
2000-04-18,BRITANNIA,EQ,526.1,532.0,539.0,491.1,506.0,505.5,509.69,20552,1047509015000.0,,,
2000-04-19,BRITANNIA,EQ,505.5,539.9,539.9,510.0,518.0,521.2,519.0,5284,274239590000.0,,,
2000-04-20,BRITANNIA,EQ,521.2,525.0,548.0,503.05,534.9,530.15,518.88,7904,410121545000.0,,,
2000-04-24,BRITANNIA,EQ,530.15,528.0,528.0,505.0,509.8,505.95,509.7,6788,345982210000.0,,,
2000-04-25,BRITANNIA,EQ,505.95,505.0,520.0,505.0,520.0,508.95,508.56,16236,825690795000.0,,,
2000-04-26,BRITANNIA,EQ,508.95,519.9,524.0,512.0,518.0,520.7,519.86,9704,504469045000.0,,,
2000-04-27,BRITANNIA,EQ,520.7,511.0,520.0,507.0,512.0,510.15,511.95,4809,246195185000.0,,,
2000-04-28,BRITANNIA,EQ,510.15,520.0,520.0,505.0,509.0,505.45,505.72,9443,477548280000.0,,,
2000-05-02,BRITANNIA,EQ,505.45,502.0,513.95,495.0,505.0,505.45,501.62,10962,549871435000.0,,,
2000-05-03,BRITANNIA,EQ,505.45,492.05,505.0,485.0,503.85,495.85,492.91,7994,394030160000.0,,,
2000-05-04,BRITANNIA,EQ,495.85,520.0,546.0,506.0,536.0,533.3,534.8,8114,433932725000.0,,,
2000-05-05,BRITANNIA,EQ,533.3,540.0,589.0,528.0,576.05,578.6,570.25,28372,1617901895000.0,,,
2000-05-08,BRITANNIA,EQ,578.6,590.0,608.0,580.25,585.3,590.4,593.56,19417,1152512880000.0,,,
2000-05-09,BRITANNIA,EQ,590.4,579.0,595.0,565.0,587.05,589.8,583.31,9058,528358409999.99994,,,
2000-05-10,BRITANNIA,EQ,589.8,608.0,608.0,580.0,590.0,590.15,590.07,8561,505158409999.99994,,,
2000-05-11,BRITANNIA,EQ,590.15,584.0,609.95,551.5,609.95,593.8,581.55,15755,916230490000.0,,,
2000-05-12,BRITANNIA,EQ,593.8,595.0,600.0,565.0,571.0,570.15,579.58,14842,860216735000.0,,,
2000-05-15,BRITANNIA,EQ,570.15,555.0,558.0,525.05,541.0,540.15,540.77,20010,1082087875000.0,,,
2000-05-16,BRITANNIA,EQ,540.15,531.0,545.0,505.15,516.0,515.9,534.61,28934,1546848085000.0,,,
2000-05-17,BRITANNIA,EQ,515.9,530.0,540.0,488.0,513.75,512.0,507.46,24727,1254801565000.0,,,
2000-05-18,BRITANNIA,EQ,512.0,513.75,514.95,502.0,510.75,510.7,508.68,2875,146245510000.0,,,
2000-05-19,BRITANNIA,EQ,510.7,491.0,511.95,485.0,498.0,501.85,501.28,5496,275502635000.0,,,
2000-05-22,BRITANNIA,EQ,501.85,481.1,502.7,481.1,499.9,499.05,497.24,4529,225199900000.0,,,
2000-05-23,BRITANNIA,EQ,499.05,500.0,504.8,493.0,500.0,499.65,499.54,22684,1133165295000.0,,,
2000-05-24,BRITANNIA,EQ,499.65,495.0,507.9,490.0,504.9,501.75,500.85,5753,288137150000.0,,,
2000-05-25,BRITANNIA,EQ,501.75,501.0,535.0,501.0,509.05,509.9,507.47,10167,515944059999.99994,,,
2000-05-26,BRITANNIA,EQ,509.9,510.0,550.7,504.2,550.0,549.55,522.12,30464,1590585005000.0,,,
2000-05-29,BRITANNIA,EQ,549.55,559.0,590.0,550.0,586.25,584.2,575.23,23693,1362888400000.0,,,
2000-05-30,BRITANNIA,EQ,584.2,594.95,605.0,572.0,595.0,598.4,591.06,17774,1050542260000.0,,,
2000-05-31,BRITANNIA,EQ,598.4,600.0,635.0,592.5,615.05,620.25,616.64,24362,1502252025000.0,,,
2000-06-01,BRITANNIA,EQ,620.25,600.0,614.3,600.0,607.0,607.15,610.09,9868,602032940000.0,,,
2000-06-02,BRITANNIA,EQ,607.15,600.0,627.0,590.0,622.0,619.95,615.22,11715,720728965000.0,,,
2000-06-05,BRITANNIA,EQ,619.95,629.0,647.0,610.0,611.0,612.8,628.79,7752,487441075000.0,,,
2000-06-06,BRITANNIA,EQ,612.8,612.0,619.05,600.25,607.0,613.0,610.32,6271,382729870000.0,,,
2000-06-07,BRITANNIA,EQ,613.0,606.0,610.0,598.0,603.0,602.15,603.02,5470,329851765000.0,,,
2000-06-08,BRITANNIA,EQ,602.15,604.0,604.0,584.0,594.0,591.6,592.88,4839,286896230000.0,,,
2000-06-09,BRITANNIA,EQ,591.6,586.0,603.0,585.0,589.0,589.0,591.41,3524,208412005000.0,,,
2000-06-12,BRITANNIA,EQ,589.0,594.0,594.0,583.0,583.0,586.15,588.79,2057,121114264999.99998,,,
2000-06-13,BRITANNIA,EQ,586.15,600.0,600.0,575.0,580.05,584.9,584.48,4525,264475010000.0,,,
2000-06-14,BRITANNIA,EQ,584.9,595.0,630.0,591.0,620.0,619.7,615.15,16946,1042440244999.9999,,,
2000-06-15,BRITANNIA,EQ,619.7,605.0,622.0,601.0,615.25,613.2,611.04,8592,525002895000.0,,,
2000-06-16,BRITANNIA,EQ,613.2,619.0,619.0,608.0,610.0,609.55,609.94,3675,224152379999.99997,,,
2000-06-19,BRITANNIA,EQ,609.55,615.0,621.0,595.0,604.0,603.95,608.01,5192,315679585000.0,,,
2000-06-20,BRITANNIA,EQ,603.95,609.0,609.0,595.0,595.5,599.65,599.02,4035,241706470000.00003,,,
2000-06-21,BRITANNIA,EQ,599.65,590.05,610.0,585.0,591.0,589.35,591.56,13283,785773875000.0,,,
2000-06-22,BRITANNIA,EQ,589.35,594.4,596.75,572.5,589.0,592.55,583.61,5451,318127295000.0,,,
2000-06-23,BRITANNIA,EQ,592.55,589.0,590.0,578.0,584.0,580.35,584.39,2442,142707365000.0,,,
2000-06-26,BRITANNIA,EQ,580.35,582.0,582.0,565.0,571.0,572.4,576.56,29469,1699064689999.9998,,,
2000-06-27,BRITANNIA,EQ,572.4,570.0,585.35,570.0,575.0,576.55,579.74,8044,466344125000.0,,,
2000-06-28,BRITANNIA,EQ,576.55,585.0,593.0,580.1,593.0,591.35,586.47,1992,116824689999.99998,,,
2000-06-29,BRITANNIA,EQ,591.35,592.0,613.5,591.1,612.0,609.0,605.19,7448,450745265000.00006,,,
2000-06-30,BRITANNIA,EQ,609.0,609.0,609.0,594.5,599.0,596.85,602.23,4922,296415540000.0,,,
2000-07-03,BRITANNIA,EQ,596.85,615.0,620.0,604.0,610.0,612.7,611.98,8047,492456820000.0,,,
2000-07-04,BRITANNIA,EQ,612.7,592.0,625.0,592.0,620.0,619.05,617.74,9677,597782820000.0,,,
2000-07-05,BRITANNIA,EQ,619.05,620.0,629.25,612.55,614.0,617.9,619.79,4029,249713065000.0,,,
2000-07-06,BRITANNIA,EQ,617.9,611.0,616.0,600.0,609.0,609.0,608.22,3794,230756954999.99997,,,
2000-07-07,BRITANNIA,EQ,609.0,600.05,618.0,600.05,618.0,614.95,610.98,14606,892392544999.9999,,,
2000-07-10,BRITANNIA,EQ,614.95,609.25,630.0,609.25,620.05,617.25,619.85,9352,579685180000.0,,,
2000-07-11,BRITANNIA,EQ,617.25,615.0,639.8,610.0,628.5,628.65,626.61,10654,667590205000.0,,,
2000-07-12,BRITANNIA,EQ,628.65,640.0,659.0,635.0,644.9,643.75,645.97,18175,1174056650000.0,,,
2000-07-13,BRITANNIA,EQ,643.75,652.0,653.0,638.0,652.0,649.95,648.29,34426,2231799135000.0,,,
2000-07-14,BRITANNIA,EQ,649.95,654.9,689.0,649.2,674.0,670.55,661.83,104763,6933546509999.999,,,
2000-07-17,BRITANNIA,EQ,670.55,680.0,683.9,660.0,680.0,678.3,674.1,30077,2027504560000.0002,,,
2000-07-18,BRITANNIA,EQ,678.3,680.0,680.0,665.2,673.1,676.1,673.93,22386,1508654835000.0,,,
2000-07-19,BRITANNIA,EQ,676.1,678.0,678.0,665.0,675.0,672.9,671.66,11900,799274780000.0,,,
2000-07-20,BRITANNIA,EQ,672.9,672.0,672.0,663.0,666.0,666.05,666.11,8007,533352159999.99994,,,
2000-07-21,BRITANNIA,EQ,666.05,660.0,665.0,650.0,655.0,651.65,656.13,7499,492034940000.00006,,,
2000-07-24,BRITANNIA,EQ,651.65,642.3,645.0,626.0,636.0,637.0,634.13,10855,688347770000.0,,,
2000-07-25,BRITANNIA,EQ,637.0,625.0,664.0,620.05,658.0,654.85,645.02,9426,608000195000.0,,,
2000-07-26,BRITANNIA,EQ,654.85,674.0,680.0,658.0,675.0,672.15,671.0,17511,1174987430000.0,,,
2000-07-27,BRITANNIA,EQ,672.15,677.0,677.25,662.0,674.0,672.05,669.31,12501,836700855000.0,,,
2000-07-28,BRITANNIA,EQ,672.05,670.0,679.0,665.0,675.9,675.5,670.28,77529,5196576325000.0,,,
2000-07-31,BRITANNIA,EQ,675.5,678.0,724.0,673.5,711.8,715.05,700.51,26394,1848936139999.9998,,,
2000-08-01,BRITANNIA,EQ,715.05,710.0,715.0,685.0,697.0,699.55,696.9,15229,1061307290000.0,,,
2000-08-02,BRITANNIA,EQ,699.55,689.0,690.0,657.05,682.0,679.95,673.46,9647,649685605000.0,,,
2000-08-03,BRITANNIA,EQ,679.95,682.0,682.0,671.0,676.75,675.8,674.36,2663,179583180000.0,,,
2000-08-04,BRITANNIA,EQ,675.8,671.0,680.0,665.0,676.5,678.85,674.57,5989,403997105000.0,,,
2000-08-07,BRITANNIA,EQ,678.85,671.05,674.0,667.0,673.0,671.35,670.53,2304,154491005000.0,,,
2000-08-08,BRITANNIA,EQ,671.35,669.0,690.0,666.0,690.0,686.45,675.95,6145,415373260000.0,,,
2000-08-09,BRITANNIA,EQ,686.45,689.0,710.0,676.0,697.0,697.55,696.96,14784,1030389505000.0001,,,
2000-08-10,BRITANNIA,EQ,697.55,700.0,704.7,685.0,691.0,687.65,692.59,4276,296150000000.0,,,
2000-08-11,BRITANNIA,EQ,687.65,694.0,694.0,680.1,687.0,688.6,686.84,3400,233525629999.99997,,,
2000-08-14,BRITANNIA,EQ,688.6,690.0,709.0,682.0,702.5,703.05,695.15,10393,722473865000.0,,,
2000-08-16,BRITANNIA,EQ,703.05,695.0,705.0,680.1,698.25,702.15,694.59,8421,584912115000.0,,,
2000-08-17,BRITANNIA,EQ,702.15,692.0,696.9,685.0,689.75,689.6,689.53,4879,336420535000.0,,,
2000-08-18,BRITANNIA,EQ,689.6,686.1,694.5,680.0,688.6,690.0,686.76,3908,268387710000.0,,,
2000-08-21,BRITANNIA,EQ,690.0,686.25,691.0,685.0,690.0,689.3,687.91,2021,139026175000.0,,,
2000-08-22,BRITANNIA,EQ,689.3,690.0,690.5,675.0,676.0,681.9,682.8,4987,340510370000.0,,,
2000-08-23,BRITANNIA,EQ,681.9,688.0,688.0,676.0,678.9,679.05,678.83,3252,220754404999.99997,,,
2000-08-24,BRITANNIA,EQ,679.05,676.5,679.9,665.0,672.0,673.8,673.52,2797,188383190000.0,,,
2000-08-25,BRITANNIA,EQ,673.8,665.1,680.0,665.1,675.0,676.2,674.95,7625,514648455000.0,,,
2000-08-28,BRITANNIA,EQ,676.2,688.0,690.0,670.0,675.0,674.0,675.14,3850,259930285000.0,,,
2000-08-29,BRITANNIA,EQ,674.0,661.0,681.0,661.0,680.95,679.75,677.91,3838,260182665000.0,,,
2000-08-30,BRITANNIA,EQ,679.75,683.0,683.0,672.0,675.0,675.05,675.55,3983,269070020000.00003,,,
2000-08-31,BRITANNIA,EQ,675.05,670.5,670.5,666.0,670.0,668.5,669.3,4503,301384630000.0,,,
2000-09-04,BRITANNIA,EQ,668.5,670.1,673.5,651.0,665.0,661.8,666.01,11143,742138950000.0,,,
2000-09-05,BRITANNIA,EQ,661.8,668.0,668.0,652.0,660.0,659.8,658.84,2457,161876905000.0,,,
2000-09-06,BRITANNIA,EQ,659.8,670.0,679.0,650.05,663.0,664.6,665.93,14374,957214294999.9999,,,
2000-09-07,BRITANNIA,EQ,664.6,671.0,671.0,660.0,660.0,661.2,666.06,14245,948801700000.0,,,
2000-09-08,BRITANNIA,EQ,661.2,641.5,663.95,640.05,648.0,649.9,650.27,17186,1117562060000.0,,,
2000-09-11,BRITANNIA,EQ,649.9,650.0,650.0,636.1,645.0,646.05,645.04,7886,508678440000.00006,,,
2000-09-12,BRITANNIA,EQ,646.05,634.0,646.0,625.0,625.0,626.1,633.4,6911,437739609999.99994,,,
2000-09-13,BRITANNIA,EQ,626.1,638.0,639.5,630.0,635.0,632.1,632.2,20639,1304794975000.0,,,
2000-09-14,BRITANNIA,EQ,632.1,638.75,649.8,634.1,647.75,642.65,643.98,6596,424769405000.0,,,
2000-09-15,BRITANNIA,EQ,642.65,649.8,649.8,633.45,639.95,636.5,641.43,3244,208078725000.0,,,
2000-09-18,BRITANNIA,EQ,636.5,640.0,655.0,627.0,640.0,644.3,642.01,13665,877307125000.0,,,
2000-09-19,BRITANNIA,EQ,644.3,644.9,666.0,631.1,665.0,657.85,653.64,12267,801825040000.0,,,
2000-09-20,BRITANNIA,EQ,657.85,675.0,710.0,665.5,710.0,689.0,680.46,14697,1000068805000.0001,,,
2000-09-21,BRITANNIA,EQ,689.0,701.0,708.5,682.0,693.0,693.8,698.04,15430,1077078244999.9999,,,
2000-09-22,BRITANNIA,EQ,693.8,670.0,684.0,663.0,679.0,678.5,675.59,7035,475274640000.00006,,,
2000-09-25,BRITANNIA,EQ,678.5,670.0,694.0,655.05,679.5,678.4,675.38,8411,568065005000.0,,,
2000-09-26,BRITANNIA,EQ,678.4,672.0,675.0,665.0,668.05,670.35,671.35,7699,516870450000.0,,,
2000-09-27,BRITANNIA,EQ,670.35,653.5,670.0,653.5,669.9,667.8,665.28,4980,331311125000.0,,,
2000-09-28,BRITANNIA,EQ,667.8,695.0,695.0,660.0,660.7,660.7,665.84,2617,174250665000.0,,,
2000-09-29,BRITANNIA,EQ,660.7,676.0,676.0,655.1,660.0,659.85,659.63,3294,217282320000.00003,,,
2000-10-03,BRITANNIA,EQ,659.85,651.0,669.9,651.0,655.85,653.1,655.57,3727,244332215000.0,,,
2000-10-04,BRITANNIA,EQ,653.1,650.0,669.9,650.0,663.0,663.15,660.36,3676,242747079999.99997,,,
2000-10-05,BRITANNIA,EQ,663.15,667.0,695.0,660.1,680.0,681.15,676.31,6164,416875135000.0,,,
2000-10-06,BRITANNIA,EQ,681.15,685.0,695.0,676.6,685.0,685.85,686.42,8201,562934990000.0,,,
2000-10-09,BRITANNIA,EQ,685.85,688.0,707.0,681.1,700.0,701.9,693.16,10892,754992135000.0,,,
2000-10-10,BRITANNIA,EQ,701.9,692.0,700.0,692.0,700.0,698.15,697.32,18649,1300423535000.0,,,
2000-10-11,BRITANNIA,EQ,698.15,710.0,716.2,676.0,700.0,698.85,695.7,24049,1673093960000.0,,,
2000-10-12,BRITANNIA,EQ,698.85,692.0,710.0,691.5,703.5,706.45,701.63,16154,1133414630000.0,,,
2000-10-13,BRITANNIA,EQ,706.45,700.0,763.0,697.25,703.5,747.1,728.59,40211,2929734490000.0,,,
2000-10-16,BRITANNIA,EQ,747.1,774.5,780.0,751.25,769.0,769.1,768.73,35198,2705793010000.0,,,
2000-10-17,BRITANNIA,EQ,769.1,770.0,770.0,740.0,740.0,762.7,759.74,27822,2113755585000.0002,,,
2000-10-18,BRITANNIA,EQ,762.7,745.0,762.0,722.0,752.15,752.7,743.57,20029,1489290390000.0,,,
2000-10-19,BRITANNIA,EQ,752.7,750.0,755.0,736.6,750.0,746.95,746.75,5453,407201605000.0,,,
2000-10-20,BRITANNIA,EQ,746.95,731.0,805.9,731.0,746.0,745.8,754.76,17364,1310559250000.0,,,
2000-10-23,BRITANNIA,EQ,745.8,736.0,755.0,736.0,743.0,744.75,745.57,8153,607864655000.0,,,
2000-10-24,BRITANNIA,EQ,744.75,737.0,775.0,737.0,775.0,759.3,751.0,12136,911412130000.0001,,,
2000-10-25,BRITANNIA,EQ,759.3,758.5,760.05,746.1,750.0,750.15,750.5,13748,1031780819999.9999,,,
2000-10-26,BRITANNIA,EQ,750.15,756.0,758.0,752.0,752.25,752.9,754.72,1815,136981064999.99998,,,
2000-10-27,BRITANNIA,EQ,752.9,745.0,812.9,745.0,755.0,751.65,761.44,6388,486405280000.0,,,
2000-10-30,BRITANNIA,EQ,751.65,751.0,770.0,751.0,760.0,759.45,764.52,9960,761461445000.0,,,
2000-10-31,BRITANNIA,EQ,759.45,753.0,762.5,753.0,762.0,756.35,756.07,10448,789938050000.0,,,
2000-11-01,BRITANNIA,EQ,756.35,774.0,792.0,765.1,777.5,776.35,778.58,35814,2788392695000.0,,,
2000-11-02,BRITANNIA,EQ,776.35,784.0,808.0,780.0,800.0,804.1,798.53,77434,6183352175000.0,,,
2000-11-03,BRITANNIA,EQ,804.1,809.0,816.0,798.0,800.2,803.4,802.94,27445,2203663805000.0,,,
2000-11-06,BRITANNIA,EQ,803.4,800.0,815.0,799.0,800.1,800.5,802.5,11562,927855975000.0,,,
2000-11-07,BRITANNIA,EQ,800.5,810.0,810.0,800.0,802.6,804.05,803.89,13797,1109127570000.0,,,
2000-11-08,BRITANNIA,EQ,804.05,802.0,820.0,801.0,807.0,809.5,809.41,15974,1292955950000.0,,,
2000-11-09,BRITANNIA,EQ,809.5,800.5,809.5,800.0,800.5,800.75,801.87,5150,412962770000.0,,,
2000-11-10,BRITANNIA,EQ,800.75,806.0,806.0,799.1,802.05,803.1,802.13,15497,1243053175000.0,,,
2000-11-13,BRITANNIA,EQ,803.1,800.0,805.0,793.75,796.25,797.85,800.13,57271,4582433430000.0,,,
2000-11-14,BRITANNIA,EQ,797.85,794.2,810.0,790.0,810.0,804.3,798.91,15264,1219457355000.0,,,
2000-11-15,BRITANNIA,EQ,804.3,807.0,807.0,791.5,794.85,793.6,796.61,5300,422202920000.0,,,
2000-11-16,BRITANNIA,EQ,793.6,792.0,801.1,784.9,800.0,799.15,795.13,7493,595791810000.0,,,
2000-11-17,BRITANNIA,EQ,799.15,800.0,818.0,800.0,813.1,814.75,812.82,22535,1831695585000.0002,,,
2000-11-20,BRITANNIA,EQ,814.75,815.0,819.0,810.5,816.0,815.8,815.02,7342,598386405000.0,,,
2000-11-21,BRITANNIA,EQ,815.8,812.0,819.0,810.0,812.0,816.0,814.29,10358,843442619999.9999,,,
2000-11-22,BRITANNIA,EQ,816.0,802.0,810.0,800.0,800.0,801.45,802.64,15094,1211510010000.0,,,
2000-11-23,BRITANNIA,EQ,801.45,800.0,808.5,798.0,808.5,807.1,803.52,6909,555153980000.0,,,
2000-11-24,BRITANNIA,EQ,807.1,811.0,812.4,802.15,809.0,810.25,809.67,9345,756634075000.0,,,
2000-11-27,BRITANNIA,EQ,810.25,807.25,831.65,807.25,820.0,819.65,821.39,21635,1777084470000.0,,,
2000-11-28,BRITANNIA,EQ,819.65,823.0,827.0,821.0,825.6,826.0,824.5,12392,1021715915000.0,,,
2000-11-29,BRITANNIA,EQ,826.0,803.5,830.0,803.5,822.0,821.6,820.67,12671,1039873110000.0,,,
2000-11-30,BRITANNIA,EQ,821.6,834.9,834.9,818.5,832.95,830.65,827.16,18376,1519981165000.0,,,
2000-12-01,BRITANNIA,EQ,830.65,820.0,834.95,816.0,819.9,820.1,821.61,12051,990118910000.0,,,
2000-12-04,BRITANNIA,EQ,820.1,805.0,819.75,785.7,786.5,788.9,797.05,22013,1754548925000.0,,,
2000-12-05,BRITANNIA,EQ,788.9,790.0,800.0,785.0,792.75,793.85,793.49,16420,1302917535000.0,,,
2000-12-06,BRITANNIA,EQ,793.85,794.0,805.0,785.05,785.05,788.95,791.46,10773,852638635000.0,,,
2000-12-07,BRITANNIA,EQ,788.95,789.0,793.7,782.0,788.75,787.8,787.33,4669,367606460000.0,,,
2000-12-08,BRITANNIA,EQ,787.8,783.0,794.0,783.0,791.5,792.8,790.16,7887,623198605000.0,,,
2000-12-11,BRITANNIA,EQ,792.8,794.9,795.0,785.1,788.2,789.55,791.06,4595,363493180000.0,,,
2000-12-12,BRITANNIA,EQ,789.55,788.25,793.95,788.0,791.9,789.6,790.69,6160,487063375000.0,,,
2000-12-13,BRITANNIA,EQ,789.6,751.15,795.0,751.15,793.5,791.85,789.75,2267,179036375000.0,,,
2000-12-14,BRITANNIA,EQ,791.85,786.1,793.1,786.05,786.05,787.75,789.44,11180,882597255000.0001,,,
2000-12-15,BRITANNIA,EQ,787.75,790.0,790.0,775.0,780.95,775.9,779.54,6564,511687655000.0,,,
2000-12-18,BRITANNIA,EQ,775.9,750.0,780.0,725.55,771.95,770.5,772.65,23403,1808230500000.0,,,
2000-12-19,BRITANNIA,EQ,770.5,779.0,779.0,750.05,750.05,761.55,770.66,18299,1410226750000.0,,,
2000-12-20,BRITANNIA,EQ,761.55,752.0,772.85,752.0,770.0,771.35,768.98,2467,189707340000.0,,,
2000-12-21,BRITANNIA,EQ,771.35,776.0,776.0,750.0,758.0,759.35,757.76,15685,1188542440000.0,,,
2000-12-22,BRITANNIA,EQ,759.35,762.0,763.9,750.0,761.0,756.1,754.1,3876,292290745000.0,,,
2000-12-26,BRITANNIA,EQ,756.1,790.0,790.0,750.0,755.2,758.25,755.66,4958,374654835000.0,,,
2000-12-27,BRITANNIA,EQ,758.25,767.0,780.0,765.65,774.5,775.05,773.83,5338,413069370000.0,,,
2000-12-28,BRITANNIA,EQ,775.05,769.0,797.85,768.5,786.0,789.4,782.78,8360,654407365000.0,,,
2000-12-29,BRITANNIA,EQ,789.4,800.0,806.65,780.2,797.2,802.4,796.15,6809,542099134999.99994,,,
2001-01-01,BRITANNIA,EQ,802.4,820.0,824.0,792.15,803.95,798.75,806.17,6141,495066345000.0,,,
2001-01-02,BRITANNIA,EQ,798.75,795.0,815.5,791.0,805.0,799.95,796.58,5878,468230170000.0,,,
2001-01-03,BRITANNIA,EQ,799.95,804.8,811.0,790.0,807.0,807.1,801.76,7576,607411855000.0,,,
2001-01-04,BRITANNIA,EQ,807.1,814.0,814.0,790.0,798.0,793.15,804.75,8133,654504330000.0,,,
2001-01-05,BRITANNIA,EQ,793.15,792.0,807.0,792.0,807.0,803.05,800.32,8885,711085330000.0,,,
2001-01-08,BRITANNIA,EQ,803.05,807.0,816.0,802.0,814.75,813.85,813.54,23224,1889361489999.9998,,,
2001-01-09,BRITANNIA,EQ,813.85,819.9,819.9,800.0,800.0,804.3,805.82,4825,388808300000.0,,,
2001-01-10,BRITANNIA,EQ,804.3,815.0,815.0,791.0,795.25,795.2,802.23,6707,538055495000.0,,,
2001-01-11,BRITANNIA,EQ,795.2,775.0,801.0,775.0,791.1,797.0,797.4,11958,953530205000.0001,,,
2001-01-12,BRITANNIA,EQ,797.0,783.5,798.75,783.5,790.0,786.3,790.13,13803,1090611015000.0,,,
2001-01-15,BRITANNIA,EQ,786.3,780.0,790.0,773.0,789.0,787.85,786.08,2154,169321040000.0,,,
2001-01-16,BRITANNIA,EQ,787.85,789.9,790.0,775.0,781.0,777.15,780.79,5837,455747895000.0,,,
2001-01-17,BRITANNIA,EQ,777.15,785.0,785.0,760.0,781.0,782.15,781.24,1723,134607445000.0,,,
2001-01-18,BRITANNIA,EQ,782.15,768.15,782.45,768.0,775.0,772.35,774.51,1948,150875010000.0,,,
2001-01-19,BRITANNIA,EQ,772.35,770.0,810.0,765.25,790.0,799.7,798.64,44907,3586443950000.0,,,
2001-01-22,BRITANNIA,EQ,799.7,780.0,800.0,780.0,785.0,781.15,785.69,3472,272792725000.0,,,
2001-01-23,BRITANNIA,EQ,781.15,780.0,783.95,761.0,766.05,768.4,772.65,4261,329228170000.0,,,
2001-01-24,BRITANNIA,EQ,768.4,760.5,785.0,760.5,769.0,767.8,769.84,10123,779313125000.0,,,
2001-01-25,BRITANNIA,EQ,767.8,766.0,772.9,760.0,763.0,763.6,764.4,8720,666558985000.0,,,
2001-01-29,BRITANNIA,EQ,763.6,775.0,775.0,750.0,762.0,761.4,759.95,5030,382254365000.0,,,
2001-01-30,BRITANNIA,EQ,761.4,728.0,780.0,728.0,772.0,774.6,772.37,12858,993109850000.0,,,
2001-01-31,BRITANNIA,EQ,774.6,795.0,800.0,770.0,792.25,797.55,792.35,16803,1331379420000.0,,,
2001-02-01,BRITANNIA,EQ,797.55,799.9,800.05,787.0,796.05,795.05,795.13,22197,1764950250000.0,,,
2001-02-02,BRITANNIA,EQ,795.05,795.0,800.0,792.0,798.0,796.5,796.54,3845,306268670000.0,,,
2001-02-05,BRITANNIA,EQ,796.5,803.0,803.0,771.0,778.0,775.2,793.85,49539,3932647215000.0,,,
2001-02-06,BRITANNIA,EQ,775.2,766.05,785.0,765.25,772.25,773.85,773.59,6828,528207425000.0,,,
2001-02-07,BRITANNIA,EQ,773.85,716.1,793.0,716.1,773.3,768.75,772.21,5410,417764685000.0,,,
2001-02-08,BRITANNIA,EQ,768.75,779.9,785.0,761.0,781.0,780.55,780.13,7496,584787195000.0,,,
2001-02-09,BRITANNIA,EQ,780.55,765.0,788.0,765.0,774.0,773.5,776.0,3471,269350835000.0,,,
2001-02-12,BRITANNIA,EQ,773.5,784.0,807.5,771.0,800.0,797.95,797.29,28841,2299459780000.0,,,
2001-02-13,BRITANNIA,EQ,797.95,807.9,807.9,790.0,798.0,796.25,796.05,38983,3103247690000.0,,,
2001-02-14,BRITANNIA,EQ,796.25,805.0,823.0,797.25,810.95,807.7,805.12,53351,4295379390000.0,,,
2001-02-15,BRITANNIA,EQ,807.7,814.0,816.9,805.0,809.0,812.6,811.49,47738,3873908465000.0,,,
2001-02-16,BRITANNIA,EQ,812.6,801.0,814.0,801.0,805.2,807.1,808.68,11559,934756935000.0,,,
2001-02-19,BRITANNIA,EQ,807.1,798.0,813.0,795.0,812.0,810.35,805.99,8236,663813220000.0,,,
2001-02-20,BRITANNIA,EQ,810.35,806.0,811.0,800.0,801.0,801.0,803.47,8049,646713515000.0,,,
2001-02-21,BRITANNIA,EQ,801.0,781.0,805.5,781.0,795.0,794.9,797.37,2759,219995500000.0,,,
2001-02-22,BRITANNIA,EQ,794.9,789.0,804.8,785.6,788.0,790.25,791.99,4623,366139230000.0,,,
2001-02-23,BRITANNIA,EQ,790.25,788.1,792.0,776.0,778.5,781.6,782.97,5270,412622620000.0,,,
2001-02-26,BRITANNIA,EQ,781.6,770.2,780.0,728.0,772.35,774.0,760.33,5661,430425165000.00006,,,
2001-02-27,BRITANNIA,EQ,774.0,763.05,795.0,763.05,770.2,779.25,772.17,5875,453648080000.0,,,
2001-02-28,BRITANNIA,EQ,779.25,720.0,800.0,720.0,725.0,733.7,762.16,16612,1266099640000.0,,,
2001-03-01,BRITANNIA,EQ,733.7,721.5,724.9,681.0,704.0,707.9,703.71,60400,4250404920000.0005,,,
2001-03-02,BRITANNIA,EQ,707.9,733.0,733.0,690.25,726.0,717.9,713.62,15339,1094627885000.0,,,
2001-03-05,BRITANNIA,EQ,717.9,709.0,725.0,708.0,722.0,717.5,715.44,15099,1080235515000.0,,,
2001-03-07,BRITANNIA,EQ,717.5,717.55,720.0,700.1,708.0,707.75,708.05,6932,490821259999.99994,,,
2001-03-08,BRITANNIA,EQ,707.75,719.85,719.85,681.05,700.0,699.55,698.65,5582,389985605000.0,,,
2001-03-09,BRITANNIA,EQ,699.55,685.0,749.0,671.25,692.0,695.1,691.14,5398,373075430000.0,,,
2001-03-12,BRITANNIA,EQ,695.1,675.0,703.75,675.0,697.0,685.0,685.36,1508,103351735000.0,,,
2001-03-13,BRITANNIA,EQ,685.0,676.0,735.0,645.0,666.0,661.85,666.07,5724,381258395000.0,,,
2001-03-14,BRITANNIA,EQ,661.85,659.0,699.0,659.0,672.5,671.5,672.39,2367,159155655000.0,,,
2001-03-15,BRITANNIA,EQ,671.5,694.9,694.9,662.0,686.0,684.2,676.4,980,66286710000.0,,,
2001-03-16,BRITANNIA,EQ,684.2,680.0,685.0,665.5,672.0,668.45,675.39,1274,86045115000.0,,,
2001-03-19,BRITANNIA,EQ,668.45,660.0,683.0,656.0,667.0,668.15,666.62,680,45330210000.0,,,
2001-03-20,BRITANNIA,EQ,668.15,681.0,681.0,652.3,671.65,666.4,660.65,2210,146002685000.0,,,
2001-03-21,BRITANNIA,EQ,666.4,669.0,670.0,661.0,669.9,669.35,666.65,317,21132835000.0,,,
2001-03-22,BRITANNIA,EQ,669.35,671.0,698.0,668.0,698.0,687.5,676.87,4738,320699850000.0,,,
2001-03-23,BRITANNIA,EQ,687.5,680.0,684.0,670.0,670.0,671.35,673.1,2835,190822830000.0,,,
2001-03-26,BRITANNIA,EQ,671.35,690.0,690.0,652.5,665.15,665.65,665.71,637,42405525000.0,,,
2001-03-27,BRITANNIA,EQ,665.65,651.0,680.0,651.0,680.0,675.95,672.14,1966,132142655000.0,,,
2001-03-28,BRITANNIA,EQ,675.95,729.9,729.9,674.5,694.75,694.55,693.64,7222,500949934999.99994,,,
2001-03-29,BRITANNIA,EQ,694.55,673.0,699.0,673.0,694.95,694.9,692.61,18291,1266853060000.0,,,
2001-03-30,BRITANNIA,EQ,694.9,715.0,729.0,680.3,699.0,699.05,698.66,8464,591345995000.0,,,
2001-04-02,BRITANNIA,EQ,699.05,680.0,695.0,673.0,678.6,682.55,681.31,4363,297254655000.0,,,
2001-04-03,BRITANNIA,EQ,682.55,657.0,693.0,657.0,684.05,686.95,675.04,8142,549614795000.0,,,
2001-04-04,BRITANNIA,EQ,686.95,676.0,690.0,676.0,688.95,685.95,686.61,8141,558966055000.0,,,
2001-04-06,BRITANNIA,EQ,685.95,663.55,687.8,663.55,669.0,671.1,675.56,580,39182600000.0,,,
2001-04-09,BRITANNIA,EQ,671.1,674.25,709.8,660.35,678.5,686.7,674.24,3213,216632065000.0,,,
2001-04-10,BRITANNIA,EQ,686.7,680.0,687.0,662.0,680.9,679.4,673.53,1473,99210295000.0,,,
2001-04-11,BRITANNIA,EQ,679.4,678.0,678.0,655.55,664.0,663.45,663.9,1568,104098950000.0,,,
2001-04-12,BRITANNIA,EQ,663.45,631.95,684.0,631.95,677.0,673.4,659.18,3745,246864495000.00003,,,
2001-04-16,BRITANNIA,EQ,673.4,684.0,684.0,658.4,672.0,670.9,664.26,4180,277661725000.0,,,
2001-04-17,BRITANNIA,EQ,670.9,680.0,685.0,665.25,685.0,682.05,679.12,6430,436674240000.00006,,,
2001-04-18,BRITANNIA,EQ,682.05,675.0,688.0,675.0,688.0,685.05,684.15,6978,477400034999.99994,,,
2001-04-19,BRITANNIA,EQ,685.05,677.0,700.0,677.0,694.95,694.45,692.94,9082,629326830000.0,,,
2001-04-20,BRITANNIA,EQ,694.45,675.0,695.6,640.0,695.6,693.25,691.5,8020,554583470000.0,,,
2001-04-23,BRITANNIA,EQ,693.25,690.0,696.0,680.1,696.0,694.05,692.66,5002,346466485000.0,,,
2001-04-24,BRITANNIA,EQ,694.05,689.0,694.75,687.0,693.9,694.1,692.91,1532,106153335000.00002,,,
2001-04-25,BRITANNIA,EQ,694.1,640.1,714.9,640.1,693.0,686.9,687.72,1207,83007405000.0,,,
2001-04-26,BRITANNIA,EQ,686.9,695.0,701.0,690.05,695.1,700.0,699.34,27053,1891925535000.0002,,,
2001-04-27,BRITANNIA,EQ,700.0,690.0,698.8,675.0,692.0,695.45,691.79,2520,174330510000.0,,,
2001-04-30,BRITANNIA,EQ,695.45,683.25,695.5,683.25,694.1,694.75,693.3,9671,670493380000.0,,,
2001-05-02,BRITANNIA,EQ,694.75,665.0,695.0,665.0,687.0,686.55,694.51,21175,1470621845000.0,,,
2001-05-03,BRITANNIA,EQ,686.55,680.1,692.0,680.1,688.9,688.95,688.56,1358,93507050000.0,,,
2001-05-04,BRITANNIA,EQ,688.95,690.0,690.0,676.0,680.0,681.25,683.18,927,63331244999.99999,,,
2001-05-07,BRITANNIA,EQ,681.25,677.0,683.9,677.0,683.0,680.25,680.68,1230,83723895000.0,,,
2001-05-08,BRITANNIA,EQ,680.25,680.3,684.65,673.05,674.05,674.6,676.55,542,36668945000.0,,,
2001-05-09,BRITANNIA,EQ,674.6,677.35,683.9,672.25,673.9,674.1,674.52,11346,765310360000.0,,,
2001-05-10,BRITANNIA,EQ,674.1,671.0,674.5,670.0,673.9,673.9,672.72,263,17692580000.0,,,
2001-05-11,BRITANNIA,EQ,673.9,664.55,677.0,664.55,677.0,668.9,668.94,589,39400580000.0,,,
2001-05-14,BRITANNIA,EQ,668.9,675.0,676.0,663.4,663.5,663.5,669.17,1630,109074730000.0,,,
2001-05-15,BRITANNIA,EQ,663.5,676.95,681.0,641.05,654.5,648.5,654.68,2877,188350300000.0,,,
2001-05-16,BRITANNIA,EQ,648.5,668.0,668.0,647.0,654.9,650.7,654.59,2725,178376705000.0,,,
2001-05-17,BRITANNIA,EQ,650.7,654.85,658.0,646.0,650.0,647.7,649.1,2728,177073630000.0,,,
2001-05-18,BRITANNIA,EQ,647.7,652.0,657.9,635.0,640.0,637.65,649.39,28757,1867439810000.0002,,,
2001-05-21,BRITANNIA,EQ,637.65,655.0,674.0,628.0,651.5,649.75,656.42,8219,539509725000.0,,,
2001-05-22,BRITANNIA,EQ,649.75,651.0,654.5,631.5,651.0,650.15,648.17,7116,461240155000.0,,,
2001-05-23,BRITANNIA,EQ,650.15,652.0,658.0,651.0,655.9,654.15,654.35,1345,88010505000.0,,,
2001-05-24,BRITANNIA,EQ,654.15,656.0,657.5,654.0,655.0,654.8,655.0,1035,67792325000.0,,,
2001-05-25,BRITANNIA,EQ,654.8,640.7,650.9,640.7,644.0,642.55,642.61,4857,312114660000.0,,,
2001-05-28,BRITANNIA,EQ,642.55,647.0,649.0,637.0,637.0,638.0,643.17,10751,691467555000.0,,,
2001-05-29,BRITANNIA,EQ,638.0,644.95,644.95,630.0,640.0,639.15,638.64,5479,349911135000.0,,,
2001-05-30,BRITANNIA,EQ,639.15,649.75,662.0,636.4,642.5,641.35,648.63,18883,1224801820000.0,,,
2001-05-31,BRITANNIA,EQ,641.35,651.95,651.95,635.0,643.5,642.2,642.04,3222,206865845000.0,,,
2001-06-01,BRITANNIA,EQ,642.2,647.0,650.0,638.0,645.0,641.3,643.07,2665,171377605000.0,,,
2001-06-04,BRITANNIA,EQ,641.3,640.0,640.0,636.0,637.8,638.0,638.09,3988,254471040000.0,,,
2001-06-05,BRITANNIA,EQ,638.0,632.0,633.0,592.55,620.1,619.65,623.63,9290,579348830000.0,,,
2001-06-06,BRITANNIA,EQ,619.65,606.0,636.0,606.0,619.0,615.95,619.3,2662,164856960000.0,,,
2001-06-07,BRITANNIA,EQ,615.95,619.7,619.7,600.0,604.5,606.95,607.11,4355,264396565000.0,,,
2001-06-08,BRITANNIA,EQ,606.95,610.55,631.5,606.75,631.0,628.2,622.1,9732,605428410000.0,,,
2001-06-11,BRITANNIA,EQ,628.2,625.0,633.45,615.2,622.6,618.3,623.28,4057,252866229999.99997,,,
2001-06-12,BRITANNIA,EQ,618.3,630.0,630.0,610.0,627.0,624.5,621.7,16978,1055527530000.0001,,,
2001-06-13,BRITANNIA,EQ,624.5,674.45,674.45,640.0,648.0,643.5,656.64,66321,4354914945000.0005,,,
2001-06-14,BRITANNIA,EQ,643.5,645.0,659.0,645.0,650.0,652.1,650.79,39358,2561372620000.0,,,
2001-06-15,BRITANNIA,EQ,652.1,659.0,666.4,640.0,643.5,646.0,652.37,27898,1819990070000.0,,,
2001-06-18,BRITANNIA,EQ,646.0,638.0,640.0,623.7,627.0,627.05,627.11,19973,1252535175000.0,,,
2001-06-19,BRITANNIA,EQ,627.05,622.0,630.0,622.0,625.1,625.05,625.18,21749,1359714575000.0,,,
2001-06-20,BRITANNIA,EQ,625.05,634.0,634.0,625.0,628.0,628.25,627.72,3475,218132250000.0,,,
2001-06-21,BRITANNIA,EQ,628.25,625.1,630.0,625.0,625.2,625.5,626.0,1798,112555360000.00002,,,
2001-06-22,BRITANNIA,EQ,625.5,625.0,626.0,620.05,625.35,624.05,623.91,2544,158721685000.0,,,
2001-06-25,BRITANNIA,EQ,624.05,625.0,629.7,620.25,620.25,624.0,624.06,22784,1421852220000.0,,,
2001-06-26,BRITANNIA,EQ,624.0,635.0,638.0,615.0,624.0,623.75,623.49,15062,939096580000.0001,,,
2001-06-27,BRITANNIA,EQ,623.75,649.0,649.0,610.2,610.2,614.7,619.47,2368,146691130000.0,,,
2001-06-28,BRITANNIA,EQ,614.7,615.0,619.7,602.05,613.1,613.15,610.97,3252,198687110000.0,,,
2001-06-29,BRITANNIA,EQ,613.15,617.9,617.9,608.5,613.1,613.55,613.83,2328,142898815000.0,,,
2001-07-02,BRITANNIA,EQ,613.55,610.05,628.0,610.05,624.0,621.1,624.83,32123,2007133570000.0,,,
2001-07-03,BRITANNIA,EQ,621.1,610.0,638.0,610.0,623.0,621.95,621.78,30088,1870803564999.9998,,,
2001-07-04,BRITANNIA,EQ,621.95,679.9,679.9,614.25,617.5,615.3,621.21,10956,680602095000.0,,,
2001-07-05,BRITANNIA,EQ,615.3,622.0,622.0,610.0,615.0,614.1,616.1,42644,2627314895000.0,,,
2001-07-06,BRITANNIA,EQ,614.1,620.0,620.0,606.0,610.5,611.05,612.55,995,60948655000.00001,,,
2001-07-09,BRITANNIA,EQ,611.05,675.0,675.0,603.0,609.0,609.1,609.06,9649,587682465000.0,,,
2001-07-10,BRITANNIA,EQ,609.1,600.0,620.0,600.0,611.8,611.35,616.15,1794,110538060000.00002,,,
2001-07-11,BRITANNIA,EQ,611.35,607.0,613.0,606.0,606.1,608.05,608.24,821,49936315000.0,,,
2001-07-12,BRITANNIA,EQ,608.05,607.0,616.0,600.0,600.0,601.05,604.01,16435,992697875000.0,,,
2001-07-13,BRITANNIA,EQ,601.05,603.8,608.0,590.0,606.0,598.9,601.35,3930,236328770000.00003,,,
2001-07-16,BRITANNIA,EQ,598.9,583.0,605.9,583.0,588.0,589.5,594.88,1888,112313100000.0,,,
2001-07-17,BRITANNIA,EQ,589.5,593.0,612.0,585.0,610.95,608.95,598.29,1804,107932364999.99998,,,
2001-07-18,BRITANNIA,EQ,608.95,606.95,606.95,595.0,595.0,596.55,599.92,1216,72949710000.0,,,
2001-07-19,BRITANNIA,EQ,596.55,595.0,598.0,592.25,595.0,596.5,595.78,670,39917510000.0,,,
2001-07-20,BRITANNIA,EQ,596.5,597.0,597.0,580.0,581.1,583.55,581.92,6650,386976360000.0,,,
2001-07-23,BRITANNIA,EQ,583.55,583.75,605.0,580.0,605.0,581.85,581.54,2540,147710650000.0,,,
2001-07-24,BRITANNIA,EQ,581.85,595.0,595.0,585.0,588.0,587.85,589.08,368,21678000000.0,,,
2001-07-25,BRITANNIA,EQ,587.85,595.0,595.0,566.65,566.65,573.35,576.26,31112,1792848075000.0,,,
2001-07-26,BRITANNIA,EQ,573.35,619.0,619.0,555.0,563.0,569.1,570.47,5531,315529115000.0,,,
2001-07-27,BRITANNIA,EQ,569.1,579.0,590.0,574.0,581.0,579.8,580.12,3304,191670170000.0,,,
2001-07-30,BRITANNIA,EQ,579.8,594.5,595.0,578.0,580.25,581.8,588.22,6115,359696350000.0,,,
2001-07-31,BRITANNIA,EQ,581.8,585.0,590.0,572.8,590.0,580.9,577.98,3233,186859970000.0,,,
2001-08-01,BRITANNIA,EQ,580.9,572.05,585.0,572.05,575.0,576.65,577.48,1059,61155535000.0,,,
2001-08-02,BRITANNIA,EQ,576.65,589.5,589.5,566.55,583.0,580.7,580.05,1176,68213540000.0,,,
2001-08-03,BRITANNIA,EQ,580.7,584.95,587.5,582.1,587.0,586.1,586.22,1672,98016590000.0,,,
2001-08-06,BRITANNIA,EQ,586.1,575.0,588.0,575.0,583.0,583.65,583.46,1054,61497085000.0,,,
2001-08-07,BRITANNIA,EQ,583.65,580.0,586.0,577.5,584.0,584.5,581.19,860,49981955000.0,,,
2001-08-08,BRITANNIA,EQ,584.5,583.0,588.75,581.5,586.0,585.9,585.83,6250,366143225000.0,,,
2001-08-09,BRITANNIA,EQ,585.9,584.0,584.85,570.0,570.0,570.45,573.36,1261,72300530000.0,,,
2001-08-10,BRITANNIA,EQ,570.45,560.0,576.9,560.0,569.45,567.3,567.46,1696,96240575000.0,,,
2001-08-13,BRITANNIA,EQ,567.3,552.0,571.0,552.0,561.0,561.6,565.97,1003,56766615000.0,,,
2001-08-14,BRITANNIA,EQ,561.6,570.0,570.0,555.05,558.25,559.6,560.0,893,50008255000.0,,,
2001-08-16,BRITANNIA,EQ,559.6,557.0,558.95,545.0,545.0,545.75,552.19,4943,272945900000.0,,,
2001-08-17,BRITANNIA,EQ,545.75,546.0,552.0,545.0,550.0,549.8,548.69,3398,186443850000.0,,,
2001-08-20,BRITANNIA,EQ,549.8,557.9,557.9,548.3,550.0,549.7,549.94,1527,83976215000.0,,,
2001-08-21,BRITANNIA,EQ,549.7,551.0,552.0,545.3,547.0,548.45,549.12,1080,59304600000.0,,,
2001-08-23,BRITANNIA,EQ,548.45,548.0,556.0,548.0,551.0,551.3,551.98,1807,99742945000.0,,,
2001-08-24,BRITANNIA,EQ,551.3,550.0,554.0,548.05,550.25,551.45,551.74,959,52911560000.0,,,
2001-08-27,BRITANNIA,EQ,551.45,548.0,553.85,545.25,548.1,549.25,548.7,1201,65899100000.0,,,
2001-08-28,BRITANNIA,EQ,549.25,550.65,550.65,545.0,549.95,547.8,547.25,2079,113773860000.00002,,,
2001-08-29,BRITANNIA,EQ,547.8,550.0,559.0,545.0,554.0,551.0,548.9,2602,142823505000.0,,,
2001-08-30,BRITANNIA,EQ,551.0,559.0,559.0,549.5,557.0,557.15,556.06,10502,583974565000.0,,,
2001-08-31,BRITANNIA,EQ,557.15,559.8,567.9,553.0,561.75,563.6,564.43,5817,328329315000.0,,,
2001-09-03,BRITANNIA,EQ,563.6,560.1,567.0,554.0,563.4,563.2,563.38,6404,360789625000.0,,,
2001-09-04,BRITANNIA,EQ,563.2,565.0,574.95,558.0,558.0,560.05,561.09,12337,692222885000.0,,,
2001-09-05,BRITANNIA,EQ,560.05,468.5,568.0,468.5,560.0,559.95,559.09,9396,525321805000.0,,,
2001-09-06,BRITANNIA,EQ,559.95,579.0,579.0,555.0,557.0,558.8,558.0,2287,127615125000.0,,,
2001-09-07,BRITANNIA,EQ,558.8,570.0,570.0,556.25,556.7,558.05,559.46,2995,167559495000.0,,,
2001-09-10,BRITANNIA,EQ,558.05,573.85,573.9,557.0,560.0,560.0,560.23,16220,908685475000.0,,,
2001-09-11,BRITANNIA,EQ,560.0,560.0,565.0,560.0,560.0,563.15,563.96,1254,70720955000.0,,,
2001-09-12,BRITANNIA,EQ,563.15,545.0,568.75,530.0,560.0,563.95,556.54,37735,2100111250000.0,,,
2001-09-13,BRITANNIA,EQ,563.95,561.0,561.0,550.0,556.0,556.15,555.75,1092,60687980000.00001,,,
2001-09-14,BRITANNIA,EQ,556.15,550.0,559.0,540.0,540.0,542.7,552.34,258807,14295031410000.0,,,
2001-09-17,BRITANNIA,EQ,542.7,530.1,545.0,511.25,525.1,525.0,525.85,6930,364413015000.0,,,
2001-09-18,BRITANNIA,EQ,525.0,536.7,536.7,495.0,510.0,507.95,509.66,9116,464603515000.00006,,,
2001-09-19,BRITANNIA,EQ,507.95,510.0,514.0,508.0,509.45,508.05,510.73,23401,1195159120000.0,,,
2001-09-20,BRITANNIA,EQ,508.05,519.9,519.9,498.0,498.0,499.95,500.98,18674,935538050000.0,,,
2001-09-21,BRITANNIA,EQ,499.95,500.0,519.0,491.0,501.5,496.2,496.28,53798,2669895565000.0,,,
2001-09-24,BRITANNIA,EQ,496.2,485.0,515.0,460.0,509.9,510.0,503.63,3298,166097355000.0,,,
2001-09-25,BRITANNIA,EQ,510.0,493.0,529.9,493.0,510.0,506.9,504.81,2920,147405215000.0,,,
2001-09-26,BRITANNIA,EQ,506.9,497.0,520.0,497.0,507.0,506.35,506.19,3692,186887160000.0,,,
2001-09-27,BRITANNIA,EQ,506.35,501.0,517.0,495.0,509.0,509.35,501.25,5926,297038245000.0,,,
2001-09-28,BRITANNIA,EQ,509.35,505.0,510.0,500.1,504.8,504.9,505.76,2042,103275580000.0,,,
2001-10-01,BRITANNIA,EQ,504.9,500.0,524.45,499.1,505.0,501.75,505.8,2604,131709135000.00002,,,
2001-10-03,BRITANNIA,EQ,501.75,502.85,504.85,496.1,500.0,500.65,500.85,689,34508505000.0,,,
2001-10-04,BRITANNIA,EQ,500.65,507.75,507.75,500.0,500.05,500.45,502.8,1088,54704735000.0,,,
2001-10-05,BRITANNIA,EQ,500.45,501.1,506.7,501.1,503.55,505.0,503.61,583,29360750000.0,,,
2001-10-08,BRITANNIA,EQ,505.0,505.0,508.95,500.0,508.0,505.75,504.68,1744,88017060000.0,,,
2001-10-09,BRITANNIA,EQ,505.75,501.55,508.8,501.55,506.0,506.1,506.51,914,46295295000.0,,,
2001-10-10,BRITANNIA,EQ,506.1,510.0,510.0,502.6,508.0,508.05,507.79,848,43060860000.0,,,
2001-10-11,BRITANNIA,EQ,508.05,500.5,511.5,500.5,508.0,508.45,508.97,1703,86676875000.0,,,
2001-10-12,BRITANNIA,EQ,508.45,502.05,516.5,501.1,507.25,506.15,506.92,3480,176409365000.0,,,
2001-10-15,BRITANNIA,EQ,506.15,508.0,512.0,508.0,508.0,508.65,509.45,2205,112334370000.0,,,
2001-10-16,BRITANNIA,EQ,508.65,507.0,511.8,505.0,511.8,510.4,508.63,576,29297115000.000004,,,
2001-10-17,BRITANNIA,EQ,510.4,511.8,511.8,501.1,510.0,508.1,508.35,2560,130138125000.0,,,
2001-10-18,BRITANNIA,EQ,508.1,501.55,508.0,501.55,505.1,506.25,506.59,889,45035440000.0,,,
2001-10-19,BRITANNIA,EQ,506.25,506.05,510.0,501.0,501.0,502.9,504.76,1963,99085095000.0,,,
2001-10-22,BRITANNIA,EQ,502.9,507.0,509.9,505.0,509.45,507.2,507.21,254,12883095000.0,,,
2001-10-23,BRITANNIA,EQ,507.2,510.0,514.0,509.0,510.0,510.0,512.09,1276,65342285000.0,,,
2001-10-24,BRITANNIA,EQ,510.0,514.55,514.55,505.0,511.5,508.55,509.49,1215,61902844999.99999,,,
2001-10-25,BRITANNIA,EQ,508.55,475.1,520.0,475.1,520.0,516.0,507.15,1676,84998695000.0,,,
2001-10-29,BRITANNIA,EQ,516.0,552.0,552.0,502.0,508.5,517.3,521.94,13801,720327665000.0,,,
2001-10-30,BRITANNIA,EQ,517.3,520.0,523.9,518.0,518.0,520.0,520.01,26613,1383915265000.0,,,
2001-10-31,BRITANNIA,EQ,520.0,515.25,552.0,515.25,523.5,529.05,531.78,4413,234674054999.99997,,,
2001-11-01,BRITANNIA,EQ,529.05,523.5,540.0,523.5,538.0,535.05,534.75,7062,377639785000.0,,,
2001-11-02,BRITANNIA,EQ,535.05,536.0,565.0,536.0,560.0,560.3,556.44,10575,588437250000.0,,,
2001-11-05,BRITANNIA,EQ,560.3,558.0,559.5,547.0,549.95,548.6,551.58,9683,534096484999.99994,,,
2001-11-06,BRITANNIA,EQ,548.6,547.05,555.0,547.05,551.0,551.6,552.1,12468,688352125000.0,,,
2001-11-07,BRITANNIA,EQ,551.6,552.0,564.9,541.1,555.0,555.0,554.04,1652,91527045000.0,,,
2001-11-08,BRITANNIA,EQ,555.0,558.0,569.0,555.0,565.0,564.3,559.77,6231,348793855000.0,,,
2001-11-09,BRITANNIA,EQ,564.3,564.0,568.0,557.35,565.0,565.2,563.17,2404,135385145000.0,,,
2001-11-12,BRITANNIA,EQ,565.2,570.0,590.0,567.5,590.0,581.35,579.67,6318,366235065000.0,,,
2001-11-13,BRITANNIA,EQ,581.35,594.9,594.9,570.0,571.8,570.05,570.68,10338,589969310000.0,,,
2001-11-14,BRITANNIA,EQ,570.05,575.0,584.9,572.05,583.0,579.95,578.57,613,35466085000.0,,,
2001-11-15,BRITANNIA,EQ,579.95,584.85,584.85,573.05,575.0,576.9,576.39,414,23862485000.0,,,
2001-11-19,BRITANNIA,EQ,576.9,575.0,582.0,570.0,575.0,575.0,574.46,3294,189227670000.0,,,
2001-11-20,BRITANNIA,EQ,575.0,575.0,575.0,520.1,561.0,545.35,558.37,5697,318103930000.0,,,
2001-11-21,BRITANNIA,EQ,545.35,564.0,568.9,555.1,565.0,565.0,562.92,3806,214245585000.0,,,
2001-11-22,BRITANNIA,EQ,565.0,570.0,575.0,565.0,565.1,565.5,568.08,3158,179399390000.0,,,
2001-11-23,BRITANNIA,EQ,565.5,576.0,577.0,567.05,569.0,568.45,571.29,1645,93977825000.0,,,
2001-11-26,BRITANNIA,EQ,568.45,563.3,572.0,563.3,572.0,569.25,569.4,1433,81595645000.0,,,
2001-11-27,BRITANNIA,EQ,569.25,563.0,573.95,563.0,565.0,566.5,567.64,2419,137312125000.0,,,
2001-11-28,BRITANNIA,EQ,566.5,574.0,574.0,535.05,570.0,566.45,568.12,4148,235655770000.00003,,,
2001-11-29,BRITANNIA,EQ,566.45,570.0,577.0,565.0,575.0,575.2,573.75,2054,117848489999.99998,,,
2001-12-03,BRITANNIA,EQ,575.2,575.5,614.9,575.5,606.25,609.75,602.45,7833,471901715000.00006,,,
2001-12-04,BRITANNIA,EQ,609.75,605.1,643.0,600.0,634.95,627.9,622.55,7360,458196009999.99994,,,
2001-12-05,BRITANNIA,EQ,627.9,634.0,635.0,613.9,627.0,629.55,624.0,3693,230443400000.0,,,
2001-12-06,BRITANNIA,EQ,629.55,610.0,630.0,604.0,621.0,621.35,619.71,1384,85767990000.0,,,
2001-12-07,BRITANNIA,EQ,621.35,624.0,624.0,600.0,619.5,616.0,616.02,2548,156962100000.0,,,
2001-12-10,BRITANNIA,EQ,616.0,618.0,618.0,606.0,616.0,613.4,611.67,1454,88937515000.0,,,
2001-12-11,BRITANNIA,EQ,613.4,606.5,618.5,606.5,616.55,612.75,612.95,2389,146434780000.0,,,
2001-12-12,BRITANNIA,EQ,612.75,603.0,615.0,603.0,605.0,603.55,607.86,863,52458350000.0,,,
2001-12-13,BRITANNIA,EQ,603.55,596.0,607.8,585.0,587.1,596.25,597.39,8069,482036209999.99994,,,
2001-12-14,BRITANNIA,EQ,596.25,614.0,614.0,591.0,598.0,594.6,597.02,953,56896030000.00001,,,
2001-12-18,BRITANNIA,EQ,594.6,603.95,604.0,580.0,595.0,591.2,593.12,1951,115718450000.0,,,
2001-12-19,BRITANNIA,EQ,591.2,585.0,597.9,585.0,585.0,585.05,587.3,1358,79754890000.0,,,
2001-12-20,BRITANNIA,EQ,585.05,580.0,597.0,575.1,597.0,580.7,582.26,6986,406767765000.0,,,
2001-12-21,BRITANNIA,EQ,580.7,590.0,590.0,575.25,585.0,588.15,586.15,5056,296357105000.0,,,
2001-12-24,BRITANNIA,EQ,588.15,590.0,600.0,576.15,580.0,580.1,582.72,2000,116543560000.00002,,,
2001-12-26,BRITANNIA,EQ,580.1,586.0,590.0,575.1,589.75,586.3,582.87,1068,62250075000.0,,,
2001-12-27,BRITANNIA,EQ,586.3,579.45,600.0,575.0,575.1,575.4,581.29,1123,65279265000.0,,,
2001-12-28,BRITANNIA,EQ,575.4,599.95,599.95,567.4,575.0,574.85,575.29,5488,315719380000.0,,,
2001-12-31,BRITANNIA,EQ,574.85,585.0,630.0,565.1,630.0,609.9,599.93,3736,224133410000.0,,,
2002-01-01,BRITANNIA,EQ,609.9,595.0,614.0,590.0,597.0,599.25,601.36,2238,134583935000.00002,,1724.0,0.7703
2002-01-02,BRITANNIA,EQ,599.25,598.0,600.0,586.5,592.0,593.3,595.78,1420,84600490000.0,,1209.0,0.8514
2002-01-03,BRITANNIA,EQ,593.3,603.9,605.0,596.05,600.0,599.85,600.09,1698,101894760000.0,,1567.0,0.9229
2002-01-04,BRITANNIA,EQ,599.85,595.0,596.9,591.0,595.5,593.5,594.45,566,33645940000.000004,,332.0,0.5866
2002-01-07,BRITANNIA,EQ,593.5,593.0,609.0,590.0,597.5,598.8,597.31,1187,70901175000.0,,889.0,0.7489
2002-01-08,BRITANNIA,EQ,598.8,580.0,600.0,580.0,594.5,593.85,594.47,1272,75616520000.0,,964.0,0.7579000000000001
2002-01-09,BRITANNIA,EQ,593.85,593.0,600.0,585.0,585.0,588.9,589.89,2124,125292310000.00002,,1857.0,0.8743000000000001
2002-01-10,BRITANNIA,EQ,588.9,585.05,604.0,580.0,585.0,586.5,586.76,1064,62431694999.99999,,834.0,0.7837999999999999
2002-01-11,BRITANNIA,EQ,586.5,580.0,600.0,580.0,600.0,597.8,595.09,2358,140321455000.0,,2079.0,0.8817
2002-01-14,BRITANNIA,EQ,597.8,605.0,605.0,595.0,596.0,596.5,598.78,511,30597825000.0,,444.0,0.8689
2002-01-15,BRITANNIA,EQ,596.5,603.8,603.9,580.0,587.0,583.5,585.06,2556,149541175000.0,,1621.0,0.6342
2002-01-16,BRITANNIA,EQ,583.5,580.0,596.45,575.0,586.85,583.75,582.52,2757,160599665000.0,,2118.0,0.7682
2002-01-17,BRITANNIA,EQ,583.75,595.0,605.0,581.1,601.5,592.05,592.1,6111,361832305000.0,,4878.0,0.7981999999999999
2002-01-18,BRITANNIA,EQ,592.05,602.85,602.85,587.0,595.1,596.3,594.38,1377,81845495000.0,,1012.0,0.7349
2002-01-21,BRITANNIA,EQ,596.3,597.0,599.0,592.0,592.5,594.15,595.54,1748,104101135000.0,,1396.0,0.7986
2002-01-22,BRITANNIA,EQ,594.15,595.0,595.0,590.0,591.3,593.05,592.9,567,33617165000.000004,,441.0,0.7778
2002-01-23,BRITANNIA,EQ,593.05,586.25,594.95,581.0,589.0,585.05,586.53,7574,444241075000.0,,7278.0,0.9609000000000001
2002-01-24,BRITANNIA,EQ,585.05,587.0,591.0,581.0,584.7,583.25,585.82,925,54188469999.99999,,700.0,0.7568000000000001
2002-01-25,BRITANNIA,EQ,583.25,577.0,589.9,576.0,589.0,585.2,581.37,1504,87437660000.0,,1007.0,0.6695000000000001
2002-01-28,BRITANNIA,EQ,585.2,610.0,610.0,582.0,586.0,582.85,589.1,941,55433875000.0,,497.0,0.5282
2002-01-29,BRITANNIA,EQ,582.85,594.0,594.0,575.55,580.0,580.15,584.53,1269,74176275000.0,,678.0,0.5343
2002-01-30,BRITANNIA,EQ,580.15,578.0,590.9,575.05,577.0,577.3,577.56,1088,62838080000.00001,,699.0,0.6425
2002-01-31,BRITANNIA,EQ,577.3,580.0,582.0,568.0,570.0,570.55,574.99,16398,942861119999.9999,,15588.0,0.9506
2002-02-01,BRITANNIA,EQ,570.55,597.0,598.0,577.0,578.0,579.6,580.07,15484,898183110000.0,,14570.0,0.941
2002-02-04,BRITANNIA,EQ,579.6,572.25,582.0,536.05,578.0,576.45,578.29,2284,132081795000.0,,1595.0,0.6983
2002-02-05,BRITANNIA,EQ,576.45,589.9,589.9,570.3,575.5,576.6,576.54,417,24041525000.0,,269.0,0.6451000000000001
2002-02-06,BRITANNIA,EQ,576.6,576.0,585.0,567.0,576.25,572.0,576.25,5149,296710605000.0,,4465.0,0.8672
2002-02-07,BRITANNIA,EQ,572.0,563.1,578.65,554.0,555.0,561.7,568.9,4305,244911465000.0,,2967.0,0.6892
2002-02-08,BRITANNIA,EQ,561.7,562.0,575.0,561.0,573.0,572.1,571.68,2025,115764714999.99998,,1197.0,0.5911
2002-02-11,BRITANNIA,EQ,572.1,570.0,584.8,568.0,579.75,580.8,575.67,3067,176557800000.0,,2047.0,0.6674
2002-02-12,BRITANNIA,EQ,580.8,583.5,588.25,575.3,575.5,576.3,582.28,3982,231864575000.0,,3373.0,0.8471
2002-02-13,BRITANNIA,EQ,576.3,575.2,582.0,571.0,576.3,572.6,576.4,3472,200127005000.0,,3103.0,0.8937
2002-02-14,BRITANNIA,EQ,572.6,572.05,580.0,572.05,575.0,578.9,578.02,825,47686635000.0,,555.0,0.6727
2002-02-15,BRITANNIA,EQ,578.9,580.5,583.5,568.5,568.5,571.15,576.64,5795,334160540000.0,,3077.0,0.531
2002-02-18,BRITANNIA,EQ,571.15,568.0,590.0,562.0,566.0,571.25,570.42,5471,312076140000.0,,4626.0,0.8455
2002-02-19,BRITANNIA,EQ,571.25,568.25,568.25,561.05,565.0,565.15,563.0,10269,578149510000.0,,9837.0,0.9579000000000001
2002-02-20,BRITANNIA,EQ,565.15,567.0,570.75,562.5,569.0,565.0,565.35,11742,663838125000.0,,,
2002-02-21,BRITANNIA,EQ,565.0,561.0,570.0,560.0,563.0,562.25,563.95,9389,529494005000.0,,8589.0,0.9148000000000001
2002-02-22,BRITANNIA,EQ,562.25,564.95,565.0,555.2,560.1,560.9,560.24,2136,119668205000.0,,1984.0,0.9288
2002-02-25,BRITANNIA,EQ,560.9,564.0,569.9,562.0,569.0,566.25,565.01,3311,187074685000.0,,2651.0,0.8007
2002-02-26,BRITANNIA,EQ,566.25,565.0,579.0,565.0,575.0,575.05,574.04,7957,456761034999.99994,,6496.0,0.8164
2002-02-27,BRITANNIA,EQ,575.05,570.85,589.5,570.85,587.0,586.0,581.89,12960,754123495000.0,,10583.0,0.8166
2002-02-28,BRITANNIA,EQ,586.0,589.8,597.5,555.0,560.0,566.45,580.14,14521,842419285000.0,,8912.0,0.6137
2002-03-01,BRITANNIA,EQ,566.45,565.0,570.0,550.25,552.05,552.5,557.85,5900,329129090000.0,,4432.0,0.7512000000000001
2002-03-04,BRITANNIA,EQ,552.5,555.1,583.9,545.0,553.9,550.9,558.08,4611,257332685000.0,,3465.0,0.7515000000000001
2002-03-05,BRITANNIA,EQ,550.9,550.0,559.0,544.0,545.2,545.95,550.94,16205,892795019999.9999,,15167.0,0.9359000000000001
2002-03-06,BRITANNIA,EQ,545.95,536.0,553.9,536.0,547.0,549.05,544.72,12297,669838875000.0,,11775.0,0.9576000000000001
2002-03-07,BRITANNIA,EQ,549.05,540.0,557.75,540.0,550.25,551.45,552.15,1421,78460070000.0,,1061.0,0.7467
2002-03-08,BRITANNIA,EQ,551.45,542.0,555.0,542.0,553.0,552.55,553.26,962,53223355000.00001,,783.0,0.8139000000000001
2002-03-11,BRITANNIA,EQ,552.55,542.6,560.0,536.1,540.5,538.2,540.77,15114,817320765000.0,,,
2002-03-12,BRITANNIA,EQ,538.2,531.0,544.9,527.0,527.0,531.65,532.15,11556,614953465000.0,,24388.0,0.9144
2002-03-13,BRITANNIA,EQ,531.65,535.0,546.0,531.0,536.55,535.4,534.5,12184,651235850000.0,,11530.0,0.9462999999999999
2002-03-14,BRITANNIA,EQ,535.4,535.05,540.0,534.55,539.5,538.3,537.45,1939,104210895000.0,,1364.0,0.7034999999999999
2002-03-15,BRITANNIA,EQ,538.3,533.1,548.0,533.1,548.0,547.35,542.6,3487,189203900000.0,,2241.0,0.6426999999999999
2002-03-18,BRITANNIA,EQ,547.35,558.0,558.0,528.0,543.25,544.45,544.28,16495,897787540000.0,,16226.0,0.9837
2002-03-19,BRITANNIA,EQ,544.45,532.0,544.95,532.0,533.0,535.65,538.65,1437,77404370000.0,,1266.0,0.881
2002-03-20,BRITANNIA,EQ,535.65,536.0,543.9,532.0,534.0,535.65,536.05,12778,684964505000.0,,11949.0,0.9351
2002-03-21,BRITANNIA,EQ,535.65,540.0,540.0,530.1,530.1,533.45,534.59,7396,395380975000.0,,6542.0,0.8845000000000001
2002-03-22,BRITANNIA,EQ,533.45,535.0,545.0,530.0,545.0,540.75,536.92,9608,515874470000.0,,7624.0,0.7935
2002-03-26,BRITANNIA,EQ,540.75,535.0,546.8,534.7,539.5,535.05,535.47,17994,963519119999.9999,,17595.0,0.9778
2002-03-27,BRITANNIA,EQ,535.05,540.0,549.0,540.0,542.0,542.05,543.15,5090,276465485000.0,,4437.0,0.8717
2002-03-28,BRITANNIA,EQ,542.05,521.0,549.9,521.0,539.0,543.9,544.73,3414,185969940000.0,,2569.0,0.7525000000000001
2002-04-01,BRITANNIA,EQ,543.9,550.0,554.9,540.0,547.5,546.85,546.77,2717,148557025000.0,,2057.0,0.7571
2002-04-02,BRITANNIA,EQ,546.85,554.0,555.0,542.0,542.0,544.5,548.47,2653,145509830000.0,,1729.0,0.6517000000000001
2002-04-03,BRITANNIA,EQ,544.5,550.0,551.9,540.05,545.0,542.95,541.34,3204,173446475000.0,,2875.0,0.8973000000000001
2002-04-04,BRITANNIA,EQ,542.95,550.0,550.0,541.65,542.05,542.0,543.93,2251,122437564999.99998,,1671.0,0.7423000000000001
2002-04-05,BRITANNIA,EQ,542.0,544.0,551.95,541.65,542.0,541.85,542.56,4150,225161315000.0,,3675.0,0.8855
2002-04-08,BRITANNIA,EQ,541.85,540.0,544.95,538.25,540.5,541.05,540.95,1008,54528155000.00001,,792.0,0.7857
2002-04-09,BRITANNIA,EQ,541.05,542.0,543.0,535.0,542.0,538.3,537.49,1105,59392205000.00001,,883.0,0.7991
2002-04-10,BRITANNIA,EQ,538.3,540.0,545.0,524.0,526.0,526.85,533.1,4977,265325545000.00003,,4329.0,0.8698
2002-04-11,BRITANNIA,EQ,526.85,532.0,541.0,522.75,525.6,530.6,526.72,16125,849330069999.9999,,14321.0,0.8881
2002-04-12,BRITANNIA,EQ,530.6,538.0,538.75,531.1,534.35,532.8,532.76,3500,186466195000.0,,3073.0,0.878
2002-04-15,BRITANNIA,EQ,532.8,535.05,545.0,535.0,537.25,538.75,539.83,1509,81460035000.0,,1226.0,0.8125
2002-04-16,BRITANNIA,EQ,538.75,542.0,542.0,525.0,539.95,540.0,538.98,2841,153124985000.0,,,
2002-04-17,BRITANNIA,EQ,540.0,525.1,544.0,525.1,539.8,539.0,538.96,10598,571188575000.0,,10389.0,0.9803000000000001
2002-04-18,BRITANNIA,EQ,539.0,531.05,539.95,531.05,532.5,535.0,533.77,1602,85510300000.0,,1177.0,0.7347
2002-04-19,BRITANNIA,EQ,535.0,531.05,544.4,526.0,537.65,540.2,538.56,2711,146003235000.0,,2304.0,0.8499
2002-04-22,BRITANNIA,EQ,540.2,540.0,549.0,530.3,543.9,541.15,537.58,2578,138587990000.0,,2005.0,0.7777
2002-04-23,BRITANNIA,EQ,541.15,536.75,541.3,536.6,538.95,539.1,538.24,870,46827010000.0,,609.0,0.7000000000000001
2002-04-24,BRITANNIA,EQ,539.1,535.1,544.0,535.1,535.2,536.9,537.25,1796,96489850000.0,,,
2002-04-25,BRITANNIA,EQ,536.9,534.1,544.0,534.1,544.0,542.4,539.7,2370,127907795000.0,,2773.0,0.6656000000000001
2002-04-26,BRITANNIA,EQ,542.4,538.0,546.0,538.0,540.0,540.7,541.49,4019,217625135000.0,,3146.0,0.7828
2002-04-29,BRITANNIA,EQ,540.7,536.1,544.95,535.9,544.95,541.5,538.53,1137,61231119999.99999,,781.0,0.6869
2002-04-30,BRITANNIA,EQ,541.5,550.0,550.0,538.0,541.9,538.65,540.46,653,35292255000.0,,,
2002-05-02,BRITANNIA,EQ,538.65,525.55,552.75,525.55,540.0,540.8,540.41,5190,280474990000.0,,4514.0,0.8697
2002-05-03,BRITANNIA,EQ,540.8,544.25,544.5,538.2,538.2,541.9,541.66,2033,110120325000.0,,1442.0,0.7093
2002-05-06,BRITANNIA,EQ,541.9,541.0,544.6,527.55,539.6,539.95,540.69,26455,1430395585000.0,,25910.0,0.9794
2002-05-07,BRITANNIA,EQ,539.95,539.05,542.0,537.9,539.0,538.75,538.98,1440,77613080000.0,,1211.0,0.841
2002-05-08,BRITANNIA,EQ,538.75,540.0,541.75,537.1,540.0,538.8,538.75,1822,98159380000.0,,1533.0,0.8414
2002-05-09,BRITANNIA,EQ,538.8,550.0,550.0,536.05,537.05,538.9,540.03,1218,65775225000.0,,921.0,0.7562000000000001
2002-05-10,BRITANNIA,EQ,538.9,540.0,540.0,532.8,536.65,536.95,535.78,1345,72062430000.0,,1107.0,0.823
2002-05-13,BRITANNIA,EQ,536.95,535.0,543.0,533.05,541.0,540.8,539.78,2008,108387895000.0,,1428.0,0.7112
2002-05-14,BRITANNIA,EQ,540.8,542.0,542.0,538.25,541.0,540.9,539.74,1037,55971500000.0,,905.0,0.8727
2002-05-15,BRITANNIA,EQ,540.9,531.0,540.0,530.25,535.0,535.25,535.73,1440,77145815000.0,,1171.0,0.8131999999999999
2002-05-16,BRITANNIA,EQ,535.25,539.65,539.65,531.1,535.0,534.75,533.55,930,49619905000.0,,745.0,0.8011
2002-05-17,BRITANNIA,EQ,534.75,528.9,536.45,527.2,533.5,530.9,531.31,1431,76030455000.0,,768.0,0.5367000000000001
2002-05-20,BRITANNIA,EQ,530.9,535.95,535.95,520.0,525.2,525.15,524.08,2291,120066530000.0,,1573.0,0.6866
2002-05-21,BRITANNIA,EQ,525.15,527.0,575.0,527.0,533.1,544.7,536.77,6252,335591275000.0,,4349.0,0.6956
2002-05-22,BRITANNIA,EQ,544.7,535.0,543.0,527.5,528.85,529.0,531.6,2991,159002720000.0,,2434.0,0.8138
2002-05-23,BRITANNIA,EQ,529.0,522.0,535.0,522.0,535.0,533.25,531.39,1452,77158100000.0,,1346.0,0.927
2002-05-24,BRITANNIA,EQ,533.25,510.9,541.5,510.9,541.5,535.3,532.08,2856,151960870000.0,,2390.0,0.8368000000000001
2002-05-27,BRITANNIA,EQ,535.3,516.1,539.8,516.1,538.0,536.3,534.83,1396,74662405000.0,,1269.0,0.909
2002-05-28,BRITANNIA,EQ,536.3,515.15,576.0,515.15,530.0,529.7,531.65,6387,339565365000.0,,5199.0,0.8140000000000001
2002-05-29,BRITANNIA,EQ,529.7,530.0,530.0,525.1,528.85,529.55,529.09,2842,150366550000.0,,,
2002-05-30,BRITANNIA,EQ,529.55,518.0,545.0,518.0,529.0,529.95,529.93,1276,67619044999.99999,,,
2002-05-31,BRITANNIA,EQ,529.95,524.0,530.0,520.55,524.0,524.1,526.04,5636,296477410000.0,,,
2002-06-03,BRITANNIA,EQ,524.1,530.0,534.5,528.0,530.0,529.75,529.75,3392,179691180000.0,,3313.0,0.9767
2002-06-04,BRITANNIA,EQ,529.75,530.05,535.0,525.05,530.0,529.1,530.38,10574,560823345000.0,,9684.0,0.9158
2002-06-05,BRITANNIA,EQ,529.1,554.95,554.95,535.0,539.5,539.85,544.05,8978,488443770000.0,,4997.0,0.5566
2002-06-06,BRITANNIA,EQ,539.85,549.8,555.0,541.0,541.0,542.6,544.51,7419,403974155000.0,,4869.0,0.6563
2002-06-07,BRITANNIA,EQ,542.6,541.0,544.5,527.0,527.0,532.95,536.77,5393,289481910000.0,,4550.0,0.8437000000000001
2002-06-10,BRITANNIA,EQ,532.95,554.35,554.35,531.0,535.0,534.6,534.4,3121,166786990000.0,,2729.0,0.8744
2002-06-11,BRITANNIA,EQ,534.6,535.05,538.0,529.25,529.3,529.8,531.55,5691,302503930000.0,,5561.0,0.9772
2002-06-12,BRITANNIA,EQ,529.8,536.5,536.5,528.1,529.0,528.55,530.16,5671,300652540000.0,,5093.0,0.8981
2002-06-13,BRITANNIA,EQ,528.55,530.0,533.45,528.05,528.2,528.35,529.39,3231,171044570000.0,,2842.0,0.8795999999999999
2002-06-14,BRITANNIA,EQ,528.35,505.15,530.0,505.15,529.0,529.05,528.98,6511,344420290000.0,,6459.0,0.9920000000000001
2002-06-17,BRITANNIA,EQ,529.05,534.0,536.8,524.4,526.0,527.0,528.01,17309,913930135000.0,,16301.0,0.9418000000000001
2002-06-18,BRITANNIA,EQ,527.0,526.0,529.85,525.0,526.0,528.1,525.63,12605,662555045000.0,,12285.0,0.9745999999999999
2002-06-19,BRITANNIA,EQ,528.1,523.0,533.45,522.0,522.0,524.15,524.62,7864,412562720000.0,,7076.0,0.8998
2002-06-20,BRITANNIA,EQ,524.15,520.35,526.9,520.15,524.0,525.0,524.59,4540,238165210000.0,,3598.0,0.7925
2002-06-21,BRITANNIA,EQ,525.0,521.05,530.0,505.0,510.05,512.25,514.55,10425,536415895000.0,,8199.0,0.7865000000000001
2002-06-24,BRITANNIA,EQ,512.25,515.0,522.0,510.0,515.5,516.05,516.13,9108,470089625000.0,,6583.0,0.7228
2002-06-25,BRITANNIA,EQ,516.05,518.0,519.65,514.1,517.5,517.9,517.8,4534,234769079999.99997,,3920.0,0.8645999999999999
2002-06-26,BRITANNIA,EQ,517.9,520.0,520.0,510.0,514.9,512.45,514.24,4269,219527065000.0,,4056.0,0.9501000000000001
2002-06-27,BRITANNIA,EQ,512.45,502.55,516.0,502.55,511.55,510.7,511.73,2494,127624680000.0,,1892.0,0.7586
2002-06-28,BRITANNIA,EQ,510.7,516.0,519.85,511.0,513.5,515.7,517.23,4130,213617979999.99997,,3558.0,0.8615
2002-07-01,BRITANNIA,EQ,515.7,510.1,518.75,510.1,518.75,515.1,514.79,2776,142905565000.0,,2416.0,0.8703000000000001
2002-07-02,BRITANNIA,EQ,515.1,511.0,519.0,511.0,519.0,518.2,516.33,3461,178702210000.0,,2832.0,0.8183
2002-07-03,BRITANNIA,EQ,518.2,519.95,519.95,512.65,517.5,518.55,516.25,1331,68712594999.99999,,1112.0,0.8355
2002-07-04,BRITANNIA,EQ,518.55,513.15,517.9,512.0,515.0,515.35,514.83,3949,203307355000.0,,3601.0,0.9119
2002-07-05,BRITANNIA,EQ,515.35,513.15,520.05,511.0,511.25,513.7,515.17,16366,843134000000.0,,12577.0,0.7685
2002-07-08,BRITANNIA,EQ,513.7,512.0,518.75,509.0,515.0,514.95,515.84,7620,393067675000.0,,4337.0,0.5692
2002-07-09,BRITANNIA,EQ,514.95,516.0,525.0,515.0,521.0,521.15,518.77,2297,119161905000.0,,1970.0,0.8576
2002-07-10,BRITANNIA,EQ,521.15,525.0,529.0,515.55,523.0,523.7,524.24,1408,73812795000.0,,979.0,0.6953
2002-07-11,BRITANNIA,EQ,523.7,522.3,527.8,522.3,526.0,525.9,525.81,2569,135081555000.0,,2109.0,0.8209000000000001
2002-07-12,BRITANNIA,EQ,525.9,522.0,528.0,520.0,526.0,525.75,525.45,3082,161942175000.0,,2586.0,0.8391
2002-07-15,BRITANNIA,EQ,525.75,525.0,528.0,516.15,525.0,524.9,524.09,7064,370218300000.0,,6928.0,0.9806999999999999
2002-07-16,BRITANNIA,EQ,524.9,522.0,528.0,515.1,519.0,520.0,520.54,1464,76206905000.0,,1068.0,0.7295
2002-07-17,BRITANNIA,EQ,520.0,515.75,527.95,515.75,526.9,524.6,521.56,1538,80215795000.0,,1220.0,0.7931999999999999
2002-07-18,BRITANNIA,EQ,524.6,510.55,525.95,510.55,520.0,519.6,518.51,4280,221921640000.0,,3692.0,0.8626
2002-07-19,BRITANNIA,EQ,519.6,510.0,558.0,508.0,512.4,518.7,518.87,3515,182384075000.0,,2694.0,0.7664
2002-07-22,BRITANNIA,EQ,518.7,545.55,545.55,512.05,522.0,521.3,520.9,5836,303997300000.0,,5141.0,0.8809
2002-07-23,BRITANNIA,EQ,521.3,535.0,535.0,519.45,526.0,526.4,525.77,3780,198742425000.0,,2818.0,0.7454999999999999
2002-07-24,BRITANNIA,EQ,526.4,520.0,527.8,518.0,523.1,524.25,524.94,5852,307192430000.0,,5235.0,0.8946
2002-07-25,BRITANNIA,EQ,524.25,545.95,545.95,520.1,527.2,525.6,526.13,4723,248492054999.99997,,3945.0,0.8353
2002-07-26,BRITANNIA,EQ,525.6,535.0,535.0,505.25,514.0,517.35,520.62,10523,547850465000.00006,,8846.0,0.8406
2002-07-29,BRITANNIA,EQ,517.35,554.0,554.0,508.15,508.15,509.2,512.95,8893,456162515000.00006,,6990.0,0.7859999999999999
2002-07-30,BRITANNIA,EQ,509.2,534.95,539.0,485.0,512.0,510.1,513.47,6150,315785200000.0,,4134.0,0.6722
2002-07-31,BRITANNIA,EQ,510.1,525.0,525.0,482.0,512.5,513.55,511.8,3608,184657335000.0,,2388.0,0.6619
2002-08-01,BRITANNIA,EQ,513.55,519.95,524.0,502.0,524.0,518.2,514.45,4455,229186100000.0,,3693.0,0.8290000000000001
2002-08-02,BRITANNIA,EQ,518.2,480.55,521.9,480.55,512.0,511.45,510.53,1262,64429075000.0,,813.0,0.6442
2002-08-05,BRITANNIA,EQ,511.45,513.0,515.0,502.0,508.9,507.55,508.5,8732,444019270000.0,,7570.0,0.8669
2002-08-06,BRITANNIA,EQ,507.55,508.0,514.0,506.1,514.0,511.85,508.74,3130,159234695000.0,,2689.0,0.8591
2002-08-07,BRITANNIA,EQ,511.85,512.0,519.8,501.0,515.0,512.05,511.26,3973,203124345000.0,,2506.0,0.6308
2002-08-08,BRITANNIA,EQ,512.05,519.95,519.95,510.0,510.0,513.3,512.33,1358,69574100000.0,,888.0,0.6539
2002-08-09,BRITANNIA,EQ,513.3,507.2,519.75,507.2,519.5,518.25,513.49,5486,281701735000.0,,4153.0,0.757
2002-08-12,BRITANNIA,EQ,518.25,507.1,520.0,507.1,515.0,515.55,515.93,2081,107365380000.0,,1690.0,0.8120999999999999
2002-08-13,BRITANNIA,EQ,515.55,515.0,523.0,511.0,511.0,513.25,513.58,2343,120332070000.0,,1870.0,0.7981
2002-08-14,BRITANNIA,EQ,513.25,511.0,524.95,508.1,509.0,509.15,509.53,6413,326760330000.0,,5756.0,0.8976000000000001
2002-08-16,BRITANNIA,EQ,509.15,524.0,524.0,512.0,517.1,518.15,518.2,4457,230959654999.99997,,3004.0,0.674
2002-08-19,BRITANNIA,EQ,518.15,515.0,524.9,515.0,516.0,516.1,516.45,2202,113722580000.0,,1780.0,0.8084
2002-08-20,BRITANNIA,EQ,516.1,514.95,515.8,510.05,510.05,510.85,512.09,3009,154088460000.0,,2229.0,0.7408
2002-08-21,BRITANNIA,EQ,510.85,506.0,518.95,506.0,510.1,510.15,510.46,2361,120520725000.0,,1762.0,0.7463
2002-08-22,BRITANNIA,EQ,510.15,508.3,512.15,508.3,512.15,512.05,510.6,3155,161093200000.0,,2710.0,0.8590000000000001
2002-08-23,BRITANNIA,EQ,512.05,508.1,521.0,508.1,520.0,518.65,517.15,7636,394894920000.0,,7065.0,0.9252
2002-08-26,BRITANNIA,EQ,518.65,520.0,523.5,512.0,521.5,522.35,519.81,6773,352063955000.0,,4643.0,0.6855
2002-08-27,BRITANNIA,EQ,522.35,519.2,520.9,515.5,520.0,518.05,518.26,1436,74421435000.0,,962.0,0.6698999999999999
2002-08-28,BRITANNIA,EQ,518.05,518.0,520.0,514.0,520.0,519.0,518.26,2603,134903745000.0,,1772.0,0.6808
2002-08-29,BRITANNIA,EQ,519.0,525.0,530.0,521.05,530.0,528.7,524.81,7030,368938435000.0,,5819.0,0.8277
2002-08-30,BRITANNIA,EQ,528.7,522.75,530.0,515.65,525.0,527.1,524.87,13798,724208960000.0,,9148.0,0.663
2002-09-02,BRITANNIA,EQ,527.1,537.0,537.0,525.5,531.0,530.0,527.67,7492,395329070000.0,,7316.0,0.9765
2002-09-03,BRITANNIA,EQ,530.0,530.0,535.0,518.15,535.0,533.4,531.5,2082,110658730000.0,,1273.0,0.6114
2002-09-04,BRITANNIA,EQ,533.4,531.9,575.0,531.9,535.0,539.6,552.84,43927,2428455925000.0,,24668.0,0.5616
2002-09-05,BRITANNIA,EQ,539.6,569.0,569.0,540.0,540.0,543.45,550.86,25262,1391578105000.0,,12205.0,0.48310000000000003
2002-09-06,BRITANNIA,EQ,543.45,550.0,550.0,536.0,542.0,539.15,540.07,4586,247676054999.99997,,3282.0,0.7156999999999999
2002-09-09,BRITANNIA,EQ,539.15,537.0,539.9,530.3,532.0,534.7,533.97,7301,389852390000.0,,4981.0,0.6822
2002-09-11,BRITANNIA,EQ,534.7,532.0,536.5,527.0,528.0,528.0,530.3,2605,138143070000.0,,1660.0,0.6372
2002-09-12,BRITANNIA,EQ,528.0,533.65,533.65,524.25,530.2,530.05,527.5,18419,971609115000.0,,17760.0,0.9642000000000001
2002-09-13,BRITANNIA,EQ,530.05,530.0,532.8,527.0,528.0,529.35,529.76,4782,253332745000.00003,,3937.0,0.8233
2002-09-16,BRITANNIA,EQ,529.35,531.0,532.9,528.5,529.35,529.5,530.47,1073,56919865000.0,,1015.0,0.9459000000000001
2002-09-17,BRITANNIA,EQ,529.5,532.85,532.9,529.25,530.0,530.25,530.28,1231,65276950000.0,,1078.0,0.8756999999999999
2002-09-18,BRITANNIA,EQ,530.25,529.05,535.0,527.0,528.0,529.6,531.21,2380,126427520000.0,,1811.0,0.7609
2002-09-19,BRITANNIA,EQ,529.6,528.55,528.55,522.5,522.5,523.7,525.06,9154,480639105000.0,,8971.0,0.98
2002-09-20,BRITANNIA,EQ,523.7,548.0,548.0,510.15,527.5,528.05,527.18,2266,119458250000.0,,1480.0,0.6531
2002-09-23,BRITANNIA,EQ,528.05,520.0,527.5,519.1,520.05,522.25,524.8,32953,1729387420000.0,,32015.0,0.9715
2002-09-24,BRITANNIA,EQ,522.25,520.0,529.0,520.0,524.05,526.75,521.32,21735,1133091510000.0,,21324.0,0.9811
2002-09-25,BRITANNIA,EQ,526.75,526.0,526.0,517.1,521.0,520.05,520.31,15394,800963495000.0,,14536.0,0.9443000000000001
2002-09-26,BRITANNIA,EQ,520.05,517.15,535.0,517.15,526.3,527.4,529.92,1624,86059310000.0,,871.0,0.5363
2002-09-27,BRITANNIA,EQ,527.4,526.0,526.0,520.0,522.0,521.5,522.4,1900,99256425000.0,,,
2002-09-30,BRITANNIA,EQ,521.5,549.0,549.0,515.05,520.0,520.15,520.84,1767,92033085000.0,,2443.0,0.6662
2002-10-01,BRITANNIA,EQ,520.15,520.0,521.9,519.0,521.0,521.45,520.39,1323,68847590000.0,,1192.0,0.9009999999999999
2002-10-03,BRITANNIA,EQ,521.45,528.0,535.0,518.0,532.0,529.25,523.34,5961,311962395000.0,,4905.0,0.8228
2002-10-04,BRITANNIA,EQ,529.25,530.0,535.0,520.15,529.0,526.7,524.85,2146,112633189999.99998,,1434.0,0.6681999999999999
2002-10-07,BRITANNIA,EQ,526.7,515.0,530.0,515.0,528.2,526.3,526.04,1896,99736765000.0,,1412.0,0.7447
2002-10-08,BRITANNIA,EQ,526.3,508.0,532.0,508.0,526.0,526.0,526.09,1342,70601225000.0,,885.0,0.6595000000000001
2002-10-09,BRITANNIA,EQ,526.0,516.25,528.0,516.25,524.25,524.95,523.29,4119,215544775000.0,,2393.0,0.5810000000000001
2002-10-10,BRITANNIA,EQ,524.95,518.5,527.6,518.5,525.0,525.05,524.99,23985,1259194370000.0,,23461.0,0.9782
2002-10-11,BRITANNIA,EQ,525.05,520.75,529.95,520.75,529.95,526.7,525.37,1988,104444320000.0,,1621.0,0.8154000000000001
2002-10-14,BRITANNIA,EQ,526.7,566.2,566.2,527.0,527.5,528.65,529.33,317,16779820000.000002,,306.0,0.9653
2002-10-16,BRITANNIA,EQ,528.65,529.85,550.0,525.0,525.0,525.05,525.11,36190,1900382789999.9998,,35707.0,0.9867
2002-10-17,BRITANNIA,EQ,525.05,520.0,529.95,519.85,528.95,527.25,526.18,2607,137174735000.00002,,1537.0,0.5896
2002-10-18,BRITANNIA,EQ,527.25,523.5,529.55,523.5,528.9,525.45,524.99,27128,1424185460000.0,,26476.0,0.976
2002-10-21,BRITANNIA,EQ,525.45,520.5,530.0,520.0,525.0,525.6,526.8,2421,127539370000.0,,1675.0,0.6919
2002-10-22,BRITANNIA,EQ,525.6,544.0,544.0,518.0,527.55,530.2,524.96,6509,341698865000.0,,1046.0,0.1607
2002-10-23,BRITANNIA,EQ,530.2,523.8,532.0,523.8,525.0,527.4,529.47,2049,108488745000.0,,1447.0,0.7062
2002-10-24,BRITANNIA,EQ,527.4,520.0,530.0,520.0,525.0,525.0,527.87,3199,168866745000.0,,2395.0,0.7487
2002-10-25,BRITANNIA,EQ,525.0,530.0,530.0,520.0,525.0,522.5,526.11,5388,283467550000.0,,3442.0,0.6388
2002-10-28,BRITANNIA,EQ,522.5,523.0,528.0,513.65,524.0,521.0,519.68,5453,283381440000.0,,3338.0,0.6121
2002-10-29,BRITANNIA,EQ,521.0,530.0,530.0,515.5,521.0,521.0,520.74,5613,292292320000.0,,5189.0,0.9245000000000001
2002-10-30,BRITANNIA,EQ,521.0,510.0,524.5,510.0,520.0,519.75,515.77,5935,306111640000.0,,3950.0,0.6655
2002-10-31,BRITANNIA,EQ,519.75,506.0,527.0,506.0,525.0,522.15,518.07,10496,543767559999.99994,,8026.0,0.7647
2002-11-01,BRITANNIA,EQ,522.15,515.0,525.0,515.0,522.0,522.05,519.74,3617,187990070000.0,,,
2002-11-04,BRITANNIA,EQ,522.05,520.0,526.9,513.5,519.0,518.45,518.17,602,31193600000.0,,2847.0,0.6748000000000001
2002-11-05,BRITANNIA,EQ,518.45,524.5,524.75,516.0,517.0,516.15,518.06,1246,64549890000.0,,787.0,0.6315999999999999
2002-11-07,BRITANNIA,EQ,516.15,516.05,521.5,516.05,520.0,520.05,519.69,2475,128622764999.99998,,1884.0,0.7612000000000001
2002-11-08,BRITANNIA,EQ,520.05,522.8,523.75,520.0,521.25,521.85,521.18,1326,69108675000.0,,954.0,0.7195
2002-11-11,BRITANNIA,EQ,521.85,515.4,526.85,515.4,525.5,524.55,523.28,4924,257665210000.0,,3868.0,0.7855
2002-11-12,BRITANNIA,EQ,524.55,515.0,528.0,515.0,522.0,519.7,519.79,6470,336303595000.0,,1130.0,0.1747
2002-11-13,BRITANNIA,EQ,519.7,520.0,520.0,515.0,517.0,518.45,518.27,17237,893344190000.0,,16196.0,0.9396
2002-11-14,BRITANNIA,EQ,518.45,516.05,518.0,514.1,517.5,517.25,515.79,2034,104911670000.0,,1350.0,0.6637000000000001
2002-11-15,BRITANNIA,EQ,517.25,513.2,524.6,513.2,520.0,519.9,519.43,11709,608201505000.0,,10352.0,0.8841
2002-11-18,BRITANNIA,EQ,519.9,520.0,524.0,517.3,522.85,521.65,520.95,1495,77882195000.0,,1329.0,0.8890000000000001
2002-11-20,BRITANNIA,EQ,521.65,518.35,521.95,518.0,519.15,520.3,520.07,15040,782188905000.0,,13114.0,0.8719
2002-11-21,BRITANNIA,EQ,520.3,516.0,520.9,516.0,519.5,519.95,518.43,1819,94302170000.0,,1173.0,0.6448999999999999
2002-11-22,BRITANNIA,EQ,519.95,517.25,522.9,515.1,520.1,521.05,519.4,6008,312055520000.0,,5014.0,0.8346
2002-11-25,BRITANNIA,EQ,521.05,519.0,521.0,515.2,519.45,519.55,519.97,13272,690099445000.0,,12125.0,0.9136
2002-11-26,BRITANNIA,EQ,519.55,598.45,598.45,516.5,518.55,520.15,519.8,1732,90029185000.0,,1172.0,0.6767000000000001
2002-11-27,BRITANNIA,EQ,520.15,515.4,520.0,515.4,519.0,518.75,518.14,1642,85078045000.0,,1225.0,0.746
2002-11-28,BRITANNIA,EQ,518.75,520.0,522.0,518.3,520.15,520.25,520.28,25731,1338728995000.0,,24807.0,0.9641
2002-11-29,BRITANNIA,EQ,520.25,516.35,523.4,516.35,521.0,521.0,520.9,2123,110586305000.0,,1849.0,0.8709
2002-12-02,BRITANNIA,EQ,521.0,518.25,522.4,518.25,520.25,521.35,520.47,2750,143128735000.0,,2382.0,0.8662000000000001
2002-12-03,BRITANNIA,EQ,521.35,522.3,522.85,517.7,521.0,521.2,520.69,1159,60348325000.0,,1002.0,0.8645
2002-12-04,BRITANNIA,EQ,521.2,535.0,535.0,516.5,524.0,523.8,523.38,4535,237351575000.0,,3470.0,0.7652
2002-12-05,BRITANNIA,EQ,523.8,519.0,524.9,519.0,520.0,520.1,520.29,1322,68782690000.0,,863.0,0.6528
2002-12-06,BRITANNIA,EQ,520.1,530.0,530.0,511.6,520.8,521.5,519.94,7539,391983770000.0,,6628.0,0.8792
2002-12-09,BRITANNIA,EQ,521.5,517.55,522.25,514.1,519.6,518.05,517.54,4490,232376885000.0,,3082.0,0.6864
2002-12-10,BRITANNIA,EQ,518.05,519.95,521.9,517.25,521.9,519.7,518.76,1486,77088325000.0,,640.0,0.4307
2002-12-11,BRITANNIA,EQ,519.7,515.0,521.0,513.0,519.55,520.05,517.55,6575,340288435000.0,,3132.0,0.47630000000000006
2002-12-12,BRITANNIA,EQ,520.05,520.0,520.1,516.0,516.0,516.2,518.64,6896,357653560000.0,,6514.0,0.9446
2002-12-13,BRITANNIA,EQ,516.2,516.05,520.0,516.05,519.6,519.2,518.33,3914,202874660000.0,,2675.0,0.6834
2002-12-16,BRITANNIA,EQ,519.2,518.35,520.0,512.0,519.0,518.75,517.54,4679,242155240000.0,,3044.0,0.6506000000000001
2002-12-17,BRITANNIA,EQ,518.75,514.75,516.05,510.0,510.2,511.65,514.06,2909,149539540000.0,,1850.0,0.636
2002-12-18,BRITANNIA,EQ,511.65,511.55,514.95,511.55,513.0,513.1,513.65,1878,96464370000.0,,1565.0,0.8333
2002-12-19,BRITANNIA,EQ,513.1,510.25,524.0,510.25,513.0,513.0,515.18,1487,76607175000.0,,658.0,0.4425
2002-12-20,BRITANNIA,EQ,513.0,512.05,523.6,512.05,523.5,521.8,518.24,6206,321620550000.0,,4991.0,0.8042
2002-12-23,BRITANNIA,EQ,521.8,524.9,524.9,515.15,520.0,519.35,519.14,1333,69201415000.0,,1025.0,0.7689
2002-12-24,BRITANNIA,EQ,519.35,524.0,524.0,515.2,519.0,519.0,517.96,953,49362000000.0,,633.0,0.6642
2002-12-26,BRITANNIA,EQ,519.0,520.0,520.95,516.6,517.25,517.4,518.69,20404,1058335419999.9999,,20251.0,0.9925
2002-12-27,BRITANNIA,EQ,517.4,514.25,519.95,514.25,514.55,515.75,515.95,2372,122383885000.00002,,1953.0,0.8234
2002-12-30,BRITANNIA,EQ,515.75,515.05,516.95,511.55,511.55,512.3,513.45,3324,170669695000.0,,3108.0,0.935
2002-12-31,BRITANNIA,EQ,512.3,510.3,517.95,510.3,511.05,512.25,513.31,614,31517125000.0,,346.0,0.5635
2003-01-01,BRITANNIA,EQ,512.25,515.0,519.95,510.05,510.05,515.5,515.19,11945,615389445000.0,,11290.0,0.9451999999999999
2003-01-02,BRITANNIA,EQ,515.5,519.25,519.3,511.0,516.25,516.3,514.82,4060,209016795000.0,,3216.0,0.7920999999999999
2003-01-03,BRITANNIA,EQ,516.3,511.5,516.0,511.5,515.0,514.75,514.84,781,40208870000.0,,660.0,0.8451000000000001
2003-01-06,BRITANNIA,EQ,514.75,511.0,518.0,511.0,515.0,516.5,515.18,3500,180313435000.0,,3281.0,0.9374
2003-01-07,BRITANNIA,EQ,516.5,516.0,516.5,511.45,516.25,516.25,515.14,631,32505280000.0,,502.0,0.7956000000000001
2003-01-08,BRITANNIA,EQ,516.25,511.25,520.0,511.25,518.7,518.15,516.23,1280,66077360000.0,,843.0,0.6586
2003-01-09,BRITANNIA,EQ,518.15,512.25,520.0,512.25,520.0,518.55,517.86,7799,403877190000.0,,6896.0,0.8842
2003-01-10,BRITANNIA,EQ,518.55,512.0,519.95,512.0,519.95,518.35,517.56,1826,94506655000.0,,1151.0,0.6303
2003-01-13,BRITANNIA,EQ,518.35,518.7,519.95,516.0,519.95,518.2,518.1,1168,60513869999.99999,,1090.0,0.9331999999999999
2003-01-14,BRITANNIA,EQ,518.2,515.3,520.0,515.3,516.05,517.75,518.64,6015,311960995000.0,,5513.0,0.9165000000000001
2003-01-15,BRITANNIA,EQ,517.75,518.9,519.95,515.3,515.3,515.75,516.45,946,48855745000.0,,600.0,0.6342
2003-01-16,BRITANNIA,EQ,515.75,539.0,560.0,515.0,516.0,519.05,537.25,11018,591946035000.0,,10141.0,0.9204000000000001
2003-01-17,BRITANNIA,EQ,519.05,515.0,518.75,515.0,515.0,515.5,516.12,2990,154319055000.0,,2780.0,0.9298000000000001
2003-01-20,BRITANNIA,EQ,515.5,515.0,515.9,510.0,511.25,514.0,513.6,6264,321717965000.0,,5539.0,0.8843000000000001
2003-01-21,BRITANNIA,EQ,514.0,511.0,516.45,510.55,510.55,511.1,511.49,1428,73040905000.0,,1209.0,0.8466
2003-01-22,BRITANNIA,EQ,511.1,511.0,516.0,510.0,515.2,515.1,514.06,3043,156428575000.0,,2701.0,0.8876000000000001
2003-01-23,BRITANNIA,EQ,515.1,511.4,517.35,511.4,514.8,514.85,514.45,2639,135762520000.0,,2319.0,0.8787
2003-01-24,BRITANNIA,EQ,514.85,515.0,515.75,511.05,515.0,514.4,513.69,5070,260440710000.0,,3285.0,0.6479
2003-01-27,BRITANNIA,EQ,514.4,520.0,520.0,508.05,515.0,513.45,513.74,5149,264525390000.0,,3898.0,0.757
2003-01-28,BRITANNIA,EQ,513.45,519.9,520.0,511.35,515.9,515.1,514.18,2910,149626940000.0,,2079.0,0.7144
2003-01-29,BRITANNIA,EQ,515.1,512.75,517.0,512.55,513.65,514.75,514.38,1935,99531720000.0,,1591.0,0.8222
2003-01-30,BRITANNIA,EQ,514.75,510.75,516.9,507.25,509.55,509.7,509.89,6150,313582600000.0,,5220.0,0.8488
2003-01-31,BRITANNIA,EQ,509.7,517.45,517.45,503.0,512.0,509.95,508.64,2746,139673565000.0,,1852.0,0.6744
2003-02-03,BRITANNIA,EQ,509.95,507.7,509.9,506.7,509.15,509.2,507.9,1735,88120245000.0,,1356.0,0.7816
2003-02-04,BRITANNIA,EQ,509.2,519.0,519.0,506.7,508.0,508.0,508.0,1601,81331060000.0,,996.0,0.6221
2003-02-05,BRITANNIA,EQ,508.0,514.0,514.0,505.35,507.35,506.95,506.71,690,34962660000.0,,437.0,0.6333
2003-02-06,BRITANNIA,EQ,506.95,507.0,507.95,505.5,505.6,505.95,506.04,1177,59560794999.99999,,994.0,0.8445
2003-02-07,BRITANNIA,EQ,505.95,505.15,506.95,502.3,506.95,506.2,505.13,667,33691880000.0,,527.0,0.7901
2003-02-10,BRITANNIA,EQ,506.2,505.0,506.0,502.45,504.1,505.85,503.64,1574,79272740000.0,,1441.0,0.9155
2003-02-11,BRITANNIA,EQ,505.85,505.0,505.0,501.1,501.1,501.3,501.95,558,28008880000.0,,473.0,0.8477
2003-02-12,BRITANNIA,EQ,501.3,500.5,501.6,498.15,500.4,501.4,499.54,3016,150661370000.0,,2725.0,0.9035
2003-02-14,BRITANNIA,EQ,501.4,500.4,504.8,498.15,504.8,501.15,499.85,1190,59481555000.00001,,1106.0,0.9294
2003-02-17,BRITANNIA,EQ,501.15,512.9,512.9,500.0,500.25,501.4,501.61,964,48354890000.0,,741.0,0.7687
2003-02-18,BRITANNIA,EQ,501.4,500.1,503.7,500.1,503.0,502.05,501.51,2008,100702515000.0,,1895.0,0.9437000000000001
2003-02-19,BRITANNIA,EQ,502.05,511.0,511.0,502.25,504.5,506.25,505.3,3159,159624755000.0,,2729.0,0.8639
2003-02-20,BRITANNIA,EQ,506.25,504.4,508.0,501.6,505.0,506.7,504.78,2000,100955790000.0,,1350.0,0.675
2003-02-21,BRITANNIA,EQ,506.7,500.0,510.0,500.0,509.8,508.9,504.39,1830,92302990000.0,,1334.0,0.7290000000000001
2003-02-24,BRITANNIA,EQ,508.9,504.25,508.95,503.0,504.85,505.45,504.42,1664,83936100000.0,,1340.0,0.8053
2003-02-25,BRITANNIA,EQ,505.45,510.5,510.5,503.1,507.75,507.05,505.94,1137,57525469999.99999,,891.0,0.7836
2003-02-26,BRITANNIA,EQ,507.05,501.15,508.9,501.15,505.0,504.45,504.27,6499,327725195000.0,,6392.0,0.9834999999999999
2003-02-27,BRITANNIA,EQ,504.45,510.0,510.0,500.15,506.0,505.15,506.4,12421,629001400000.0,,9910.0,0.7978000000000001
2003-02-28,BRITANNIA,EQ,505.15,510.0,535.0,503.1,518.0,519.2,519.66,12377,643178120000.0,,7808.0,0.6308
2003-03-03,BRITANNIA,EQ,519.2,530.05,541.8,507.0,509.0,509.85,528.14,24425,1289988680000.0,,14712.0,0.6023
2003-03-04,BRITANNIA,EQ,509.85,518.0,518.0,507.1,511.0,510.75,511.39,3236,165485865000.0,,2714.0,0.8387000000000001
2003-03-05,BRITANNIA,EQ,510.75,519.0,524.0,508.0,509.5,509.7,511.86,2934,150178370000.0,,1958.0,0.6673
2003-03-06,BRITANNIA,EQ,509.7,518.0,518.0,507.55,508.1,508.05,509.9,2528,128902145000.0,,1909.0,0.7551000000000001
2003-03-07,BRITANNIA,EQ,508.05,508.0,509.0,499.0,502.0,501.35,502.7,5591,281057715000.0,,4871.0,0.8712000000000001
2003-03-10,BRITANNIA,EQ,501.35,506.0,510.0,505.5,507.65,508.3,508.0,5452,276961870000.0,,3740.0,0.6859999999999999
2003-03-11,BRITANNIA,EQ,508.3,506.9,507.0,500.2,505.0,505.0,504.24,4724,238200690000.0,,2759.0,0.584
2003-03-12,BRITANNIA,EQ,505.0,507.6,507.6,501.05,501.2,502.1,504.0,3499,176349780000.0,,2753.0,0.7868
2003-03-13,BRITANNIA,EQ,502.1,500.1,504.95,500.1,502.05,503.8,503.4,2988,150415055000.0,,2144.0,0.7175
2003-03-17,BRITANNIA,EQ,503.8,506.85,506.85,500.0,500.05,501.6,503.58,4559,229581525000.0,,2517.0,0.5521
2003-03-19,BRITANNIA,EQ,501.6,544.05,599.0,490.0,500.0,500.2,502.43,2798,140580885000.0,,1708.0,0.6104
2003-03-20,BRITANNIA,EQ,500.2,510.0,510.0,492.0,498.95,499.2,500.34,3045,152354495000.0,,2244.0,0.7369
2003-03-21,BRITANNIA,EQ,499.2,492.0,499.95,492.0,499.0,498.5,497.48,7769,386492455000.0,,6998.0,0.9008
2003-03-22,BRITANNIA,EQ,498.5,493.5,503.75,493.5,499.25,498.85,496.96,2208,109728900000.0,,1467.0,0.6644
2003-03-24,BRITANNIA,EQ,498.85,499.0,501.9,496.05,500.05,499.85,499.14,1941,96882605000.0,,1389.0,0.7156
2003-03-25,BRITANNIA,EQ,499.85,504.0,504.0,495.2,500.0,499.95,498.16,4509,224618170000.00003,,3934.0,0.8725
2003-03-26,BRITANNIA,EQ,499.95,495.0,503.7,493.1,501.25,500.8,499.35,3109,155249195000.0,,2099.0,0.6751
2003-03-27,BRITANNIA,EQ,500.8,501.5,501.5,482.1,491.45,496.05,496.29,9304,461743780000.0,,7235.0,0.7776000000000001
2003-03-28,BRITANNIA,EQ,496.05,498.6,500.9,487.1,500.0,500.1,497.85,4391,218605710000.0,,3731.0,0.8497
2003-03-31,BRITANNIA,EQ,500.1,499.85,503.0,495.0,502.9,497.2,498.66,2717,135485355000.0,,2324.0,0.8554
2003-04-01,BRITANNIA,EQ,497.2,507.0,507.0,495.1,495.55,495.75,499.1,2106,105109570000.0,,1164.0,0.5527000000000001
2003-04-02,BRITANNIA,EQ,495.75,496.05,499.95,495.55,499.45,499.55,497.43,461,22931435000.0,,313.0,0.679
2003-04-03,BRITANNIA,EQ,499.55,500.0,502.95,495.65,499.15,499.15,499.0,4674,233233640000.0,,4356.0,0.932
2003-04-04,BRITANNIA,EQ,499.15,499.5,500.0,494.0,499.9,499.75,497.64,2680,133367735000.00002,,1869.0,0.6973999999999999
2003-04-07,BRITANNIA,EQ,499.75,508.0,524.95,503.0,511.0,519.35,524.13,128004,6709097075000.0,,125145.0,0.9777
2003-04-08,BRITANNIA,EQ,519.35,510.0,524.0,508.3,514.0,514.25,519.48,12211,634335895000.0,,7229.0,0.5920000000000001
2003-04-09,BRITANNIA,EQ,514.25,516.4,517.0,510.0,514.15,513.8,514.63,7025,361526990000.0,,6584.0,0.9372
2003-04-10,BRITANNIA,EQ,513.8,515.0,522.95,507.55,522.95,520.7,520.49,12060,627710405000.0,,10900.0,0.9037999999999999
2003-04-11,BRITANNIA,EQ,520.7,525.0,530.0,516.05,530.0,528.0,525.76,4781,251366360000.0,,3893.0,0.8143000000000001
2003-04-15,BRITANNIA,EQ,528.0,529.95,531.0,520.8,524.9,524.35,525.05,2925,153578190000.0,,1800.0,0.6154000000000001
2003-04-16,BRITANNIA,EQ,524.35,518.6,524.0,510.05,510.5,511.35,515.17,2002,103137780000.0,,1458.0,0.7283
2003-04-17,BRITANNIA,EQ,511.35,524.0,528.45,512.05,518.15,518.6,519.73,3595,186844060000.0,,2198.0,0.6114
2003-04-21,BRITANNIA,EQ,518.6,514.0,518.6,508.25,508.45,510.15,512.48,2537,130015464999.99998,,1543.0,0.6082
2003-04-22,BRITANNIA,EQ,510.15,503.0,515.7,503.0,513.35,512.85,509.27,3267,166377565000.0,,2435.0,0.7453000000000001
2003-04-23,BRITANNIA,EQ,512.85,508.7,515.0,507.8,509.0,510.3,511.89,1283,65675930000.00001,,667.0,0.5199
2003-04-24,BRITANNIA,EQ,510.3,500.0,512.9,500.0,501.0,507.6,507.77,11019,559511010000.0,,7874.0,0.7145999999999999
2003-04-25,BRITANNIA,EQ,507.6,508.7,515.0,502.15,515.0,513.7,510.39,4095,209005030000.0,,2815.0,0.6874
2003-04-28,BRITANNIA,EQ,513.7,544.0,544.0,507.05,515.25,516.6,516.39,4190,216366110000.0,,3165.0,0.7554000000000001
2003-04-29,BRITANNIA,EQ,516.6,510.7,524.0,510.7,515.5,516.2,516.78,1468,75862900000.0,,1062.0,0.7234
2003-04-30,BRITANNIA,EQ,516.2,512.6,516.75,512.6,515.45,514.75,514.32,2719,139843525000.0,,2258.0,0.8305
2003-05-02,BRITANNIA,EQ,514.75,510.6,519.0,509.0,516.9,514.3,511.91,1887,96597120000.0,,993.0,0.5262
2003-05-05,BRITANNIA,EQ,514.3,519.3,529.95,516.1,524.0,524.55,523.3,11302,591433760000.0,,9953.0,0.8806
2003-05-06,BRITANNIA,EQ,524.55,529.5,530.0,506.0,522.0,522.25,520.4,10870,565671470000.0,,7346.0,0.6758
2003-05-07,BRITANNIA,EQ,522.25,510.0,550.0,510.0,545.1,547.5,544.52,154196,8396266920000.0,,126433.0,0.8199
2003-05-08,BRITANNIA,EQ,547.5,531.1,540.0,525.15,527.0,527.75,530.46,8846,469240540000.00006,,4882.0,0.5519
2003-05-09,BRITANNIA,EQ,527.75,520.0,550.0,520.0,541.1,549.55,548.42,111778,6130153320000.0,,100878.0,0.9025
2003-05-12,BRITANNIA,EQ,549.55,532.25,589.0,525.0,538.0,537.8,540.79,9420,509427150000.0,,5753.0,0.6107
2003-05-13,BRITANNIA,EQ,537.8,527.05,544.9,527.05,535.0,537.6,536.67,3998,214560725000.0,,2372.0,0.5933
2003-05-14,BRITANNIA,EQ,537.6,545.35,552.0,540.0,547.9,548.75,548.53,37215,2041340364999.9998,,29246.0,0.7859
2003-05-15,BRITANNIA,EQ,548.75,547.6,555.0,542.0,545.0,544.8,546.85,8594,469959780000.0,,4545.0,0.5289
2003-05-16,BRITANNIA,EQ,544.8,542.25,546.9,535.0,535.0,535.2,538.0,3487,187599420000.0,,2737.0,0.7848999999999999
2003-05-19,BRITANNIA,EQ,535.2,525.0,535.0,525.0,535.0,532.7,531.01,8153,432932075000.0,,4930.0,0.6047
2003-05-20,BRITANNIA,EQ,532.7,536.9,536.9,530.0,534.95,533.25,532.55,2946,156889935000.0,,1894.0,0.6429
2003-05-21,BRITANNIA,EQ,533.25,531.05,536.45,531.0,533.0,533.0,533.61,5250,280147845000.0,,3292.0,0.627
2003-05-22,BRITANNIA,EQ,533.0,526.0,538.95,526.0,534.9,534.2,534.12,4759,254187190000.0,,4069.0,0.855
2003-05-23,BRITANNIA,EQ,534.2,535.0,539.0,528.5,538.9,538.15,536.55,5154,276537290000.0,,2611.0,0.5065999999999999
2003-05-26,BRITANNIA,EQ,538.15,540.0,540.0,534.0,539.0,537.85,537.16,3815,204928195000.0,,1703.0,0.4464
2003-05-27,BRITANNIA,EQ,537.85,533.4,538.65,533.0,533.0,533.65,534.05,1830,97730330000.0,,1101.0,0.6016
2003-05-28,BRITANNIA,EQ,533.65,533.1,535.0,526.0,526.0,527.75,530.92,2354,124977914999.99998,,1593.0,0.6767000000000001
2003-05-29,BRITANNIA,EQ,527.75,526.0,537.5,526.0,533.25,535.1,531.9,6169,328126385000.0,,4157.0,0.6739
2003-05-30,BRITANNIA,EQ,535.1,538.5,538.9,528.05,529.05,530.1,531.05,5765,306150670000.0,,4093.0,0.71
2003-06-02,BRITANNIA,EQ,530.1,529.2,533.75,525.5,530.1,530.15,530.31,11358,602323120000.0,,8726.0,0.7683
2003-06-03,BRITANNIA,EQ,530.15,530.5,534.9,521.1,525.1,525.15,525.11,7748,406858700000.0,,5790.0,0.7473000000000001
2003-06-04,BRITANNIA,EQ,525.15,528.6,538.0,528.6,535.0,532.6,533.29,5699,303919850000.0,,2453.0,0.4304
2003-06-05,BRITANNIA,EQ,532.6,525.5,535.0,525.5,535.0,534.3,532.35,5452,290237795000.0,,3890.0,0.7134999999999999
2003-06-06,BRITANNIA,EQ,534.3,538.5,538.5,530.0,534.0,534.65,534.33,6156,328930745000.0,,4789.0,0.7779
2003-06-09,BRITANNIA,EQ,534.65,539.95,585.0,532.6,550.0,545.35,540.85,11311,611760335000.0,,10057.0,0.8891
2003-06-10,BRITANNIA,EQ,545.35,542.65,548.0,538.3,543.3,545.0,543.86,7180,390493060000.0,,4650.0,0.6476000000000001
2003-06-11,BRITANNIA,EQ,545.0,541.6,543.0,535.0,542.0,540.25,540.66,6067,328016500000.0,,3515.0,0.5794
2003-06-12,BRITANNIA,EQ,540.25,533.1,539.95,533.1,536.85,535.85,536.15,2551,136773010000.00002,,1945.0,0.7624
2003-06-13,BRITANNIA,EQ,535.85,537.0,574.8,527.05,542.0,546.35,553.93,70868,3925606990000.0,,20539.0,0.2898
2003-06-16,BRITANNIA,EQ,546.35,555.0,557.0,532.15,532.15,537.5,545.53,12637,689390860000.0,,5833.0,0.46159999999999995
2003-06-17,BRITANNIA,EQ,537.5,539.1,541.95,528.0,529.0,531.7,534.58,8505,454661640000.00006,,6047.0,0.711
2003-06-18,BRITANNIA,EQ,531.7,542.15,542.15,528.55,531.0,531.3,531.04,6102,324040915000.0,,3157.0,0.5174000000000001
2003-06-19,BRITANNIA,EQ,531.3,532.0,536.0,530.1,535.0,535.25,533.58,5195,277194395000.0,,3569.0,0.687
2003-06-20,BRITANNIA,EQ,535.25,538.95,539.0,530.0,535.0,533.65,533.06,2519,134276770000.0,,1557.0,0.6181
2003-06-23,BRITANNIA,EQ,533.65,535.0,535.0,523.25,524.0,527.55,530.44,7601,403189255000.0,,7058.0,0.9286
2003-06-24,BRITANNIA,EQ,527.55,522.15,528.9,522.15,526.0,525.45,525.88,4689,246584940000.0,,3890.0,0.8296
2003-06-25,BRITANNIA,EQ,525.45,521.0,528.65,516.0,517.15,522.75,523.03,17453,912850965000.0,,15621.0,0.895
2003-06-26,BRITANNIA,EQ,522.75,523.0,524.0,515.1,524.0,519.3,518.49,15882,823462720000.0,,6634.0,0.4177
2003-06-27,BRITANNIA,EQ,519.3,520.0,523.5,513.0,514.9,514.75,515.58,7253,373947410000.0,,4798.0,0.6615000000000001
2003-06-30,BRITANNIA,EQ,514.75,515.0,521.0,512.35,521.0,519.95,518.43,5746,297888930000.0,,2868.0,0.4991
2003-07-01,BRITANNIA,EQ,519.95,520.2,522.8,515.1,518.95,517.0,518.15,4075,211144425000.0,,2199.0,0.5396
2003-07-02,BRITANNIA,EQ,517.0,519.95,519.95,515.0,518.95,518.15,517.11,5728,296201180000.0,,3982.0,0.6951999999999999
2003-07-03,BRITANNIA,EQ,518.15,520.5,537.0,516.05,533.5,533.15,526.73,24536,1292372565000.0,,14820.0,0.604
2003-07-04,BRITANNIA,EQ,533.15,526.05,542.0,521.0,542.0,536.75,532.97,19200,1023306244999.9999,,10184.0,0.5304
2003-07-07,BRITANNIA,EQ,536.75,540.0,544.0,531.55,536.0,536.2,537.82,5059,272085350000.0,,2834.0,0.5602
2003-07-08,BRITANNIA,EQ,536.2,536.0,541.0,535.0,538.0,540.35,538.92,5167,278462515000.0,,3623.0,0.7012
2003-07-09,BRITANNIA,EQ,540.35,532.5,540.0,532.5,535.3,538.75,537.71,2667,143407780000.0,,2053.0,0.7698
2003-07-10,BRITANNIA,EQ,538.75,539.9,539.9,530.2,530.6,530.9,532.93,8902,474416245000.0,,8370.0,0.9401999999999999
2003-07-11,BRITANNIA,EQ,530.9,530.0,554.0,527.2,552.0,550.15,547.55,55576,3043076895000.0,,43567.0,0.7839
2003-07-14,BRITANNIA,EQ,550.15,550.0,555.55,543.5,549.95,550.05,551.7,8543,471318640000.00006,,6146.0,0.7194
2003-07-15,BRITANNIA,EQ,550.05,536.0,555.0,535.0,541.05,542.0,543.74,2419,131530555000.0,,1852.0,0.7656000000000001
2003-07-16,BRITANNIA,EQ,542.0,542.0,547.9,541.7,542.0,542.3,544.25,1714,93284860000.0,,917.0,0.535
2003-07-17,BRITANNIA,EQ,542.3,542.0,544.9,532.0,543.95,540.4,541.06,5109,276428035000.0,,4184.0,0.8189000000000001
2003-07-18,BRITANNIA,EQ,540.4,540.0,546.0,533.85,540.0,540.25,541.74,3212,174005605000.0,,1846.0,0.5747
2003-07-21,BRITANNIA,EQ,540.25,545.0,545.0,535.0,535.0,535.55,536.75,2277,122219045000.0,,1988.0,0.8731
2003-07-22,BRITANNIA,EQ,535.55,532.0,538.8,532.0,535.0,535.25,535.28,3335,178515495000.0,,2941.0,0.8819
2003-07-23,BRITANNIA,EQ,535.25,527.25,542.0,527.25,540.9,539.75,535.01,8398,449303200000.0,,5517.0,0.6569
2003-07-24,BRITANNIA,EQ,539.75,539.7,539.7,533.0,535.8,535.05,535.29,1764,94425175000.0,,1283.0,0.7273000000000001
2003-07-25,BRITANNIA,EQ,535.05,535.1,557.0,533.5,555.0,551.5,549.08,22949,1260078260000.0,,18319.0,0.7981999999999999
2003-07-28,BRITANNIA,EQ,551.5,540.9,558.0,540.9,551.0,549.5,551.37,6547,360984345000.0,,5238.0,0.8001
2003-07-29,BRITANNIA,EQ,549.5,536.95,553.95,535.0,553.25,549.65,547.07,4282,234255979999.99997,,2942.0,0.6870999999999999
2003-07-30,BRITANNIA,EQ,549.65,555.25,568.0,548.0,552.0,553.6,558.37,13796,770328875000.0,,8091.0,0.5865
2003-07-31,BRITANNIA,EQ,553.6,540.55,560.0,540.55,547.0,542.95,548.35,6179,338826150000.0,,4603.0,0.7449
2003-08-01,BRITANNIA,EQ,542.95,545.05,553.0,544.0,548.0,547.45,547.62,4395,240681110000.0,,3607.0,0.8207
2003-08-04,BRITANNIA,EQ,547.45,554.0,554.0,546.1,546.6,547.1,547.43,2882,157769515000.0,,2529.0,0.8775000000000001
2003-08-05,BRITANNIA,EQ,547.1,558.0,558.0,544.0,544.5,544.7,545.61,3574,195001520000.0,,2417.0,0.6763
2003-08-06,BRITANNIA,EQ,544.7,555.0,555.0,538.55,543.0,541.1,541.64,3844,208207860000.0,,2942.0,0.7653
2003-08-07,BRITANNIA,EQ,541.1,540.55,544.95,540.55,543.0,543.7,542.61,1546,83888175000.0,,1261.0,0.8157
2003-08-08,BRITANNIA,EQ,543.7,548.85,554.0,543.0,548.0,549.85,548.1,6657,364872685000.0,,5331.0,0.8008
2003-08-11,BRITANNIA,EQ,549.85,544.0,552.5,544.0,552.0,550.25,550.03,5863,322484050000.0,,5333.0,0.9096
2003-08-12,BRITANNIA,EQ,550.25,550.0,562.0,550.0,558.0,557.35,557.37,8540,475991495000.0,,6461.0,0.7565999999999999
2003-08-13,BRITANNIA,EQ,557.35,551.0,558.75,549.0,555.0,555.15,551.94,17839,984598305000.0001,,13440.0,0.7534000000000001
2003-08-14,BRITANNIA,EQ,555.15,550.0,561.95,550.0,559.0,559.65,557.99,5493,306506535000.0,,4608.0,0.8389
2003-08-18,BRITANNIA,EQ,559.65,555.0,566.5,555.0,564.0,562.15,563.3,52771,2972583005000.0,,32946.0,0.6243
2003-08-19,BRITANNIA,EQ,562.15,560.0,570.0,559.0,559.5,559.9,563.34,5217,293893030000.0,,3697.0,0.7086
2003-08-20,BRITANNIA,EQ,559.9,560.0,563.9,548.1,562.0,560.6,560.43,12725,713144775000.0,,10721.0,0.8425
2003-08-21,BRITANNIA,EQ,560.6,546.5,570.0,546.5,562.0,561.1,562.74,9076,510742425000.0,,7090.0,0.7812000000000001
2003-08-22,BRITANNIA,EQ,561.1,558.0,564.0,555.0,555.0,557.2,560.61,6635,371965425000.0,,5365.0,0.8086
2003-08-25,BRITANNIA,EQ,557.2,550.65,564.9,548.0,553.0,549.8,558.29,16127,900346894999.9999,,13052.0,0.8093000000000001
2003-08-26,BRITANNIA,EQ,549.8,560.0,562.0,548.0,559.5,558.7,555.29,7974,442785695000.0,,6185.0,0.7756000000000001
2003-08-27,BRITANNIA,EQ,558.7,542.0,561.0,542.0,557.0,556.65,557.9,21847,1218844395000.0,,16206.0,0.7418000000000001
2003-08-28,BRITANNIA,EQ,556.65,554.0,560.0,550.55,556.0,556.7,555.94,13630,757746800000.0,,9956.0,0.7304
2003-08-29,BRITANNIA,EQ,556.7,550.0,564.0,550.0,560.0,560.3,560.4,21643,1212882085000.0,,17854.0,0.8249
2003-09-01,BRITANNIA,EQ,560.3,548.0,571.5,548.0,568.25,569.15,568.18,15953,906416815000.0,,13230.0,0.8293
2003-09-02,BRITANNIA,EQ,569.15,556.0,570.0,556.0,558.75,558.9,559.25,5353,299368580000.0,,3981.0,0.7437
2003-09-03,BRITANNIA,EQ,558.9,550.55,565.0,550.15,558.0,559.05,557.48,47997,2675727155000.0,,29805.0,0.621
2003-09-04,BRITANNIA,EQ,559.05,569.0,571.0,548.15,557.0,558.6,558.77,7537,421144940000.00006,,3585.0,0.4757
2003-09-05,BRITANNIA,EQ,558.6,553.5,560.0,550.0,560.0,559.8,557.39,6789,378411495000.0,,4164.0,0.6133
2003-09-08,BRITANNIA,EQ,559.8,556.0,569.8,556.0,569.4,565.45,562.67,15066,847720085000.0,,11868.0,0.7877
2003-09-09,BRITANNIA,EQ,565.45,570.0,573.85,562.0,562.0,564.75,567.27,9518,539930690000.00006,,6468.0,0.6796
2003-09-10,BRITANNIA,EQ,564.75,565.0,569.0,560.15,567.8,563.95,564.85,1999,112913785000.00002,,1272.0,0.6363000000000001
2003-09-11,BRITANNIA,EQ,563.95,568.0,574.2,551.0,574.2,566.4,564.6,3963,223749279999.99997,,2711.0,0.6840999999999999
2003-09-12,BRITANNIA,EQ,566.4,556.15,567.75,556.15,564.0,560.6,561.53,5475,307435450000.0,,3480.0,0.6356
2003-09-15,BRITANNIA,EQ,560.6,568.0,568.0,552.1,552.1,556.2,558.52,3661,204472915000.0,,2563.0,0.7001000000000001
2003-09-16,BRITANNIA,EQ,556.2,561.0,580.0,550.6,555.0,562.45,564.54,8916,503341200000.0,,4664.0,0.5231
2003-09-17,BRITANNIA,EQ,562.45,588.0,588.0,543.0,543.1,546.35,551.54,9465,522031665000.00006,,6298.0,0.6654000000000001
2003-09-18,BRITANNIA,EQ,546.35,544.0,553.0,531.0,550.0,549.95,548.56,12117,664694840000.0,,8332.0,0.6876000000000001
2003-09-19,BRITANNIA,EQ,549.95,535.55,569.0,535.55,569.0,563.25,552.91,13079,723151385000.0,,9869.0,0.7545999999999999
2003-09-22,BRITANNIA,EQ,563.25,554.05,563.0,545.25,545.5,545.6,548.31,7077,388040060000.0,,5160.0,0.7291
2003-09-23,BRITANNIA,EQ,545.6,556.7,565.0,542.5,561.75,561.7,556.93,6548,364680465000.0,,4078.0,0.6228
2003-09-24,BRITANNIA,EQ,561.7,556.0,568.85,553.4,558.5,564.7,562.34,6305,354554105000.0,,4246.0,0.6734
2003-09-25,BRITANNIA,EQ,564.7,571.0,573.0,546.0,550.0,550.45,557.12,6508,362571085000.0,,2618.0,0.4023
2003-09-26,BRITANNIA,EQ,550.45,551.0,560.8,550.5,550.6,553.8,553.54,3729,206414140000.0,,1650.0,0.4425
2003-09-29,BRITANNIA,EQ,553.8,542.15,562.95,542.15,561.4,560.2,557.51,5395,300778630000.0,,3356.0,0.6221
2003-09-30,BRITANNIA,EQ,560.2,567.5,567.5,550.0,550.0,551.75,553.39,4935,273098350000.0,,2691.0,0.5453
2003-10-01,BRITANNIA,EQ,551.75,550.0,560.0,548.2,551.0,550.2,553.21,3280,181454115000.0,,1683.0,0.5131
2003-10-03,BRITANNIA,EQ,550.2,555.0,561.0,555.0,557.4,556.2,558.16,4726,263787190000.0,,3777.0,0.7992
2003-10-06,BRITANNIA,EQ,556.2,553.1,558.95,551.1,551.5,552.15,553.09,2699,149279570000.0,,2016.0,0.7469
2003-10-07,BRITANNIA,EQ,552.15,552.0,571.0,550.0,570.0,569.0,560.34,13043,730850600000.0,,10385.0,0.7962
2003-10-08,BRITANNIA,EQ,569.0,570.0,576.0,555.65,565.55,566.45,563.49,5176,291663795000.0,,3499.0,0.6759999999999999
2003-10-09,BRITANNIA,EQ,566.45,558.05,565.0,556.5,558.0,558.7,559.41,3318,185613655000.0,,2390.0,0.7203
2003-10-10,BRITANNIA,EQ,558.7,566.9,567.0,555.3,555.9,557.6,559.34,3926,219596285000.0,,2682.0,0.6831
2003-10-13,BRITANNIA,EQ,557.6,557.0,569.0,553.1,565.0,565.4,560.67,8043,450947359999.99994,,6910.0,0.8591
2003-10-14,BRITANNIA,EQ,565.4,557.0,568.8,555.0,557.0,557.05,560.99,7575,424948300000.0,,5918.0,0.7813
2003-10-15,BRITANNIA,EQ,557.05,551.0,559.5,551.0,553.25,555.15,555.98,6316,351158340000.0,,3926.0,0.6215999999999999
2003-10-16,BRITANNIA,EQ,555.15,558.9,566.5,554.0,555.15,560.8,558.7,18124,1012594744999.9999,,15477.0,0.8540000000000001
2003-10-17,BRITANNIA,EQ,560.8,561.1,574.0,555.0,560.0,558.45,560.01,5912,331077955000.0,,3204.0,0.5418999999999999
2003-10-20,BRITANNIA,EQ,558.45,551.0,575.0,551.0,570.1,572.5,572.98,36624,2098494220000.0,,33354.0,0.9107
2003-10-21,BRITANNIA,EQ,572.5,558.1,572.5,551.0,556.3,559.05,559.81,6092,341037615000.0,,3278.0,0.5381
2003-10-22,BRITANNIA,EQ,559.05,560.15,570.0,560.15,562.95,562.05,564.85,5537,312758620000.0,,3057.0,0.5521
2003-10-23,BRITANNIA,EQ,562.05,554.0,567.0,554.0,566.95,565.8,561.0,7751,434829770000.0,,6140.0,0.7922
2003-10-24,BRITANNIA,EQ,565.8,554.2,564.8,554.2,562.95,561.2,559.65,2480,138793850000.0,,1330.0,0.5363
2003-10-25,BRITANNIA,EQ,561.2,553.3,577.5,553.25,560.0,559.1,558.62,2278,127252520000.0,,,
2003-10-27,BRITANNIA,EQ,559.1,564.95,564.95,551.3,555.0,556.65,555.91,4710,261834935000.0,,4855.0,0.6948000000000001
2003-10-28,BRITANNIA,EQ,556.65,555.0,558.5,553.1,553.4,554.0,554.08,12781,708172575000.0,,12296.0,0.9621
2003-10-29,BRITANNIA,EQ,554.0,549.05,559.0,549.05,554.0,555.05,555.48,1971,109484945000.0,,1275.0,0.6469
2003-10-30,BRITANNIA,EQ,555.05,555.05,572.0,555.05,565.0,568.15,564.47,8274,467043090000.00006,,6884.0,0.8320000000000001
2003-10-31,BRITANNIA,EQ,568.15,572.0,576.5,559.0,571.85,568.9,569.46,8256,470144400000.0,,6488.0,0.7859
2003-11-03,BRITANNIA,EQ,568.9,563.55,573.55,561.35,565.5,567.0,565.98,5981,338512140000.0,,3602.0,0.6022
2003-11-04,BRITANNIA,EQ,567.0,565.0,569.7,558.1,562.7,560.65,563.39,7024,395727935000.0,,4287.0,0.6103000000000001
2003-11-05,BRITANNIA,EQ,560.65,555.0,567.9,555.0,556.0,556.95,558.67,4124,230393615000.0,,2335.0,0.5662
2003-11-06,BRITANNIA,EQ,556.95,557.1,559.8,551.0,553.15,553.35,554.2,9109,504823534999.99994,,5804.0,0.6372
2003-11-07,BRITANNIA,EQ,553.35,550.1,561.0,548.0,560.0,560.0,555.58,5744,319122350000.0,,3534.0,0.6153000000000001
2003-11-10,BRITANNIA,EQ,560.0,560.0,573.0,553.1,558.2,560.0,560.24,1433,80282915000.0,,909.0,0.6343
2003-11-11,BRITANNIA,EQ,560.0,570.0,570.0,555.55,558.0,556.5,557.82,6996,390254165000.0,,5192.0,0.7421
2003-11-12,BRITANNIA,EQ,556.5,552.0,558.1,552.0,552.2,553.15,554.28,5962,330459385000.0,,4943.0,0.8291
2003-11-13,BRITANNIA,EQ,553.15,563.95,563.95,548.1,563.0,559.6,555.66,11216,623232310000.0,,9383.0,0.8366
2003-11-14,BRITANNIA,EQ,559.6,561.9,561.9,548.0,551.0,549.3,553.97,5183,287124930000.0,,3085.0,0.5952000000000001
2003-11-15,BRITANNIA,EQ,549.3,542.0,554.95,542.0,549.0,550.25,550.35,3287,180901340000.0,,2974.0,0.9048
2003-11-17,BRITANNIA,EQ,550.25,559.55,559.55,546.2,546.3,546.7,548.03,7983,437495540000.00006,,6321.0,0.7918000000000001
2003-11-18,BRITANNIA,EQ,546.7,562.7,562.7,540.1,543.0,542.5,543.87,6909,375760340000.0,,4756.0,0.6884
2003-11-19,BRITANNIA,EQ,542.5,540.5,545.05,532.0,533.0,533.6,535.51,9703,519601695000.0,,6314.0,0.6507
2003-11-20,BRITANNIA,EQ,533.6,531.0,545.9,530.0,544.85,543.4,537.81,7637,410727665000.0,,4081.0,0.5344
2003-11-21,BRITANNIA,EQ,543.4,546.0,554.75,535.1,537.1,539.0,541.95,10095,547102750000.0,,7032.0,0.6966
2003-11-24,BRITANNIA,EQ,539.0,536.0,545.0,530.0,530.0,534.1,534.37,7672,409971195000.0,,4496.0,0.5860000000000001
2003-11-25,BRITANNIA,EQ,534.1,534.1,543.9,531.15,539.0,539.45,538.57,18514,997109485000.0,,14947.0,0.8073
2003-11-27,BRITANNIA,EQ,539.45,534.3,549.95,534.05,535.0,534.9,536.18,12007,643795280000.0,,9055.0,0.7541
2003-11-28,BRITANNIA,EQ,534.9,535.0,544.1,531.0,531.2,531.6,533.5,7572,403967405000.0,,5653.0,0.7465999999999999
2003-12-01,BRITANNIA,EQ,531.6,531.1,545.0,531.1,541.0,542.2,538.81,10150,546888270000.0,,6626.0,0.6528
2003-12-02,BRITANNIA,EQ,542.2,546.0,552.0,542.05,552.0,549.4,546.35,7931,433314145000.0,,7089.0,0.8937999999999999
2003-12-03,BRITANNIA,EQ,549.4,541.0,547.0,540.55,542.5,543.2,543.42,6660,361915825000.0,,5134.0,0.7709
2003-12-04,BRITANNIA,EQ,543.2,542.15,567.55,537.6,560.0,562.3,556.11,11430,635633400000.0,,8828.0,0.7724
2003-12-05,BRITANNIA,EQ,562.3,565.0,599.0,553.7,581.0,583.0,577.06,69035,3983752775000.0,,48506.0,0.7026000000000001
2003-12-08,BRITANNIA,EQ,583.0,587.0,614.0,586.0,599.0,599.85,601.49,24107,1450007980000.0,,18207.0,0.7553000000000001
2003-12-09,BRITANNIA,EQ,599.85,602.3,609.9,596.0,599.95,600.9,603.4,17521,1057225560000.0,,12512.0,0.7141
2003-12-10,BRITANNIA,EQ,600.9,575.0,608.0,575.0,605.0,605.5,603.53,12893,778135435000.0,,9266.0,0.7187
2003-12-11,BRITANNIA,EQ,605.5,555.55,639.0,555.55,618.05,619.0,615.13,22531,1385948085000.0,,17289.0,0.7673000000000001
2003-12-12,BRITANNIA,EQ,619.0,620.0,626.0,610.0,615.0,622.75,621.03,25569,1587914235000.0,,21607.0,0.845
2003-12-15,BRITANNIA,EQ,622.75,637.3,638.75,616.5,625.0,623.7,623.96,20254,1263769040000.0,,16864.0,0.8326000000000001
2003-12-16,BRITANNIA,EQ,623.7,639.0,641.0,620.0,634.0,634.95,634.43,20500,1300577280000.0,,15696.0,0.7656999999999999
2003-12-17,BRITANNIA,EQ,634.95,639.8,674.0,633.0,656.0,659.5,658.55,53911,3550308445000.0005,,38565.0,0.7153
2003-12-18,BRITANNIA,EQ,659.5,652.05,665.0,650.0,650.0,653.2,657.28,18603,1222730615000.0,,12607.0,0.6777
2003-12-19,BRITANNIA,EQ,653.2,625.55,661.3,625.55,656.9,659.0,653.9,22121,1446493320000.0,,18822.0,0.8509000000000001
2003-12-22,BRITANNIA,EQ,659.0,659.5,668.95,650.0,661.5,660.65,662.78,14228,943001150000.0,,12162.0,0.8548
2003-12-23,BRITANNIA,EQ,660.65,660.1,670.0,651.0,651.7,660.6,662.77,13760,911973450000.0,,12072.0,0.8773000000000001
2003-12-24,BRITANNIA,EQ,660.6,657.0,666.0,657.0,665.0,664.25,661.7,21115,1397184200000.0,,18766.0,0.8887999999999999
2003-12-26,BRITANNIA,EQ,664.25,630.0,669.7,630.0,666.3,664.85,661.64,25381,1679301100000.0,,22628.0,0.8915000000000001
2003-12-29,BRITANNIA,EQ,664.85,668.0,690.0,645.55,670.0,675.3,679.5,21054,1430624195000.0,,13407.0,0.6368
2003-12-30,BRITANNIA,EQ,675.3,680.0,689.75,662.0,689.0,684.85,677.07,17670,1196378130000.0,,14369.0,0.8131999999999999
2003-12-31,BRITANNIA,EQ,684.85,692.0,695.9,672.05,685.0,685.15,685.53,13146,901199719999.9999,,12019.0,0.9143000000000001
2004-01-01,BRITANNIA,EQ,685.15,687.0,690.0,660.05,683.0,684.6,683.8,16187,1106864365000.0,,12572.0,0.7767000000000001
2004-01-02,BRITANNIA,EQ,684.6,677.1,724.0,677.1,697.9,693.7,694.99,65751,4569612725000.0,,57260.0,0.8709
2004-01-05,BRITANNIA,EQ,693.7,700.0,709.0,695.0,700.0,700.45,698.98,19632,1372231175000.0,,17593.0,0.8961
2004-01-06,BRITANNIA,EQ,700.45,701.0,703.95,680.0,685.1,689.5,696.55,10129,705533105000.0,,8114.0,0.8011
2004-01-07,BRITANNIA,EQ,689.5,672.15,693.0,662.05,676.25,678.4,674.27,6889,464501309999.99994,,4757.0,0.6905
2004-01-08,BRITANNIA,EQ,678.4,676.15,694.05,675.0,686.8,678.35,687.08,7722,530565780000.0,,5788.0,0.7495
2004-01-09,BRITANNIA,EQ,678.35,699.0,699.0,669.95,680.0,675.9,677.1,8212,556033330000.0,,5949.0,0.7244
2004-01-12,BRITANNIA,EQ,675.9,660.0,679.85,660.0,675.1,675.3,673.1,6373,428969534999.99994,,4936.0,0.7745000000000001
2004-01-13,BRITANNIA,EQ,675.3,676.0,687.0,672.15,679.0,677.05,676.12,17435,1178817520000.0,,15823.0,0.9075
2004-01-14,BRITANNIA,EQ,677.05,685.3,690.0,662.0,674.0,669.9,672.73,12192,820189180000.0,,10478.0,0.8593999999999999
2004-01-15,BRITANNIA,EQ,669.9,662.15,689.95,662.15,681.3,679.95,678.78,12088,820514970000.0,,9984.0,0.8259000000000001
2004-01-16,BRITANNIA,EQ,679.95,662.15,680.0,662.1,675.0,679.4,676.19,15138,1023623175000.0,,13816.0,0.9127
2004-01-19,BRITANNIA,EQ,679.4,663.0,688.0,658.9,680.0,679.9,677.32,16036,1086150765000.0,,14343.0,0.8944
2004-01-20,BRITANNIA,EQ,679.9,665.0,684.8,665.0,679.0,679.9,677.82,9124,618447375000.0,,7969.0,0.8734000000000001
2004-01-21,BRITANNIA,EQ,679.9,690.0,690.0,666.35,675.0,675.1,677.06,24888,1685059620000.0,,18783.0,0.7547
2004-01-22,BRITANNIA,EQ,675.1,685.0,720.0,640.2,642.0,646.35,665.22,15191,1010540285000.0,,10299.0,0.6779999999999999
2004-01-23,BRITANNIA,EQ,646.35,670.0,675.0,647.05,675.0,672.55,659.25,15905,1048533200000.0,,11781.0,0.7406999999999999
2004-01-27,BRITANNIA,EQ,672.55,670.05,681.0,661.0,673.0,671.8,672.25,6666,448123465000.00006,,4444.0,0.6667000000000001
2004-01-28,BRITANNIA,EQ,671.8,676.85,698.0,621.0,671.45,653.85,665.86,5963,397051480000.0,,2288.0,0.3837
2004-01-29,BRITANNIA,EQ,653.85,661.8,685.0,610.0,661.0,650.25,654.49,32283,2112889664999.9998,,20753.0,0.6428
2004-01-30,BRITANNIA,EQ,650.25,651.05,660.1,633.0,655.0,656.8,649.54,5884,382189100000.0,,3354.0,0.5700000000000001
2004-02-03,BRITANNIA,EQ,656.8,673.0,673.0,635.05,660.0,655.0,649.77,38786,2520202705000.0,,34258.0,0.8833
2004-02-04,BRITANNIA,EQ,655.0,638.0,665.0,638.0,650.0,660.1,654.7,11859,776404135000.0,,8428.0,0.7107
2004-02-05,BRITANNIA,EQ,660.1,657.0,666.0,650.05,655.0,659.05,655.9,7704,505302195000.0,,4514.0,0.5859000000000001
2004-02-06,BRITANNIA,EQ,659.05,650.05,665.0,641.0,664.95,655.7,650.44,11191,727902860000.0,,5982.0,0.5345000000000001
2004-02-09,BRITANNIA,EQ,655.7,650.55,786.0,650.55,657.05,667.5,674.21,8218,554063855000.0,,5216.0,0.6347
2004-02-10,BRITANNIA,EQ,667.5,660.05,668.65,651.05,660.0,657.8,657.8,3456,227336070000.00003,,2065.0,0.5975
2004-02-11,BRITANNIA,EQ,657.8,664.95,758.0,657.1,661.0,667.3,665.62,6374,424266495000.0,,5013.0,0.7865000000000001
2004-02-12,BRITANNIA,EQ,667.3,685.0,685.0,657.0,668.0,665.95,663.54,7239,480336395000.0,,4820.0,0.6658
2004-02-13,BRITANNIA,EQ,665.95,674.95,681.4,660.0,676.0,680.5,671.78,12854,863502560000.0,,11282.0,0.8776999999999999
2004-02-16,BRITANNIA,EQ,680.5,676.0,676.0,670.0,670.0,670.45,671.97,2790,187478965000.0,,1979.0,0.7093
2004-02-17,BRITANNIA,EQ,670.45,670.0,681.4,665.2,680.0,678.95,676.56,18411,1245621785000.0,,15520.0,0.843
2004-02-18,BRITANNIA,EQ,678.95,650.0,681.45,642.05,675.0,675.45,675.71,7773,525231265000.00006,,5844.0,0.7518000000000001
2004-02-19,BRITANNIA,EQ,675.45,671.4,682.0,671.4,681.45,679.0,678.75,13218,897176485000.0,,9427.0,0.7132
2004-02-20,BRITANNIA,EQ,679.0,680.0,681.45,666.1,681.45,675.95,672.41,7588,510221090000.00006,,5786.0,0.7625000000000001
2004-02-23,BRITANNIA,EQ,675.95,675.0,680.9,652.05,662.0,662.9,671.74,7276,488756230000.0,,5856.0,0.8048000000000001
2004-02-24,BRITANNIA,EQ,662.9,667.0,675.0,644.75,673.0,670.1,663.62,9671,641783165000.0,,4910.0,0.5077
2004-02-25,BRITANNIA,EQ,670.1,660.1,665.05,650.05,660.05,659.65,656.71,6281,412479330000.0,,3354.0,0.534
2004-02-26,BRITANNIA,EQ,659.65,678.0,678.0,652.95,674.95,669.45,664.81,10285,683761565000.0,,5354.0,0.5206000000000001
2004-02-27,BRITANNIA,EQ,669.45,661.0,675.0,657.05,667.8,662.5,666.84,7922,528273145000.0,,4570.0,0.5769
2004-03-01,BRITANNIA,EQ,662.5,670.0,687.0,640.0,646.5,650.15,652.38,14872,970223315000.0,,9833.0,0.6612
2004-03-03,BRITANNIA,EQ,650.15,674.0,678.0,636.3,644.0,644.2,649.15,9965,646878235000.0,,4658.0,0.46740000000000004
2004-03-04,BRITANNIA,EQ,644.2,644.0,655.0,631.6,639.1,642.95,644.3,5313,342315750000.0,,2960.0,0.5571
2004-03-05,BRITANNIA,EQ,642.95,641.0,650.0,641.0,647.0,645.75,646.45,4992,322710145000.0,,3379.0,0.6769
2004-03-08,BRITANNIA,EQ,645.75,645.05,647.05,635.0,637.5,636.85,641.48,9232,592213135000.0,,7877.0,0.8532
2004-03-09,BRITANNIA,EQ,636.85,639.9,642.0,631.2,642.0,641.15,639.26,5294,338422285000.0,,4071.0,0.7690000000000001
2004-03-10,BRITANNIA,EQ,641.15,626.0,652.0,626.0,639.3,638.2,639.0,11727,749351510000.0,,8508.0,0.7255
2004-03-11,BRITANNIA,EQ,638.2,636.5,649.5,635.2,640.0,640.6,640.06,9413,602487675000.0,,7329.0,0.7786
2004-03-12,BRITANNIA,EQ,640.6,644.0,649.7,633.0,649.7,645.45,641.35,7248,464849905000.0,,5520.0,0.7615999999999999
2004-03-15,BRITANNIA,EQ,645.45,635.5,648.6,622.5,626.0,633.45,638.22,9381,598715305000.0,,3607.0,0.38450000000000006
2004-03-16,BRITANNIA,EQ,633.45,627.2,633.45,600.0,607.0,609.85,609.09,7391,450174880000.0,,4432.0,0.5996
2004-03-17,BRITANNIA,EQ,609.85,602.0,613.0,554.95,554.95,588.05,593.86,9116,541362125000.0,,5176.0,0.5678
2004-03-18,BRITANNIA,EQ,588.05,579.0,630.0,562.8,605.0,601.0,593.38,9963,591182550000.0,,6058.0,0.608
2004-03-19,BRITANNIA,EQ,601.0,624.0,650.0,596.5,648.35,639.3,618.18,11389,704043045000.0,,9283.0,0.8151
2004-03-22,BRITANNIA,EQ,639.3,640.05,640.05,600.05,611.0,614.55,618.0,6972,430870830000.0,,3941.0,0.5653
2004-03-23,BRITANNIA,EQ,614.55,604.5,628.0,604.0,614.0,617.1,617.16,3533,218043295000.00003,,2084.0,0.5899
2004-03-24,BRITANNIA,EQ,617.1,618.0,626.35,610.0,620.15,625.0,621.78,4019,249892440000.0,,3106.0,0.7728
2004-03-25,BRITANNIA,EQ,625.0,615.0,620.0,601.75,604.05,605.45,610.19,5245,320045485000.0,,2951.0,0.5626
2004-03-26,BRITANNIA,EQ,605.45,605.0,622.5,601.0,601.1,611.8,611.37,9392,574202120000.0,,6245.0,0.6648999999999999
2004-03-29,BRITANNIA,EQ,611.8,660.0,660.0,599.0,599.0,601.3,603.03,2771,167099570000.0,,2044.0,0.7376
2004-03-30,BRITANNIA,EQ,601.3,601.0,613.95,600.0,613.95,609.8,607.97,9152,556410800000.0,,6157.0,0.6727
2004-03-31,BRITANNIA,EQ,609.8,602.6,640.0,600.15,630.0,630.95,626.03,12120,758744785000.0,,9919.0,0.8184
2004-04-01,BRITANNIA,EQ,630.95,616.0,635.95,611.0,611.0,614.5,620.45,7505,465646945000.0,,2825.0,0.3764
2004-04-02,BRITANNIA,EQ,614.5,606.15,625.0,606.15,623.0,620.0,619.8,2551,158110370000.0,,1145.0,0.44880000000000003
2004-04-05,BRITANNIA,EQ,620.0,610.0,623.0,601.0,615.0,607.7,616.09,5471,337060620000.0,,4686.0,0.8565
2004-04-06,BRITANNIA,EQ,607.7,622.0,628.9,610.0,627.0,624.6,620.66,5782,358865105000.0,,3643.0,0.6301
2004-04-07,BRITANNIA,EQ,624.6,625.8,627.9,605.0,605.0,607.7,616.42,4025,248110404999.99997,,1696.0,0.4214
2004-04-08,BRITANNIA,EQ,607.7,609.1,614.9,601.0,605.6,602.7,605.43,6083,368281965000.0,,3454.0,0.5678
2004-04-12,BRITANNIA,EQ,602.7,604.1,608.0,600.0,600.0,601.5,603.08,5081,306425255000.0,,3159.0,0.6217
2004-04-13,BRITANNIA,EQ,601.5,600.05,620.0,595.1,618.8,615.1,610.14,4226,257845870000.00003,,3007.0,0.7115
2004-04-15,BRITANNIA,EQ,615.1,615.0,628.3,596.4,617.3,614.15,614.42,5455,335166430000.0,,3751.0,0.6876000000000001
2004-04-16,BRITANNIA,EQ,614.15,610.5,627.5,605.0,607.1,608.75,614.5,6442,395858215000.0,,1976.0,0.30670000000000003
2004-04-17,BRITANNIA,EQ,608.75,605.2,613.9,605.05,606.1,606.75,608.69,1219,74199085000.0,,589.0,0.4832
2004-04-19,BRITANNIA,EQ,606.75,608.05,612.45,601.05,602.95,605.95,607.01,2419,146835355000.0,,1461.0,0.604
2004-04-20,BRITANNIA,EQ,605.95,595.1,616.0,581.1,615.7,614.45,609.38,6707,408711040000.0,,3126.0,0.4661
2004-04-21,BRITANNIA,EQ,614.45,608.1,621.0,608.05,620.0,617.8,616.77,3481,214696950000.0,,2820.0,0.8101
2004-04-22,BRITANNIA,EQ,617.8,610.05,630.0,610.05,625.0,622.95,618.4,13009,804471650000.0,,8315.0,0.6392
2004-04-23,BRITANNIA,EQ,622.95,616.5,627.95,616.5,625.0,625.15,623.3,7124,444041420000.0,,6311.0,0.8859
2004-04-27,BRITANNIA,EQ,625.15,635.0,643.0,591.1,612.05,608.45,609.98,10309,628829845000.0,,4009.0,0.3889
2004-04-28,BRITANNIA,EQ,608.45,611.0,620.0,603.0,610.0,610.0,609.84,4527,276074485000.0,,3406.0,0.7524
2004-04-29,BRITANNIA,EQ,610.0,601.0,630.0,601.0,630.0,622.35,612.21,5861,358818355000.0,,3335.0,0.569
2004-04-30,BRITANNIA,EQ,622.35,604.0,618.35,590.0,590.0,598.3,603.77,7019,423788715000.00006,,4910.0,0.6995
2004-05-03,BRITANNIA,EQ,598.3,601.0,608.0,591.1,601.7,601.75,599.48,5148,308611325000.0,,3981.0,0.7733
2004-05-04,BRITANNIA,EQ,601.75,606.1,620.8,605.0,620.0,616.85,613.04,7848,481110400000.0,,5649.0,0.7198000000000001
2004-05-05,BRITANNIA,EQ,616.85,615.1,615.1,606.1,608.5,607.8,608.49,1976,120238600000.0,,1077.0,0.545
2004-05-06,BRITANNIA,EQ,607.8,617.9,617.9,602.0,608.7,605.75,608.49,2302,140074835000.0,,1221.0,0.5304
2004-05-07,BRITANNIA,EQ,605.75,601.0,620.0,601.0,602.0,603.25,603.87,2763,166848775000.0,,1649.0,0.5968
2004-05-10,BRITANNIA,EQ,603.25,614.85,614.85,590.0,592.5,596.15,596.55,3021,180217065000.0,,1690.0,0.5594
2004-05-11,BRITANNIA,EQ,596.15,602.95,602.95,583.1,600.0,600.05,593.66,4893,290475890000.0,,3091.0,0.6317
2004-05-12,BRITANNIA,EQ,600.05,590.2,604.9,580.2,595.5,600.0,595.05,9972,593384540000.0,,5742.0,0.5758
2004-05-13,BRITANNIA,EQ,600.0,625.0,625.0,576.05,583.0,583.3,587.29,15506,910645790000.0,,9674.0,0.6239
2004-05-14,BRITANNIA,EQ,583.3,597.0,597.0,577.0,585.0,586.9,585.05,9432,551819020000.0,,7093.0,0.752
2004-05-17,BRITANNIA,EQ,586.9,535.1,598.0,534.05,568.0,576.8,577.33,11511,664564430000.0,,8838.0,0.7678
2004-05-18,BRITANNIA,EQ,576.8,561.0,593.0,555.0,589.95,579.9,579.52,47972,2780064680000.0,,38479.0,0.8020999999999999
2004-05-19,BRITANNIA,EQ,579.9,580.05,590.0,580.0,585.0,584.6,581.68,11092,645197915000.0,,7376.0,0.665
2004-05-20,BRITANNIA,EQ,584.6,581.0,586.95,578.1,581.0,581.4,581.44,13047,758602380000.0,,9569.0,0.7334
2004-05-21,BRITANNIA,EQ,581.4,585.0,586.0,574.0,578.0,577.2,577.77,18777,1084887760000.0,,12815.0,0.6825
2004-05-24,BRITANNIA,EQ,577.2,570.0,585.0,570.0,585.0,583.15,582.55,1591,92683800000.0,,821.0,0.516
2004-05-25,BRITANNIA,EQ,583.15,577.1,603.9,577.05,600.05,598.9,591.64,5074,300195875000.0,,3250.0,0.6405
2004-05-26,BRITANNIA,EQ,598.9,595.05,604.5,592.1,593.3,596.25,596.95,1921,114673880000.0,,869.0,0.4524
2004-05-27,BRITANNIA,EQ,596.25,591.1,600.0,575.05,575.55,583.0,587.88,7759,456133134999.99994,,2052.0,0.2645
2004-05-28,BRITANNIA,EQ,583.0,555.55,584.95,555.55,581.5,578.05,576.8,5631,324793415000.0,,3311.0,0.588
2004-05-31,BRITANNIA,EQ,578.05,596.95,596.95,557.0,584.6,578.75,575.42,7689,442442720000.0,,4506.0,0.5860000000000001
2004-06-01,BRITANNIA,EQ,578.75,573.0,590.0,573.0,587.1,587.45,583.38,6238,363911545000.0,,2076.0,0.33280000000000004
2004-06-02,BRITANNIA,EQ,587.45,577.0,591.95,577.0,586.0,583.95,582.73,2753,160426320000.0,,515.0,0.18710000000000002
2004-06-03,BRITANNIA,EQ,583.95,581.05,587.0,571.9,579.6,577.5,579.5,8198,475075309999.99994,,886.0,0.1081
2004-06-04,BRITANNIA,EQ,577.5,575.0,582.5,575.0,575.2,578.25,577.45,2923,168788410000.0,,715.0,0.2446
2004-06-07,BRITANNIA,EQ,578.25,588.6,588.95,570.15,585.0,574.55,576.28,4441,255925120000.00003,,1331.0,0.2997
2004-06-08,BRITANNIA,EQ,574.55,575.05,589.0,570.0,581.05,579.1,575.32,5431,312455790000.0,,1836.0,0.3381
2004-06-09,BRITANNIA,EQ,579.1,581.0,584.95,575.0,584.35,582.8,579.47,3059,177261060000.0,,535.0,0.1749
2004-06-10,BRITANNIA,EQ,582.8,585.0,609.0,579.0,597.0,601.4,598.43,20920,1251910660000.0,,8396.0,0.40130000000000005
2004-06-11,BRITANNIA,EQ,601.4,609.3,628.95,609.3,618.0,620.2,620.45,20765,1288363105000.0,,11735.0,0.5651
2004-06-14,BRITANNIA,EQ,620.2,620.5,620.5,601.0,602.0,605.4,609.75,6544,399021440000.0,,2962.0,0.4526
2004-06-15,BRITANNIA,EQ,605.4,612.0,612.0,603.0,609.4,605.75,607.56,3173,192779305000.0,,1209.0,0.381
2004-06-16,BRITANNIA,EQ,605.75,605.75,610.0,583.5,609.0,602.05,598.89,7881,471985090000.00006,,3906.0,0.49560000000000004
2004-06-17,BRITANNIA,EQ,602.05,618.85,628.25,603.0,603.0,609.9,613.31,33911,2079779135000.0002,,16958.0,0.5001
2004-06-18,BRITANNIA,EQ,609.9,605.0,614.95,600.25,601.0,601.75,607.71,7465,453658934999.99994,,3202.0,0.4289
2004-06-21,BRITANNIA,EQ,601.75,608.0,609.25,597.0,601.0,603.65,602.99,9947,599793475000.0,,7783.0,0.7824
2004-06-22,BRITANNIA,EQ,603.65,592.05,607.5,592.05,603.0,604.95,603.31,10924,659058380000.0,,8430.0,0.7717
2004-06-23,BRITANNIA,EQ,604.95,607.0,609.0,595.2,605.9,603.5,602.72,6849,412801230000.0,,3284.0,0.47950000000000004
2004-06-24,BRITANNIA,EQ,603.5,603.5,608.5,590.25,602.0,600.9,601.82,14434,868668150000.0,,7707.0,0.5339
2004-06-25,BRITANNIA,EQ,600.9,606.9,635.0,596.5,630.0,629.65,628.97,279041,17550865869999.998,,273406.0,0.9798000000000001
2004-06-28,BRITANNIA,EQ,629.65,639.95,639.95,618.5,627.5,625.95,628.88,64399,4049921504999.9995,,57863.0,0.8985
2004-06-29,BRITANNIA,EQ,625.95,618.1,626.7,616.05,619.0,620.4,620.25,5001,310186925000.0,,1397.0,0.2793
2004-06-30,BRITANNIA,EQ,620.4,625.9,627.4,620.0,626.35,624.05,624.14,8856,552735445000.0,,2426.0,0.27390000000000003
2004-07-01,BRITANNIA,EQ,624.05,625.3,628.9,621.0,625.5,623.8,623.44,7885,491579995000.0,,715.0,0.0907
2004-07-02,BRITANNIA,EQ,623.8,626.0,626.0,618.0,619.0,621.25,621.53,3184,197896580000.0,,1185.0,0.3722
2004-07-05,BRITANNIA,EQ,621.25,626.0,645.0,617.15,637.75,637.9,643.42,116628,7504060509999.999,,107391.0,0.9208
2004-07-06,BRITANNIA,EQ,637.9,635.15,645.0,629.7,637.05,640.5,644.79,259602,16738829430000.002,,250807.0,0.9661000000000001
2004-07-07,BRITANNIA,EQ,640.5,648.95,648.95,631.4,631.5,633.35,636.97,2212,140897260000.0,,910.0,0.4114
2004-07-08,BRITANNIA,EQ,633.35,601.1,644.0,601.1,621.0,626.45,628.23,5595,351492185000.0,,2967.0,0.5303
2004-07-09,BRITANNIA,EQ,626.45,621.8,635.0,613.5,621.0,623.4,623.11,4542,283015870000.0,,1091.0,0.2402
2004-07-12,BRITANNIA,EQ,623.4,601.1,621.0,601.0,614.95,616.6,613.92,7234,444108130000.0,,1551.0,0.2144
2004-07-13,BRITANNIA,EQ,616.6,615.0,618.0,610.0,617.95,616.65,614.77,4975,305845985000.0,,684.0,0.1375
2004-07-14,BRITANNIA,EQ,616.65,620.0,620.5,606.05,609.0,609.4,610.54,4479,273461304999.99997,,2301.0,0.5136999999999999
2004-07-15,BRITANNIA,EQ,609.4,605.55,615.95,605.55,614.5,613.25,611.26,2326,142180170000.0,,782.0,0.3362
2004-07-16,BRITANNIA,EQ,613.25,614.9,617.95,606.05,613.1,613.85,609.87,3828,233458500000.0,,1502.0,0.3924
2004-07-19,BRITANNIA,EQ,613.85,623.0,623.0,610.15,616.55,619.2,616.68,4751,292982485000.0,,2076.0,0.43700000000000006
2004-07-20,BRITANNIA,EQ,619.2,626.8,628.9,616.0,622.9,620.65,623.08,5809,361947680000.0,,1400.0,0.24100000000000002
2004-07-21,BRITANNIA,EQ,620.65,627.0,654.0,627.0,627.5,631.5,638.27,22289,1422634165000.0,,5993.0,0.26890000000000003
2004-07-22,BRITANNIA,EQ,631.5,644.0,649.5,631.5,635.0,634.45,639.39,12699,811958955000.0,,5320.0,0.4189
2004-07-23,BRITANNIA,EQ,634.45,600.0,630.0,600.0,629.0,628.4,626.68,5548,347683120000.0,,1588.0,0.2862
2004-07-26,BRITANNIA,EQ,628.4,623.15,640.0,623.15,630.05,631.3,630.95,17077,1077473415000.0,,3473.0,0.2034
2004-07-27,BRITANNIA,EQ,631.3,608.1,635.0,608.1,625.75,626.1,627.23,7236,453864495000.0,,3389.0,0.46840000000000004
2004-07-28,BRITANNIA,EQ,626.1,608.55,637.0,608.55,629.0,628.15,628.0,5296,332588310000.0,,2878.0,0.5434
2004-07-29,BRITANNIA,EQ,628.15,612.0,634.0,612.0,627.05,631.2,627.86,7888,495252715000.00006,,4264.0,0.5406000000000001
2004-07-30,BRITANNIA,EQ,631.2,613.5,629.5,613.5,628.5,627.95,625.14,6171,385771510000.0,,2381.0,0.3858
2004-08-02,BRITANNIA,EQ,627.95,621.5,633.0,621.5,629.3,628.3,626.88,2861,179349625000.0,,1013.0,0.35409999999999997
2004-08-03,BRITANNIA,EQ,628.3,622.55,630.45,622.55,623.15,624.35,625.56,5495,343747225000.0,,3967.0,0.7219
2004-08-04,BRITANNIA,EQ,624.35,618.0,633.0,618.0,630.0,630.6,628.58,4564,286882915000.0,,3082.0,0.6753
2004-08-05,BRITANNIA,EQ,630.6,621.7,628.0,621.7,622.3,623.25,624.16,3417,213274475000.0,,832.0,0.24350000000000002
2004-08-06,BRITANNIA,EQ,623.25,615.0,624.9,613.0,618.75,620.0,621.15,1771,110005639999.99998,,860.0,0.48560000000000003
2004-08-09,BRITANNIA,EQ,620.0,626.0,626.0,619.0,621.8,623.05,622.91,2838,176781695000.0,,1942.0,0.6843000000000001
2004-08-10,BRITANNIA,EQ,623.05,626.0,629.0,621.3,625.5,627.3,624.74,1867,116638130000.0,,923.0,0.4944
2004-08-11,BRITANNIA,EQ,627.3,624.2,628.2,624.0,624.0,625.9,625.63,4987,312001820000.0,,2428.0,0.4869
2004-08-12,BRITANNIA,EQ,625.9,624.0,627.85,618.0,621.55,623.7,622.6,2317,144256365000.0,,1175.0,0.5071
2004-08-13,BRITANNIA,EQ,623.7,617.0,629.0,617.0,628.0,627.65,624.93,4667,291654420000.0,,2553.0,0.547
2004-08-16,BRITANNIA,EQ,627.65,633.95,633.95,623.5,631.0,632.6,629.96,5613,353595000000.0,,3959.0,0.7053
2004-08-17,BRITANNIA,EQ,632.6,625.1,636.2,620.5,635.0,634.85,631.31,11679,737305070000.0,,5069.0,0.434
2004-08-18,BRITANNIA,EQ,634.85,625.0,639.0,625.0,637.0,637.6,635.39,4813,305814905000.0,,2736.0,0.5685
2004-08-19,BRITANNIA,EQ,637.6,627.1,639.9,627.1,639.7,639.4,635.91,3090,196496935000.0,,1815.0,0.5874
2004-08-20,BRITANNIA,EQ,639.4,631.95,639.85,631.95,637.0,638.05,637.39,3198,203836900000.0,,1955.0,0.6113000000000001
2004-08-23,BRITANNIA,EQ,638.05,648.0,648.0,631.0,644.4,643.45,641.87,7779,499310780000.0,,7365.0,0.9468000000000001
2004-08-24,BRITANNIA,EQ,643.45,632.05,651.3,632.05,650.0,650.65,648.08,66627,4317987870000.0005,,65597.0,0.9845
2004-08-25,BRITANNIA,EQ,650.65,654.95,666.6,641.0,666.6,659.75,653.5,51130,3341357320000.0,,48412.0,0.9468000000000001
2004-08-26,BRITANNIA,EQ,659.75,665.5,669.8,650.25,665.0,664.7,660.66,80682,5330315670000.0,,70187.0,0.8699
2004-08-27,BRITANNIA,EQ,664.7,665.0,666.85,655.05,662.75,661.5,660.96,15292,1010735600000.0,,13410.0,0.8769
2004-08-30,BRITANNIA,EQ,661.5,660.0,674.0,659.0,671.0,672.45,667.62,24185,1614645245000.0,,23192.0,0.9589
2004-08-31,BRITANNIA,EQ,672.45,662.15,679.4,662.15,673.0,672.15,670.3,24425,1637216965000.0,,20486.0,0.8387000000000001
2004-09-01,BRITANNIA,EQ,672.15,672.0,672.0,665.0,665.25,667.1,667.13,2909,194069515000.0,,1756.0,0.6036
2004-09-02,BRITANNIA,EQ,667.1,650.5,674.0,650.5,670.0,670.3,665.32,15422,1026050405000.0001,,13675.0,0.8867
2004-09-03,BRITANNIA,EQ,670.3,667.0,672.0,660.0,669.0,669.0,664.38,4692,311727070000.0,,3845.0,0.8195
2004-09-06,BRITANNIA,EQ,669.0,671.0,672.0,662.1,668.0,669.7,667.88,9993,667415260000.0,,8174.0,0.818
2004-09-07,BRITANNIA,EQ,669.7,663.5,675.0,663.5,670.0,668.95,670.96,12385,830982485000.0,,9909.0,0.8001
2004-09-08,BRITANNIA,EQ,668.95,653.6,675.0,653.6,672.0,670.6,670.61,9592,643251440000.0,,8372.0,0.8728
2004-09-09,BRITANNIA,EQ,670.6,663.0,675.0,662.75,672.0,671.2,669.78,14412,965287090000.0,,12634.0,0.8765999999999999
2004-09-10,BRITANNIA,EQ,671.2,660.0,672.35,660.0,670.5,669.6,668.31,3146,210249445000.00003,,2182.0,0.6936
2004-09-13,BRITANNIA,EQ,669.6,672.0,674.75,665.45,670.0,670.15,670.02,9390,629150065000.0,,5706.0,0.6077
2004-09-14,BRITANNIA,EQ,670.15,665.05,689.35,660.45,681.0,684.2,674.2,8658,583725825000.0,,4842.0,0.5593
2004-09-15,BRITANNIA,EQ,684.2,664.05,688.75,664.05,670.0,676.45,679.68,5404,367297010000.0,,1943.0,0.35950000000000004
2004-09-16,BRITANNIA,EQ,676.45,662.75,678.0,662.75,672.0,673.85,672.51,3927,264094479999.99997,,1135.0,0.289
2004-09-17,BRITANNIA,EQ,673.85,665.1,676.0,665.1,675.95,673.55,672.91,3794,255301825000.0,,2536.0,0.6684
2004-09-20,BRITANNIA,EQ,673.55,663.0,680.0,663.0,679.6,674.0,674.77,5680,383267345000.0,,3058.0,0.5384000000000001
2004-09-21,BRITANNIA,EQ,674.0,663.55,681.45,663.55,681.45,681.25,679.78,8197,557218100000.0,,7348.0,0.8964
2004-09-22,BRITANNIA,EQ,681.25,672.1,681.45,672.1,680.0,680.3,679.47,5125,348225935000.0,,3912.0,0.7633
2004-09-23,BRITANNIA,EQ,680.3,668.55,685.0,668.55,681.0,681.05,680.04,4902,333355835000.0,,4175.0,0.8517
2004-09-24,BRITANNIA,EQ,681.05,689.8,698.0,670.0,670.0,672.95,679.6,7584,515406984999.99994,,6861.0,0.9047000000000001
2004-09-27,BRITANNIA,EQ,672.95,658.0,673.0,658.0,660.0,665.05,667.76,1486,99229100000.0,,954.0,0.642
2004-09-28,BRITANNIA,EQ,665.05,652.4,668.2,645.0,660.0,660.1,658.83,3387,223147060000.0,,2075.0,0.6126
2004-09-29,BRITANNIA,EQ,660.1,655.25,667.0,655.0,666.5,666.0,662.02,2888,191192810000.0,,1988.0,0.6884
2004-09-30,BRITANNIA,EQ,666.0,660.3,669.75,660.3,661.05,664.85,666.18,7998,532808355000.0,,7224.0,0.9032
2004-10-01,BRITANNIA,EQ,664.85,660.05,660.05,648.0,655.0,655.3,655.26,4811,315243350000.0,,3034.0,0.6306
2004-10-04,BRITANNIA,EQ,655.3,673.8,678.75,649.55,651.0,653.25,659.27,8989,592621125000.0,,7123.0,0.7924
2004-10-05,BRITANNIA,EQ,653.25,665.65,665.65,648.6,653.0,657.6,653.74,5410,353670920000.0,,3961.0,0.7322
2004-10-06,BRITANNIA,EQ,657.6,646.5,658.35,645.05,651.5,648.35,651.04,8193,533399055000.0,,5919.0,0.7223999999999999
2004-10-07,BRITANNIA,EQ,648.35,640.65,656.85,626.05,637.0,634.7,639.41,8006,511907930000.0,,6269.0,0.783
2004-10-08,BRITANNIA,EQ,634.7,647.95,655.0,636.0,649.9,651.2,646.47,5939,383941330000.0,,3830.0,0.6448999999999999
2004-10-09,BRITANNIA,EQ,651.2,652.0,654.8,645.0,649.9,646.55,647.82,1035,67049465000.0,,749.0,0.7237
2004-10-11,BRITANNIA,EQ,646.55,638.0,658.0,638.0,643.0,644.8,645.02,2794,180218890000.0,,2064.0,0.7387
2004-10-12,BRITANNIA,EQ,644.8,640.25,649.0,637.15,637.2,638.2,641.21,2700,173126330000.0,,1904.0,0.7051999999999999
2004-10-14,BRITANNIA,EQ,638.2,630.1,640.0,620.0,620.35,621.35,624.74,7963,497479545000.0,,5745.0,0.7215
2004-10-15,BRITANNIA,EQ,621.35,620.0,631.5,620.0,620.5,620.8,622.81,6506,405202210000.0,,4852.0,0.7458
2004-10-18,BRITANNIA,EQ,620.8,620.8,634.0,620.8,631.0,629.15,625.47,2954,184765260000.0,,2197.0,0.7437
2004-10-19,BRITANNIA,EQ,629.15,640.0,640.0,626.5,627.35,627.8,628.61,1683,105795695000.0,,1033.0,0.6138
2004-10-20,BRITANNIA,EQ,627.8,627.0,638.4,625.2,630.3,633.2,631.25,5060,319410215000.0,,2172.0,0.4292
2004-10-21,BRITANNIA,EQ,633.2,635.0,649.0,634.1,646.7,643.55,639.25,4459,285040025000.0,,3597.0,0.8067000000000001
2004-10-25,BRITANNIA,EQ,643.55,640.0,648.0,635.0,639.0,636.65,640.01,3199,204739105000.0,,2415.0,0.7549
2004-10-26,BRITANNIA,EQ,636.65,643.0,659.0,643.0,650.0,650.1,650.17,10262,667205435000.0,,8659.0,0.8438
2004-10-27,BRITANNIA,EQ,650.1,655.0,655.0,643.1,655.0,654.4,651.04,6085,396156530000.0,,5395.0,0.8865999999999999
2004-10-28,BRITANNIA,EQ,654.4,662.95,669.8,650.25,665.0,663.25,658.19,9285,611127680000.0,,7224.0,0.778
2004-10-29,BRITANNIA,EQ,663.25,642.0,665.0,642.0,660.0,661.15,659.97,6467,426802809999.99994,,5754.0,0.8897
2004-11-01,BRITANNIA,EQ,661.15,645.5,684.0,645.5,674.8,669.25,663.52,6114,405675400000.0,,4617.0,0.7552
2004-11-02,BRITANNIA,EQ,669.25,674.8,678.0,662.55,671.8,670.95,669.32,6242,417791740000.0,,4432.0,0.71
2004-11-03,BRITANNIA,EQ,670.95,667.0,685.0,666.0,680.0,683.15,678.19,12109,821225920000.0,,9422.0,0.7781
2004-11-04,BRITANNIA,EQ,683.15,685.0,685.0,671.1,683.0,680.35,678.24,6462,438276009999.99994,,4945.0,0.7652
2004-11-05,BRITANNIA,EQ,680.35,662.0,687.0,662.0,683.0,682.75,682.38,4516,308163135000.0,,3357.0,0.7434000000000001
2004-11-08,BRITANNIA,EQ,682.75,678.0,685.0,675.0,675.15,678.15,679.0,5780,392459605000.0,,3100.0,0.5363
2004-11-09,BRITANNIA,EQ,678.15,675.0,693.55,672.5,685.0,689.1,684.0,30344,2075541700000.0,,27497.0,0.9062000000000001
2004-11-10,BRITANNIA,EQ,689.1,676.0,700.0,676.0,700.0,699.1,695.66,28191,1961146600000.0,,23623.0,0.838
2004-11-11,BRITANNIA,EQ,699.1,690.0,702.9,690.0,690.0,694.0,696.68,8631,601300940000.0,,7006.0,0.8117000000000001
2004-11-12,BRITANNIA,EQ,694.0,690.0,703.0,685.0,691.0,691.95,693.95,1185,82233595000.0,,957.0,0.8076000000000001
2004-11-16,BRITANNIA,EQ,691.95,678.0,702.0,678.0,690.0,691.75,695.68,9847,685040045000.0,,7731.0,0.7851
2004-11-17,BRITANNIA,EQ,691.75,690.0,700.0,690.0,693.0,695.5,694.85,15960,1108977905000.0,,13161.0,0.8246
2004-11-18,BRITANNIA,EQ,695.5,695.0,702.0,695.0,700.0,699.95,698.31,6440,449711680000.0,,5412.0,0.8404
2004-11-19,BRITANNIA,EQ,699.95,695.0,701.0,695.0,699.0,697.5,698.14,6327,441715659999.99994,,5021.0,0.7936
2004-11-22,BRITANNIA,EQ,697.5,705.5,714.95,695.0,705.2,707.25,701.77,10440,732643695000.0,,8450.0,0.8094
2004-11-23,BRITANNIA,EQ,707.25,728.4,728.4,701.0,715.0,711.4,709.73,12358,877084260000.0,,7553.0,0.6112
2004-11-24,BRITANNIA,EQ,711.4,705.0,724.0,705.0,722.0,719.2,714.32,7592,542315325000.0,,3952.0,0.5205
2004-11-25,BRITANNIA,EQ,719.2,722.0,730.0,713.0,729.5,725.8,720.99,9851,710245000000.0,,7058.0,0.7165
2004-11-29,BRITANNIA,EQ,725.8,720.05,745.0,718.0,732.0,737.15,728.06,43134,3140396025000.0,,40377.0,0.9361
2004-11-30,BRITANNIA,EQ,737.15,732.0,750.0,732.0,750.0,749.25,745.33,44934,3349083680000.0,,40979.0,0.912
2004-12-01,BRITANNIA,EQ,749.25,743.1,764.0,723.3,753.8,756.75,751.82,33973,2554174285000.0,,28476.0,0.8382
2004-12-02,BRITANNIA,EQ,756.75,740.0,780.0,736.0,779.9,774.75,764.8,74261,5679492950000.0,,63042.0,0.8489
2004-12-03,BRITANNIA,EQ,774.75,770.0,785.0,765.25,784.95,780.75,778.99,71188,5545493135000.0,,62024.0,0.8713
2004-12-06,BRITANNIA,EQ,780.75,794.8,795.0,775.0,794.75,791.9,785.06,9972,782859925000.0,,7411.0,0.7432
2004-12-07,BRITANNIA,EQ,791.9,786.0,803.5,785.0,794.9,790.05,793.5,10647,844836240000.0,,8287.0,0.7783
2004-12-08,BRITANNIA,EQ,790.05,780.0,806.0,780.0,801.7,801.65,798.52,11963,955267935000.0,,7867.0,0.6576000000000001
2004-12-09,BRITANNIA,EQ,801.65,790.5,815.0,790.15,806.0,806.45,807.32,16072,1297532540000.0,,11842.0,0.7368000000000001
2004-12-10,BRITANNIA,EQ,806.45,805.0,810.0,799.0,801.0,803.0,804.49,10613,853803815000.0,,9205.0,0.8673000000000001
2004-12-13,BRITANNIA,EQ,803.0,805.0,844.0,805.0,844.0,836.35,819.14,21047,1724047160000.0002,,17557.0,0.8342
2004-12-14,BRITANNIA,EQ,836.35,831.0,858.0,827.0,845.0,847.5,845.75,12864,1087969160000.0,,8898.0,0.6917
2004-12-15,BRITANNIA,EQ,847.5,848.0,850.0,821.0,821.05,829.05,838.82,6695,561592605000.0,,4511.0,0.6738
2004-12-16,BRITANNIA,EQ,829.05,820.0,849.0,815.0,824.8,833.25,838.58,20232,1696620300000.0,,14682.0,0.7256999999999999
2004-12-17,BRITANNIA,EQ,833.25,840.0,854.0,831.0,844.0,838.95,846.82,10121,857062650000.0,,7286.0,0.7199
2004-12-20,BRITANNIA,EQ,838.95,813.2,860.0,776.4,854.8,857.0,845.53,7227,611062580000.0,,5136.0,0.7107
2004-12-21,BRITANNIA,EQ,857.0,865.9,905.0,841.5,900.25,875.7,871.71,17993,1568469580000.0,,16407.0,0.9119
2004-12-22,BRITANNIA,EQ,875.7,865.9,910.0,865.9,900.0,907.9,902.65,12746,1150519575000.0,,8584.0,0.6735
2004-12-23,BRITANNIA,EQ,907.9,908.9,919.0,900.0,900.0,905.15,908.53,7372,669769555000.0,,3811.0,0.517
2004-12-24,BRITANNIA,EQ,905.15,905.0,921.0,885.3,885.3,896.7,908.47,6481,588781730000.0,,3396.0,0.524
2004-12-27,BRITANNIA,EQ,896.7,890.0,912.0,884.0,905.0,908.75,901.0,6894,621150390000.0,,5311.0,0.7704000000000001
2004-12-28,BRITANNIA,EQ,908.75,906.5,929.8,905.0,928.95,926.15,916.73,16401,1503526630000.0,,14433.0,0.88
2004-12-29,BRITANNIA,EQ,926.15,942.0,942.0,904.0,923.0,924.25,931.3,5819,541924375000.0,,4080.0,0.7012
2004-12-30,BRITANNIA,EQ,924.25,926.5,929.95,920.0,920.1,926.55,925.14,19996,1849919839999.9998,,19614.0,0.9809000000000001
2004-12-31,BRITANNIA,EQ,926.55,920.0,925.0,907.05,915.1,916.55,916.23,2156,197538980000.0,,1496.0,0.6939000000000001
2005-01-03,BRITANNIA,EQ,916.55,902.0,944.6,902.0,940.0,931.15,929.16,77979,7245465030000.0,,71916.0,0.9222
2005-01-04,BRITANNIA,EQ,931.15,944.0,944.0,928.0,930.0,930.65,930.82,4258,396341800000.0,,3717.0,0.8729000000000001
2005-01-05,BRITANNIA,EQ,930.65,936.0,944.0,900.0,901.2,905.1,927.49,7447,690701385000.0,,5641.0,0.7575000000000001
2005-01-06,BRITANNIA,EQ,905.1,914.0,916.95,875.0,890.05,901.15,897.29,7123,639142745000.0,,5297.0,0.7436
2005-01-07,BRITANNIA,EQ,901.15,899.0,909.5,895.0,900.0,901.25,902.1,5105,460521550000.0,,4521.0,0.8856
2005-01-10,BRITANNIA,EQ,901.25,901.1,909.0,876.05,902.0,902.15,900.06,4915,442378915000.00006,,4228.0,0.8602
2005-01-11,BRITANNIA,EQ,902.15,890.0,900.0,885.3,898.8,895.95,895.33,3928,351686590000.0,,3500.0,0.891
2005-01-12,BRITANNIA,EQ,895.95,899.9,901.5,884.0,895.0,890.95,895.33,6417,574530740000.0,,6100.0,0.9506
2005-01-13,BRITANNIA,EQ,890.95,900.0,907.0,864.05,901.0,893.95,880.94,5294,466371590000.00006,,4536.0,0.8568000000000001
2005-01-14,BRITANNIA,EQ,893.95,910.0,910.0,875.0,875.55,876.2,887.47,3048,270500675000.0,,2809.0,0.9216
2005-01-17,BRITANNIA,EQ,876.2,920.0,920.0,869.95,869.95,875.5,880.34,6696,589477910000.0,,6104.0,0.9116
2005-01-18,BRITANNIA,EQ,875.5,898.0,905.0,872.5,905.0,896.8,888.08,5032,446881890000.00006,,4445.0,0.8833
2005-01-19,BRITANNIA,EQ,896.8,878.5,899.95,875.0,878.0,878.25,885.95,6399,566919655000.0,,6013.0,0.9397
2005-01-20,BRITANNIA,EQ,878.25,870.5,887.95,850.0,851.0,851.8,859.27,3400,292150660000.0,,3041.0,0.8944
2005-01-24,BRITANNIA,EQ,851.8,878.0,884.9,860.0,880.6,884.2,874.01,10370,906347700000.0,,9549.0,0.9208
2005-01-25,BRITANNIA,EQ,884.2,895.0,895.0,850.0,860.0,867.1,860.72,3330,286618590000.0,,2210.0,0.6637000000000001
2005-01-27,BRITANNIA,EQ,867.1,879.9,879.9,851.1,867.45,864.8,864.89,4553,393783200000.0,,3151.0,0.6920999999999999
2005-01-28,BRITANNIA,EQ,864.8,874.8,875.0,860.0,871.2,870.0,869.88,2967,258092360000.0,,2354.0,0.7934000000000001
2005-01-31,BRITANNIA,EQ,870.0,869.95,880.0,863.05,878.0,876.45,872.29,31630,2759065815000.0,,30957.0,0.9787
2005-02-01,BRITANNIA,EQ,876.45,895.9,911.0,877.95,900.0,900.3,899.24,32709,2941313260000.0,,30931.0,0.9456
2005-02-02,BRITANNIA,EQ,900.3,900.0,909.8,891.55,893.35,899.95,900.3,26287,2366614360000.0,,25042.0,0.9526000000000001
2005-02-03,BRITANNIA,EQ,899.95,900.0,910.9,900.0,900.05,900.05,900.43,22541,2029667489999.9998,,21664.0,0.9611000000000001
2005-02-04,BRITANNIA,EQ,900.05,909.95,909.95,899.0,900.0,901.95,901.29,7315,659292250000.0,,5172.0,0.7070000000000001
2005-02-07,BRITANNIA,EQ,901.95,910.9,910.9,900.0,900.0,900.0,901.36,2798,252199685000.0,,2334.0,0.8342
2005-02-08,BRITANNIA,EQ,900.0,900.0,905.0,891.4,901.9,900.6,900.58,2678,241176175000.0,,1721.0,0.6426000000000001
2005-02-09,BRITANNIA,EQ,900.6,902.0,904.8,881.0,890.0,890.95,889.9,6014,535187205000.0,,4110.0,0.6834
2005-02-10,BRITANNIA,EQ,890.95,886.05,902.0,886.05,902.0,900.1,898.41,1252,112480839999.99998,,723.0,0.5775
2005-02-11,BRITANNIA,EQ,900.1,902.0,902.0,897.25,901.75,900.55,899.99,8391,755180345000.0,,8227.0,0.9805
2005-02-14,BRITANNIA,EQ,900.55,905.0,948.9,905.0,932.0,934.05,928.5,25408,2359138130000.0,,20880.0,0.8218000000000001
2005-02-15,BRITANNIA,EQ,934.05,944.0,944.0,920.0,925.0,925.65,925.6,5232,484276165000.00006,,4210.0,0.8047
2005-02-16,BRITANNIA,EQ,925.65,930.0,936.25,920.1,936.25,934.6,934.36,16271,1520289590000.0,,15269.0,0.9384
2005-02-17,BRITANNIA,EQ,934.6,925.0,939.0,925.0,929.0,929.3,929.92,14847,1380657970000.0,,14571.0,0.9814
2005-02-18,BRITANNIA,EQ,929.3,925.0,928.5,925.0,926.9,926.05,926.18,4136,383066555000.0,,3012.0,0.7282
2005-02-21,BRITANNIA,EQ,926.05,926.0,930.05,923.05,930.05,930.0,926.98,5846,541914690000.00006,,5622.0,0.9617
2005-02-22,BRITANNIA,EQ,930.0,929.95,929.95,914.0,922.0,921.5,920.04,9597,882961969999.9999,,9277.0,0.9667
2005-02-23,BRITANNIA,EQ,921.5,915.0,928.0,915.0,922.0,922.5,922.07,2536,233837854999.99997,,2428.0,0.9573999999999999
2005-02-24,BRITANNIA,EQ,922.5,930.0,930.0,920.0,926.0,925.55,922.95,9825,906803200000.0,,9547.0,0.9717
2005-02-25,BRITANNIA,EQ,925.55,920.3,929.0,920.3,929.0,925.7,925.77,9851,911971355000.0001,,9649.0,0.9795
2005-02-28,BRITANNIA,EQ,925.7,922.0,934.0,922.0,930.0,930.05,929.99,2893,269046879999.99997,,1826.0,0.6312
2005-03-01,BRITANNIA,EQ,930.05,902.0,930.85,878.0,925.0,924.55,923.43,2207,203800265000.0,,1600.0,0.725
2005-03-02,BRITANNIA,EQ,924.55,929.9,930.0,922.0,930.0,928.9,926.19,9702,898586430000.0001,,9285.0,0.9570000000000001
2005-03-03,BRITANNIA,EQ,928.9,928.9,931.5,922.5,930.0,930.05,929.71,8274,769243580000.0,,7888.0,0.9533
2005-03-04,BRITANNIA,EQ,930.05,921.6,931.45,921.6,931.0,930.25,928.45,2424,225057340000.0,,2042.0,0.8423999999999999
2005-03-07,BRITANNIA,EQ,930.25,918.0,936.75,918.0,930.0,930.0,930.54,8223,765186750000.0,,7358.0,0.8948
2005-03-08,BRITANNIA,EQ,930.0,921.2,936.0,921.2,930.0,930.0,930.57,4796,446302340000.00006,,4392.0,0.9158
2005-03-09,BRITANNIA,EQ,930.0,935.0,935.0,922.55,930.0,930.0,930.01,17630,1639608750000.0,,17442.0,0.9893000000000001
2005-03-10,BRITANNIA,EQ,930.0,934.0,937.0,925.4,927.95,926.65,934.12,9805,915908435000.0,,8813.0,0.8987999999999999
2005-03-11,BRITANNIA,EQ,926.65,930.0,935.0,930.0,930.05,930.0,934.65,27583,2578054495000.0,,27201.0,0.9862000000000001
2005-03-14,BRITANNIA,EQ,930.0,930.0,933.0,930.0,930.0,930.0,930.18,1131,105202975000.0,,1131.0,1.0
2005-03-15,BRITANNIA,EQ,930.0,925.1,930.0,922.0,922.0,925.1,926.89,682,63214019999.99999,,377.0,0.5528000000000001
2005-03-16,BRITANNIA,EQ,925.1,925.1,935.0,922.45,930.0,930.05,929.99,8770,815603350000.0,,7815.0,0.8911
2005-03-17,BRITANNIA,EQ,930.05,925.1,932.0,925.0,930.0,930.0,929.64,8192,761563210000.0,,7666.0,0.9358
2005-03-18,BRITANNIA,EQ,930.0,930.0,931.0,925.0,930.0,930.6,929.99,4397,408915160000.0,,4248.0,0.9661000000000001
2005-03-21,BRITANNIA,EQ,930.6,927.0,927.0,890.0,907.75,902.85,916.27,2688,246292045000.00003,,2336.0,0.8690000000000001
2005-03-22,BRITANNIA,EQ,902.85,909.0,910.0,871.0,874.0,875.45,890.42,1946,173275305000.0,,1689.0,0.8679000000000001
2005-03-23,BRITANNIA,EQ,875.45,892.1,892.1,850.0,850.0,850.35,860.54,3225,277523085000.0,,2487.0,0.7712000000000001
2005-03-24,BRITANNIA,EQ,850.35,855.0,879.25,855.0,860.0,860.55,863.73,4011,346442795000.0,,2479.0,0.6181
2005-03-28,BRITANNIA,EQ,860.55,875.0,876.9,835.0,840.0,840.8,861.35,55756,4802546190000.0,,54202.0,0.9721
2005-03-29,BRITANNIA,EQ,840.8,851.0,864.9,841.8,848.55,851.45,849.49,5136,436298750000.0,,4804.0,0.9354000000000001
2005-03-30,BRITANNIA,EQ,851.45,840.65,858.95,840.65,845.0,851.0,853.24,2893,246843770000.00003,,2591.0,0.8956000000000001
2005-03-31,BRITANNIA,EQ,851.0,853.9,865.0,840.0,865.0,849.15,851.7,6258,532995195000.0,,5494.0,0.8779000000000001
2005-04-01,BRITANNIA,EQ,849.15,870.0,880.0,851.15,855.0,859.25,868.02,6233,541033825000.0,,4783.0,0.7674
2005-04-04,BRITANNIA,EQ,859.25,858.0,860.0,848.2,855.0,854.1,852.81,5085,433652565000.00006,,4586.0,0.9019
2005-04-05,BRITANNIA,EQ,854.1,866.85,866.85,841.0,847.1,848.2,845.85,1105,93466780000.0,,579.0,0.524
2005-04-06,BRITANNIA,EQ,848.2,847.0,850.0,835.85,838.0,838.85,843.62,1991,167964475000.0,,1840.0,0.9242
2005-04-07,BRITANNIA,EQ,838.85,850.0,857.5,844.5,855.0,852.65,848.52,4302,365034090000.0,,4040.0,0.9390999999999999
2005-04-08,BRITANNIA,EQ,852.65,861.8,861.8,835.0,845.0,844.7,844.65,11150,941787285000.0,,11040.0,0.9901000000000001
2005-04-11,BRITANNIA,EQ,844.7,837.0,849.95,830.55,846.8,845.15,841.02,2562,215469800000.0,,2063.0,0.8052
2005-04-12,BRITANNIA,EQ,845.15,845.0,859.9,845.0,853.0,849.65,850.85,113,9614630000.0,,72.0,0.6372
2005-04-13,BRITANNIA,EQ,849.65,853.15,859.0,850.0,850.0,850.0,851.57,2337,199011750000.0,,2177.0,0.9315000000000001
2005-04-15,BRITANNIA,EQ,850.0,859.9,859.9,832.05,844.0,841.25,845.28,1466,123918430000.0,,1100.0,0.7503000000000001
2005-04-18,BRITANNIA,EQ,841.25,831.05,840.0,830.0,833.9,832.05,831.63,4302,357765465000.0,,4032.0,0.9372
2005-04-19,BRITANNIA,EQ,832.05,812.0,854.0,812.0,830.0,830.3,833.47,2285,190448885000.0,,1693.0,0.7409
2005-04-20,BRITANNIA,EQ,830.3,835.0,835.0,830.0,830.1,830.3,830.86,330,27418309999.999996,,255.0,0.7726999999999999
2005-04-21,BRITANNIA,EQ,830.3,840.0,843.85,830.5,834.85,834.6,835.85,2422,202443435000.0,,1982.0,0.8183
2005-04-22,BRITANNIA,EQ,834.6,841.0,844.85,830.0,830.0,831.2,835.26,5130,428486420000.0,,2804.0,0.5466
2005-04-25,BRITANNIA,EQ,831.2,832.2,844.6,831.5,840.0,840.55,836.29,3636,304074560000.0,,2869.0,0.7891
2005-04-26,BRITANNIA,EQ,840.55,860.0,865.0,845.0,853.0,855.65,854.29,3456,295241420000.0,,3027.0,0.8759
2005-04-27,BRITANNIA,EQ,855.65,832.0,859.9,832.0,850.0,854.9,854.92,26125,2233490150000.0,,26009.0,0.9956
2005-04-28,BRITANNIA,EQ,854.9,840.0,855.95,840.0,851.0,851.0,850.16,2055,174708110000.0,,2040.0,0.9927
2005-04-29,BRITANNIA,EQ,851.0,855.0,860.0,850.0,853.0,853.05,851.69,1497,127497895000.0,,1290.0,0.8617
2005-05-02,BRITANNIA,EQ,853.05,851.0,858.0,850.0,850.0,854.25,851.02,780,66379450000.0,,660.0,0.8462000000000001
2005-05-03,BRITANNIA,EQ,854.25,850.0,859.35,840.0,853.0,842.55,845.58,648,54793760000.0,,498.0,0.7685
2005-05-04,BRITANNIA,EQ,842.55,850.0,858.0,850.0,850.0,850.8,851.81,963,82029300000.0,,957.0,0.9938
2005-05-05,BRITANNIA,EQ,850.8,851.0,861.9,851.0,854.15,854.2,854.16,196,16741629999.999998,,124.0,0.6327
2005-05-06,BRITANNIA,EQ,854.2,850.05,865.0,850.0,861.0,861.6,858.21,4669,400696170000.0,,4325.0,0.9263
2005-05-09,BRITANNIA,EQ,861.6,852.05,865.0,852.05,860.05,860.7,860.08,2646,227576845000.00003,,2629.0,0.9936
2005-05-10,BRITANNIA,EQ,860.7,860.0,874.0,858.05,862.0,862.3,862.87,8663,747502590000.0,,7026.0,0.8109999999999999
2005-05-11,BRITANNIA,EQ,862.3,860.0,873.95,860.0,865.0,865.0,865.22,6950,601327560000.0,,6375.0,0.9173
2005-05-12,BRITANNIA,EQ,865.0,865.0,880.0,865.0,865.0,865.6,869.93,4466,388508820000.0,,4109.0,0.9201
2005-05-13,BRITANNIA,EQ,865.6,866.5,868.3,850.05,851.05,859.35,864.76,4991,431602915000.00006,,4871.0,0.976
2005-05-16,BRITANNIA,EQ,859.35,859.0,871.0,859.0,864.4,867.35,867.1,1167,101190650000.0,,1028.0,0.8809
2005-05-17,BRITANNIA,EQ,867.35,863.25,874.9,832.05,870.5,870.05,868.42,3965,344330435000.0,,3276.0,0.8262
2005-05-18,BRITANNIA,EQ,870.05,860.0,869.0,857.25,866.0,863.05,862.46,1946,167834020000.0,,1465.0,0.7528
2005-05-19,BRITANNIA,EQ,863.05,853.25,866.95,848.0,850.0,849.3,855.81,1436,122893670000.0,,1057.0,0.7361
2005-05-20,BRITANNIA,EQ,849.3,856.95,856.95,840.0,840.0,845.1,846.23,1544,130658414999.99998,,1458.0,0.9443000000000001
2005-05-23,BRITANNIA,EQ,845.1,857.0,859.95,843.0,843.0,844.8,850.08,882,74976925000.0,,623.0,0.7062999999999999
2005-05-24,BRITANNIA,EQ,844.8,854.0,855.0,830.5,837.0,837.95,839.37,1259,105676485000.00002,,910.0,0.7228
2005-05-25,BRITANNIA,EQ,837.95,850.0,865.75,849.5,851.0,851.05,851.09,3815,324692020000.0,,3426.0,0.898
2005-05-26,BRITANNIA,EQ,851.05,874.0,874.0,851.5,861.0,855.6,856.54,5793,496195759999.99994,,3946.0,0.6812
2005-05-27,BRITANNIA,EQ,855.6,850.05,865.0,840.0,856.85,855.2,855.29,4247,363242710000.0,,3284.0,0.7733
2005-05-30,BRITANNIA,EQ,855.2,850.0,868.0,846.6,860.05,860.2,860.13,6131,527346000000.0,,5712.0,0.9317000000000001
2005-05-31,BRITANNIA,EQ,860.2,869.95,869.95,860.6,868.0,866.1,864.7,3600,311293430000.0,,3120.0,0.8667
2005-06-01,BRITANNIA,EQ,866.1,868.0,874.8,865.0,866.2,866.7,868.77,2291,199034160000.0,,1781.0,0.7774
2005-06-02,BRITANNIA,EQ,866.7,870.0,879.9,865.0,865.0,867.0,873.33,9148,798924800000.0,,5391.0,0.5893
2005-06-03,BRITANNIA,EQ,867.0,874.95,874.95,861.95,874.75,871.0,871.02,4792,417392765000.0,,3676.0,0.7671
2005-06-04,BRITANNIA,EQ,871.0,878.0,882.0,863.0,874.7,874.25,870.18,172,14967029999.999998,,113.0,0.657
2005-06-06,BRITANNIA,EQ,874.25,876.9,876.9,866.0,875.5,875.1,871.2,2350,204731280000.0,,1830.0,0.7787000000000001
2005-06-07,BRITANNIA,EQ,875.1,875.0,877.5,867.7,877.5,873.25,871.53,2735,238362745000.00003,,2572.0,0.9404000000000001
2005-06-08,BRITANNIA,EQ,873.25,873.95,877.95,873.95,877.0,877.05,875.59,2667,233518935000.0,,2426.0,0.9096
2005-06-09,BRITANNIA,EQ,877.05,877.0,878.5,875.0,878.25,877.0,875.64,793,69437905000.0,,740.0,0.9331999999999999
2005-06-10,BRITANNIA,EQ,877.0,872.1,898.0,872.1,893.9,890.3,886.66,3363,298183055000.0,,3041.0,0.9043000000000001
2005-06-13,BRITANNIA,EQ,890.3,900.0,900.0,882.0,885.0,885.55,885.09,1884,166751210000.0,,1624.0,0.8620000000000001
2005-06-14,BRITANNIA,EQ,885.55,885.15,892.6,885.0,885.0,885.0,888.16,1918,170348960000.0,,1557.0,0.8118000000000001
2005-06-15,BRITANNIA,EQ,885.0,889.0,909.0,888.95,909.0,905.85,900.3,13680,1231608820000.0,,12976.0,0.9485
2005-06-16,BRITANNIA,EQ,905.85,909.9,909.9,898.25,900.25,902.0,901.15,4058,365688640000.0,,3696.0,0.9108
2005-06-17,BRITANNIA,EQ,902.0,914.7,914.7,896.5,900.5,900.95,900.54,4850,436760105000.0,,4739.0,0.9771
2005-06-20,BRITANNIA,EQ,900.95,895.0,907.0,885.0,906.5,905.1,900.38,4136,372398400000.0,,3431.0,0.8295
2005-06-21,BRITANNIA,EQ,905.1,900.3,905.0,900.0,905.0,903.65,902.77,4241,382866505000.0,,3981.0,0.9387000000000001
2005-06-22,BRITANNIA,EQ,903.65,900.0,908.0,900.0,901.5,901.5,903.23,22650,2045822960000.0002,,21647.0,0.9557
2005-06-23,BRITANNIA,EQ,901.5,904.0,905.0,900.0,905.0,901.1,900.18,13107,1179866490000.0,,12720.0,0.9705
2005-06-24,BRITANNIA,EQ,901.1,900.05,909.95,900.0,900.1,904.55,903.86,1903,172005385000.0,,1567.0,0.8234
2005-06-27,BRITANNIA,EQ,904.55,908.85,915.0,900.1,910.0,907.45,906.04,6986,632960995000.0,,5892.0,0.8434
2005-06-28,BRITANNIA,EQ,907.45,918.0,918.0,902.0,902.5,903.35,905.24,2294,207661575000.0,,1597.0,0.6962
2005-06-29,BRITANNIA,EQ,903.35,906.0,909.0,903.0,909.0,907.4,904.79,1293,116988814999.99998,,640.0,0.495
2005-06-30,BRITANNIA,EQ,907.4,915.0,915.0,903.3,905.0,906.25,905.31,1815,164314015000.0,,1287.0,0.7091
2005-07-01,BRITANNIA,EQ,906.25,910.0,911.0,906.0,906.25,906.35,906.26,436,39513150000.0,,391.0,0.8968
2005-07-04,BRITANNIA,EQ,906.35,917.5,921.0,906.0,920.0,918.6,911.53,1284,117040935000.00002,,1144.0,0.891
2005-07-05,BRITANNIA,EQ,918.6,890.0,935.0,890.0,925.0,925.05,925.59,7929,733903600000.0,,7637.0,0.9632
2005-07-06,BRITANNIA,EQ,925.05,955.0,955.0,926.1,930.0,930.3,930.28,3844,357601170000.0,,3250.0,0.8455
2005-07-07,BRITANNIA,EQ,930.3,935.0,955.0,928.0,935.05,936.25,938.23,4564,428207265000.00006,,3954.0,0.8663
2005-07-08,BRITANNIA,EQ,936.25,935.0,940.3,920.0,935.1,935.05,935.3,2872,268616910000.0,,1490.0,0.5188
2005-07-11,BRITANNIA,EQ,935.05,939.7,942.0,935.0,935.0,935.0,938.61,5906,554340880000.0,,5166.0,0.8747
2005-07-12,BRITANNIA,EQ,935.0,939.5,943.5,935.0,940.0,940.75,939.9,31143,2927138865000.0,,30959.0,0.9941
2005-07-13,BRITANNIA,EQ,940.75,905.05,949.9,905.05,949.9,944.55,941.25,3121,293762620000.0,,2935.0,0.9404000000000001
2005-07-14,BRITANNIA,EQ,944.55,946.95,963.0,940.0,959.0,958.1,951.5,5245,499061909999.99994,,4624.0,0.8815999999999999
2005-07-15,BRITANNIA,EQ,958.1,911.1,969.5,911.1,966.0,967.3,960.61,4327,415657440000.0,,4167.0,0.963
2005-07-18,BRITANNIA,EQ,967.3,969.0,979.9,955.1,979.9,976.05,964.93,7138,688765265000.0,,7031.0,0.985
2005-07-19,BRITANNIA,EQ,976.05,960.65,985.0,960.65,981.95,979.05,972.01,2437,236878529999.99997,,2026.0,0.8314
2005-07-20,BRITANNIA,EQ,979.05,987.9,1002.0,968.0,1000.0,999.2,987.47,18545,1831267589999.9998,,17694.0,0.9541
2005-07-21,BRITANNIA,EQ,999.2,1003.0,1060.0,999.95,1059.9,1044.8,1016.79,12312,1251872415000.0,,10791.0,0.8765000000000001
2005-07-22,BRITANNIA,EQ,1044.8,1025.0,1050.0,1015.05,1022.5,1025.1,1026.02,3880,398093825000.0,,1411.0,0.36369999999999997
2005-07-25,BRITANNIA,EQ,1025.1,1030.0,1047.95,980.0,1000.0,990.65,1003.42,6335,635664455000.0,,4360.0,0.6881999999999999
2005-07-26,BRITANNIA,EQ,990.65,1010.0,1010.0,996.0,1000.0,1000.9,1000.63,4527,452985655000.0,,3516.0,0.7767000000000001
2005-07-27,BRITANNIA,EQ,1000.9,1005.0,1010.0,1000.0,1009.0,1005.15,1005.03,3835,385429455000.0,,3415.0,0.8905
2005-07-29,BRITANNIA,EQ,1005.15,1005.0,1009.0,1000.0,1008.0,1005.25,1000.98,11818,1182958800000.0,,11469.0,0.9705
2005-08-01,BRITANNIA,EQ,1005.25,1010.0,1015.0,1000.0,1010.0,1008.6,1008.13,4941,498115105000.0,,4410.0,0.8925000000000001
2005-08-02,BRITANNIA,EQ,1008.6,1010.0,1010.4,1002.0,1010.0,1007.75,1007.47,3103,312616755000.0,,2642.0,0.8514
2005-08-03,BRITANNIA,EQ,1007.75,1020.0,1020.0,968.0,1000.0,1000.1,1006.45,6183,622289800000.0,,5676.0,0.918
2005-08-04,BRITANNIA,EQ,1000.1,1009.0,1030.0,1002.0,1015.0,1021.4,1010.4,7135,720917790000.0,,6670.0,0.9348000000000001
2005-08-05,BRITANNIA,EQ,1021.4,1023.0,1055.0,1008.1,1035.0,1034.2,1032.11,21375,2206137555000.0,,20455.0,0.9570000000000001
2005-08-08,BRITANNIA,EQ,1034.2,1035.05,1059.9,1035.05,1059.9,1050.8,1045.81,12400,1296810415000.0,,11501.0,0.9275
2005-08-09,BRITANNIA,EQ,1050.8,1050.0,1062.0,1035.0,1061.9,1054.1,1050.92,12411,1304301520000.0,,11538.0,0.9297
2005-08-10,BRITANNIA,EQ,1054.1,1041.0,1073.0,1041.0,1072.9,1067.55,1061.39,9998,1061182460000.0,,9383.0,0.9385
2005-08-11,BRITANNIA,EQ,1067.55,1067.0,1078.0,1065.1,1075.0,1075.1,1073.02,2129,228446495000.00003,,1622.0,0.7619
2005-08-12,BRITANNIA,EQ,1075.1,1075.0,1089.0,1032.45,1035.2,1050.7,1070.5,2756,295028720000.0,,1928.0,0.6996
2005-08-16,BRITANNIA,EQ,1050.7,1051.0,1140.0,1045.0,1125.0,1110.4,1134.82,28008,3178392265000.0,,27033.0,0.9652
2005-08-17,BRITANNIA,EQ,1110.4,1138.0,1138.0,1101.0,1101.0,1106.75,1117.42,1736,193983605000.0,,1106.0,0.6371
2005-08-18,BRITANNIA,EQ,1106.75,1132.95,1134.0,1080.0,1105.0,1096.25,1097.6,1443,158383930000.0,,847.0,0.5870000000000001
2005-08-19,BRITANNIA,EQ,1096.25,1100.0,1120.0,1095.0,1095.0,1097.2,1102.18,1760,193983945000.0,,1283.0,0.7290000000000001
2005-08-22,BRITANNIA,EQ,1097.2,1110.0,1125.0,1076.0,1105.0,1099.65,1107.68,2618,289990580000.0,,1887.0,0.7208
2005-08-23,BRITANNIA,EQ,1099.65,1156.0,1156.0,1029.95,1034.0,1047.1,1075.41,4131,444251325000.0,,2276.0,0.551
2005-08-24,BRITANNIA,EQ,1047.1,1047.0,1064.9,1040.0,1050.0,1051.9,1045.41,4772,498867505000.0,,2752.0,0.5767
2005-08-25,BRITANNIA,EQ,1051.9,1067.0,1095.0,1055.0,1085.0,1084.35,1073.6,6428,690108730000.0,,5898.0,0.9175
2005-08-26,BRITANNIA,EQ,1084.35,1085.05,1165.1,1085.05,1135.0,1123.8,1118.15,2492,278642250000.0,,1785.0,0.7162999999999999
2005-08-29,BRITANNIA,EQ,1123.8,1130.0,1155.0,1082.05,1155.0,1148.75,1143.83,3563,407545255000.0,,3051.0,0.8563
2005-08-30,BRITANNIA,EQ,1148.75,1136.05,1150.0,1136.05,1144.25,1147.95,1145.91,1486,170282110000.0,,976.0,0.6568
2005-08-31,BRITANNIA,EQ,1147.95,1130.0,1155.0,1130.0,1150.0,1152.1,1150.02,4566,525101080000.0,,4180.0,0.9155
2005-09-01,BRITANNIA,EQ,1152.1,1168.0,1198.0,1150.0,1180.0,1190.35,1166.5,4221,492380040000.00006,,3527.0,0.8356
2005-09-02,BRITANNIA,EQ,1190.35,1181.0,1220.0,1176.0,1220.0,1214.5,1195.24,7520,898817000000.0,,5872.0,0.7809
2005-09-05,BRITANNIA,EQ,1214.5,1208.0,1208.0,1175.1,1180.0,1184.95,1194.78,1315,157113000000.0,,809.0,0.6152000000000001
2005-09-06,BRITANNIA,EQ,1184.95,1200.0,1240.0,1185.05,1240.0,1217.3,1205.55,3562,429415280000.0,,2978.0,0.836
2005-09-08,BRITANNIA,EQ,1217.3,1195.0,1220.0,1195.0,1200.0,1201.95,1206.24,3444,415428310000.0,,2565.0,0.7448
2005-09-09,BRITANNIA,EQ,1201.95,1204.0,1210.0,1197.0,1209.0,1203.05,1200.96,1998,239951690000.0,,1714.0,0.8579000000000001
2005-09-12,BRITANNIA,EQ,1203.05,1200.0,1229.85,1195.0,1200.0,1200.85,1200.39,5892,707271275000.0,,5256.0,0.8921
2005-09-13,BRITANNIA,EQ,1200.85,1177.1,1208.85,1177.1,1200.0,1201.85,1201.65,2220,266765625000.0,,2070.0,0.9324
2005-09-14,BRITANNIA,EQ,1201.85,1200.5,1208.7,1199.95,1200.0,1200.0,1200.18,10353,1242550515000.0,,9801.0,0.9467
2005-09-15,BRITANNIA,EQ,1200.0,1245.0,1245.0,1200.0,1200.0,1200.35,1201.62,3145,377908890000.0,,2120.0,0.6741
2005-09-16,BRITANNIA,EQ,1200.35,1200.0,1225.0,1200.0,1210.0,1210.4,1210.48,2237,270783845000.00003,,1969.0,0.8802
2005-09-19,BRITANNIA,EQ,1210.4,1263.0,1280.0,1125.0,1125.0,1156.2,1193.62,19531,2331254550000.0,,18413.0,0.9428000000000001
2005-09-20,BRITANNIA,EQ,1156.2,1184.95,1208.7,1160.0,1200.0,1200.4,1197.61,12502,1497246295000.0,,10809.0,0.8645999999999999
2005-09-21,BRITANNIA,EQ,1200.4,1201.0,1210.0,1199.75,1200.0,1202.8,1200.28,10630,1275898130000.0,,9642.0,0.9070999999999999
2005-09-22,BRITANNIA,EQ,1202.8,1202.0,1205.95,1200.0,1200.05,1201.0,1200.09,8305,996673015000.0,,8102.0,0.9756
2005-09-23,BRITANNIA,EQ,1201.0,1200.05,1206.75,1195.0,1199.0,1199.7,1199.43,11553,1385705115000.0,,10995.0,0.9517
2005-09-26,BRITANNIA,EQ,1199.7,1211.0,1216.0,1200.0,1209.0,1214.25,1208.41,2100,253766100000.0,,1273.0,0.6062
2005-09-27,BRITANNIA,EQ,1214.25,1215.0,1220.0,1210.0,1220.0,1219.15,1213.38,2282,276893105000.0,,1980.0,0.8677
2005-09-28,BRITANNIA,EQ,1219.15,1211.1,1220.0,1210.0,1211.0,1213.95,1212.29,1052,127532775000.0,,856.0,0.8137000000000001
2005-09-29,BRITANNIA,EQ,1213.95,1226.05,1456.75,1226.05,1305.05,1318.8,1308.43,174286,22804057335000.0,,123324.0,0.7076000000000001
2005-09-30,BRITANNIA,EQ,1318.8,1335.0,1335.0,1241.3,1274.5,1257.45,1294.53,20598,2666470220000.0,,4615.0,0.2241
2005-10-03,BRITANNIA,EQ,1257.45,1249.0,1347.0,1215.0,1253.0,1243.9,1287.12,34031,4380211460000.0,,9380.0,0.2756
2005-10-04,BRITANNIA,EQ,1243.9,1262.0,1320.0,1262.0,1278.0,1274.3,1281.27,10818,1386074235000.0,,2611.0,0.2414
2005-10-05,BRITANNIA,EQ,1274.3,1225.55,1310.0,1225.55,1244.0,1247.8,1265.92,9471,1198949545000.0,,2811.0,0.2968
2005-10-06,BRITANNIA,EQ,1247.8,1253.0,1269.95,1235.0,1245.95,1247.4,1253.4,4506,564782730000.0,,1258.0,0.2792
2005-10-07,BRITANNIA,EQ,1247.4,1267.0,1267.0,1220.0,1225.1,1226.35,1234.51,3404,420227075000.0,,798.0,0.23440000000000003
2005-10-10,BRITANNIA,EQ,1226.35,1249.9,1279.9,1220.0,1263.0,1257.1,1248.42,7105,887000565000.0,,3132.0,0.44079999999999997
2005-10-11,BRITANNIA,EQ,1257.1,1280.5,1280.5,1232.3,1245.6,1247.45,1257.95,4050,509470609999.99994,,2273.0,0.5612
2005-10-13,BRITANNIA,EQ,1247.45,1247.0,1260.0,1213.0,1214.0,1221.25,1231.58,2275,280185450000.0,,1512.0,0.6646
2005-10-14,BRITANNIA,EQ,1221.25,1191.0,1231.95,1180.0,1203.75,1200.2,1205.17,4272,514847295000.0,,2714.0,0.6353
2005-10-17,BRITANNIA,EQ,1200.2,1250.0,1255.0,1200.0,1200.5,1200.6,1206.13,2954,356290085000.0,,1409.0,0.47700000000000004
2005-10-18,BRITANNIA,EQ,1200.6,1219.0,1245.0,1206.15,1225.0,1229.25,1219.29,4804,585744580000.0,,2496.0,0.5196000000000001
2005-10-19,BRITANNIA,EQ,1229.25,1164.0,1234.8,1164.0,1178.0,1176.2,1195.01,2777,331853435000.0,,1451.0,0.5225
2005-10-20,BRITANNIA,EQ,1176.2,1162.0,1228.9,1100.05,1164.9,1139.9,1158.85,3890,450790734999.99994,,1780.0,0.4576
2005-10-21,BRITANNIA,EQ,1139.9,1125.0,1189.0,1125.0,1189.0,1174.95,1156.67,1707,197443125000.0,,1004.0,0.5882000000000001
2005-10-24,BRITANNIA,EQ,1174.95,1191.25,1191.25,1160.25,1190.0,1188.35,1179.04,1296,152803960000.0,,774.0,0.5972
2005-10-25,BRITANNIA,EQ,1188.35,1155.0,1209.9,1155.0,1171.05,1172.95,1184.86,2148,254507845000.00003,,1613.0,0.7509
2005-10-26,BRITANNIA,EQ,1172.95,1192.5,1192.75,1132.0,1147.95,1141.85,1160.35,1472,170802995000.0,,767.0,0.5211
2005-10-27,BRITANNIA,EQ,1141.85,1147.0,1169.0,1147.0,1160.0,1160.45,1158.42,3150,364902195000.0,,2707.0,0.8593999999999999
2005-10-28,BRITANNIA,EQ,1160.45,1160.0,1188.95,1152.35,1160.0,1159.0,1157.39,31547,3651215929999.9995,,5074.0,0.1608
2005-10-31,BRITANNIA,EQ,1159.0,1160.0,1225.0,1155.05,1219.95,1206.55,1174.82,5485,644388435000.0,,3848.0,0.7015000000000001
2005-11-01,BRITANNIA,EQ,1206.55,1200.0,1209.0,1180.0,1208.95,1203.2,1198.2,431,51642400000.0,,216.0,0.5012
2005-11-02,BRITANNIA,EQ,1203.2,1200.0,1224.95,1169.25,1217.0,1221.75,1208.23,3317,400770005000.0,,2530.0,0.7626999999999999
2005-11-07,BRITANNIA,EQ,1221.75,1229.0,1245.0,1224.0,1235.0,1237.25,1234.81,15273,1885928545000.0,,13703.0,0.8972
2005-11-08,BRITANNIA,EQ,1237.25,1249.95,1260.0,1237.0,1258.25,1256.55,1250.75,3780,472783334999.99994,,3287.0,0.8695999999999999
2005-11-09,BRITANNIA,EQ,1256.55,1259.6,1263.0,1235.0,1245.0,1243.65,1245.18,10247,1275937150000.0,,9781.0,0.9545
2005-11-10,BRITANNIA,EQ,1243.65,1260.0,1274.95,1201.0,1221.0,1237.9,1244.06,4586,570525975000.0,,3679.0,0.8022
2005-11-11,BRITANNIA,EQ,1237.9,1156.8,1293.0,1156.8,1260.0,1255.7,1253.95,2829,354742900000.0,,1843.0,0.6515000000000001
2005-11-14,BRITANNIA,EQ,1255.7,1262.5,1263.0,1212.0,1215.0,1230.15,1245.3,3494,435108234999.99994,,2920.0,0.8357
2005-11-16,BRITANNIA,EQ,1230.15,1247.9,1249.95,1216.25,1239.95,1232.3,1234.93,3708,457911125000.0,,2261.0,0.6098
2005-11-17,BRITANNIA,EQ,1232.3,1240.0,1265.0,1225.05,1264.0,1254.55,1234.12,17923,2211908420000.0,,17354.0,0.9683
2005-11-18,BRITANNIA,EQ,1254.55,1238.65,1255.0,1238.0,1240.0,1239.5,1240.28,11252,1395566735000.0,,10451.0,0.9288
2005-11-21,BRITANNIA,EQ,1239.5,1257.95,1257.95,1215.0,1215.0,1218.85,1225.42,5312,650943485000.0,,4212.0,0.7929
2005-11-22,BRITANNIA,EQ,1218.85,1235.85,1240.0,1210.1,1225.05,1227.65,1222.02,6126,748608165000.0,,5056.0,0.8253
2005-11-23,BRITANNIA,EQ,1227.65,1240.0,1240.0,1215.0,1224.9,1222.85,1225.77,545,66804330000.00001,,340.0,0.6239
2005-11-24,BRITANNIA,EQ,1222.85,1229.0,1229.0,1188.0,1200.0,1203.8,1209.68,3373,408025310000.0,,2750.0,0.8153
2005-11-25,BRITANNIA,EQ,1203.8,1172.1,1228.8,1172.1,1212.0,1213.55,1216.74,2115,257341250000.0,,1388.0,0.6563
2005-11-26,BRITANNIA,EQ,1213.55,1234.0,1234.0,1204.0,1209.0,1211.45,1215.86,556,67601580000.00001,,273.0,0.49100000000000005
2005-11-28,BRITANNIA,EQ,1211.45,1224.0,1260.0,1221.0,1250.0,1254.3,1244.86,7967,991782594999.9999,,6029.0,0.7567
2005-11-29,BRITANNIA,EQ,1254.3,1300.0,1300.0,1240.05,1261.0,1261.0,1260.88,120178,15152998810000.0,,3349.0,0.0279
2005-11-30,BRITANNIA,EQ,1261.0,1295.95,1295.95,1240.0,1242.1,1248.7,1263.37,4474,565230965000.0,,2377.0,0.5313
2005-12-01,BRITANNIA,EQ,1248.7,1250.5,1265.0,1250.0,1265.0,1260.25,1259.98,5117,644733405000.0,,4728.0,0.924
2005-12-02,BRITANNIA,EQ,1260.25,1265.0,1287.5,1250.0,1251.05,1265.4,1273.67,6909,879978075000.0,,5484.0,0.7937000000000001
2005-12-05,BRITANNIA,EQ,1265.4,1263.0,1277.95,1261.0,1261.05,1263.8,1265.47,5900,746627125000.0,,5442.0,0.9224
2005-12-06,BRITANNIA,EQ,1263.8,1259.0,1269.0,1259.0,1269.0,1267.15,1265.33,2277,288114950000.0,,1947.0,0.8551000000000001
2005-12-07,BRITANNIA,EQ,1267.15,1260.0,1277.0,1260.0,1277.0,1274.7,1267.33,4061,514662570000.0,,3493.0,0.8601000000000001
2005-12-08,BRITANNIA,EQ,1274.7,1268.2,1300.0,1268.2,1292.0,1291.15,1286.57,4363,561330085000.0,,3953.0,0.9059999999999999
2005-12-09,BRITANNIA,EQ,1291.15,1261.5,1370.0,1261.5,1370.0,1336.25,1317.98,8043,1060054275000.0,,6669.0,0.8292
2005-12-12,BRITANNIA,EQ,1336.25,1340.0,1387.65,1300.0,1307.2,1303.6,1321.48,3245,428819095000.0,,1901.0,0.5858
2005-12-13,BRITANNIA,EQ,1303.6,1345.0,1345.0,1310.8,1325.0,1320.1,1319.84,2302,303827000000.0,,1659.0,0.7206999999999999
2005-12-14,BRITANNIA,EQ,1320.1,1284.0,1325.0,1284.0,1298.5,1303.25,1308.5,4987,652550400000.0,,4023.0,0.8067000000000001
2005-12-15,BRITANNIA,EQ,1303.25,1312.75,1312.75,1275.0,1275.05,1284.15,1296.33,2409,312284990000.0,,1992.0,0.8269
2005-12-16,BRITANNIA,EQ,1284.15,1304.9,1308.0,1277.5,1301.3,1297.9,1299.25,4487,582973755000.0,,3941.0,0.8783
2005-12-19,BRITANNIA,EQ,1297.9,1252.0,1331.7,1252.0,1291.05,1307.85,1309.31,7274,952395125000.0,,5368.0,0.738
2005-12-20,BRITANNIA,EQ,1307.85,1318.55,1318.55,1280.0,1300.1,1296.9,1299.57,2338,303839810000.0,,1548.0,0.6620999999999999
2005-12-21,BRITANNIA,EQ,1296.9,1340.0,1340.0,1225.0,1300.0,1298.6,1299.81,4379,569185425000.0,,3269.0,0.7465
2005-12-22,BRITANNIA,EQ,1298.6,1276.2,1310.0,1276.2,1310.0,1307.55,1301.26,2148,279509895000.0,,1307.0,0.6085
2005-12-23,BRITANNIA,EQ,1307.55,1306.0,1312.7,1305.0,1310.0,1309.8,1309.37,6154,805789195000.0,,5888.0,0.9568000000000001
2005-12-26,BRITANNIA,EQ,1309.8,1265.55,1314.0,1265.55,1314.0,1305.85,1305.29,3141,409992675000.0,,2490.0,0.7927
2005-12-27,BRITANNIA,EQ,1305.85,1281.0,1324.6,1281.0,1322.0,1320.75,1319.78,36352,4797677480000.0,,35770.0,0.9840000000000001
2005-12-28,BRITANNIA,EQ,1320.75,1315.1,1327.4,1315.0,1323.0,1323.3,1323.55,5881,778380700000.0,,5501.0,0.9354000000000001
2005-12-29,BRITANNIA,EQ,1323.3,1323.5,1352.0,1323.5,1349.85,1341.3,1330.28,23469,3122039065000.0,,23061.0,0.9826
2005-12-30,BRITANNIA,EQ,1341.3,1340.05,1368.0,1340.0,1357.0,1360.25,1351.25,5023,678734550000.0,,3922.0,0.7808
2006-01-02,BRITANNIA,EQ,1360.25,1345.1,1389.95,1345.1,1385.25,1376.3,1367.57,1909,261068385000.0,,1563.0,0.8188
2006-01-03,BRITANNIA,EQ,1376.3,1388.9,1409.9,1354.5,1400.45,1401.15,1396.42,5141,717897450000.0,,4011.0,0.7802
2006-01-04,BRITANNIA,EQ,1401.15,1378.0,1418.95,1378.0,1400.0,1400.25,1399.53,1757,245896620000.00003,,1607.0,0.9146
2006-01-05,BRITANNIA,EQ,1400.25,1400.0,1413.95,1400.0,1400.0,1400.1,1404.79,10995,1544562690000.0,,10732.0,0.9761
2006-01-06,BRITANNIA,EQ,1400.1,1401.0,1548.0,1401.0,1490.0,1459.7,1429.49,20996,3001366235000.0,,20037.0,0.9543
2006-01-09,BRITANNIA,EQ,1459.7,1441.4,1520.0,1441.4,1520.0,1513.45,1496.55,4648,695596795000.0,,3567.0,0.7674
2006-01-10,BRITANNIA,EQ,1513.45,1520.0,1527.9,1500.0,1512.55,1521.35,1511.7,3035,458799934999.99994,,1991.0,0.6559999999999999
2006-01-12,BRITANNIA,EQ,1521.35,1500.0,1538.0,1500.0,1500.0,1502.45,1510.6,4337,655147335000.0,,2964.0,0.6834
2006-01-13,BRITANNIA,EQ,1502.45,1493.05,1513.7,1493.05,1510.0,1509.45,1503.24,1789,268930179999.99997,,1408.0,0.787
2006-01-16,BRITANNIA,EQ,1509.45,1500.0,1519.9,1488.75,1501.1,1505.05,1500.07,2175,326264650000.0,,1565.0,0.7195
2006-01-17,BRITANNIA,EQ,1505.05,1510.0,1520.0,1490.0,1490.0,1492.55,1508.44,1079,162760800000.0,,686.0,0.6358
2006-01-18,BRITANNIA,EQ,1492.55,1482.0,1525.0,1482.0,1525.0,1517.85,1503.92,3248,488474570000.0,,2313.0,0.7121
2006-01-19,BRITANNIA,EQ,1517.85,1568.9,1568.9,1490.0,1495.0,1492.5,1508.28,766,115534460000.00002,,399.0,0.5209
2006-01-20,BRITANNIA,EQ,1492.5,1534.0,1534.0,1511.55,1525.0,1525.2,1524.65,14627,2230111260000.0,,13648.0,0.9331
2006-01-23,BRITANNIA,EQ,1525.2,1501.2,1519.0,1501.15,1506.1,1511.0,1509.53,539,81363890000.0,,349.0,0.6475
2006-01-24,BRITANNIA,EQ,1511.0,1500.0,1515.0,1485.0,1485.0,1487.1,1498.66,691,103557535000.0,,417.0,0.6035
2006-01-25,BRITANNIA,EQ,1487.1,1515.0,1528.75,1465.25,1479.95,1480.95,1487.82,1209,179877090000.0,,768.0,0.6352000000000001
2006-01-27,BRITANNIA,EQ,1480.95,1484.95,1500.0,1464.3,1500.0,1489.15,1481.38,6637,983191590000.0,,5238.0,0.7892
2006-01-30,BRITANNIA,EQ,1489.15,1487.95,1488.0,1440.0,1463.0,1464.2,1460.04,4071,594380395000.0,,2549.0,0.6261
2006-01-31,BRITANNIA,EQ,1464.2,1499.9,1499.9,1465.05,1490.0,1473.15,1478.21,18850,2786424215000.0,,17957.0,0.9526000000000001
2006-02-01,BRITANNIA,EQ,1473.15,1465.0,1497.95,1465.0,1491.95,1486.65,1485.45,6454,958706385000.0,,5683.0,0.8805
2006-02-02,BRITANNIA,EQ,1486.65,1485.95,1499.9,1453.0,1499.9,1496.3,1482.86,6880,1020206705000.0001,,3303.0,0.48009999999999997
2006-02-03,BRITANNIA,EQ,1496.3,1499.95,1515.0,1482.05,1512.95,1513.15,1506.74,6253,942161775000.0,,5600.0,0.8956000000000001
2006-02-06,BRITANNIA,EQ,1513.15,1510.0,1527.0,1495.6,1527.0,1524.25,1516.15,3485,528379880000.0,,2968.0,0.8516
2006-02-07,BRITANNIA,EQ,1524.25,1539.9,1539.9,1490.35,1520.0,1520.55,1518.23,3874,588163650000.0,,2887.0,0.7452
2006-02-08,BRITANNIA,EQ,1520.55,1486.3,1525.0,1486.3,1520.0,1521.0,1516.34,6285,953017340000.0,,3173.0,0.5049
2006-02-10,BRITANNIA,EQ,1521.0,1500.0,1550.0,1500.0,1530.0,1540.9,1526.19,4736,722805030000.0,,4052.0,0.8556
2006-02-13,BRITANNIA,EQ,1540.9,1500.9,1548.95,1500.9,1520.0,1520.25,1518.28,2107,319902315000.0,,1508.0,0.7156999999999999
2006-02-14,BRITANNIA,EQ,1520.25,1500.0,1534.95,1500.0,1520.05,1524.9,1520.04,7495,1139272890000.0,,6883.0,0.9183
2006-02-15,BRITANNIA,EQ,1524.9,1500.0,1533.95,1500.0,1512.0,1520.8,1518.82,1370,208077965000.0,,941.0,0.6869
2006-02-16,BRITANNIA,EQ,1520.8,1510.0,1524.85,1500.0,1520.0,1520.0,1517.68,1607,243890770000.00003,,1437.0,0.8942
2006-02-17,BRITANNIA,EQ,1520.0,1529.85,1540.0,1487.6,1540.0,1529.15,1525.48,2288,349029420000.0,,2000.0,0.8741
2006-02-20,BRITANNIA,EQ,1529.15,1501.05,1510.0,1470.0,1500.0,1488.05,1489.71,1799,267998904999.99997,,746.0,0.4147
2006-02-21,BRITANNIA,EQ,1488.05,1499.9,1524.0,1480.0,1520.0,1518.85,1506.91,5533,833771995000.0,,2506.0,0.4529
2006-02-22,BRITANNIA,EQ,1518.85,1549.45,1554.0,1462.3,1538.0,1516.45,1540.18,6221,958147755000.0001,,3977.0,0.6393
2006-02-23,BRITANNIA,EQ,1516.45,1525.0,1528.95,1506.8,1520.0,1520.95,1519.2,4233,643078205000.0,,1772.0,0.4186
2006-02-24,BRITANNIA,EQ,1520.95,1481.0,1518.85,1481.0,1500.0,1503.0,1499.86,1633,244926570000.00003,,1010.0,0.6185
2006-02-27,BRITANNIA,EQ,1503.0,1456.6,1560.0,1456.6,1550.0,1543.7,1522.78,4019,612005190000.0,,3395.0,0.8447
2006-02-28,BRITANNIA,EQ,1543.7,1530.0,1533.0,1511.0,1520.0,1519.7,1516.13,2558,387826050000.0,,1756.0,0.6865000000000001
2006-03-01,BRITANNIA,EQ,1519.7,1522.0,1620.0,1521.0,1610.0,1608.05,1575.44,8433,1328570490000.0,,5998.0,0.7112999999999999
2006-03-02,BRITANNIA,EQ,1608.05,1628.5,1698.0,1628.5,1678.0,1673.8,1668.61,6479,1081091685000.0,,4150.0,0.6405
2006-03-03,BRITANNIA,EQ,1673.8,1610.0,1693.0,1610.0,1685.0,1679.05,1673.96,2160,361574385000.0,,1575.0,0.7292000000000001
2006-03-06,BRITANNIA,EQ,1679.05,1700.0,1768.5,1681.0,1725.0,1737.4,1746.95,39819,6956171555000.0,,36970.0,0.9285
2006-03-07,BRITANNIA,EQ,1737.4,1642.6,1750.0,1642.6,1710.0,1720.85,1726.59,5438,938921569999.9999,,3919.0,0.7206999999999999
2006-03-08,BRITANNIA,EQ,1720.85,1655.0,1750.0,1650.05,1659.95,1656.9,1713.76,8752,1499881455000.0,,7885.0,0.9009
2006-03-09,BRITANNIA,EQ,1656.9,1660.0,1719.95,1649.95,1719.95,1700.0,1697.06,87800,14900221835000.0,,85826.0,0.9775
2006-03-10,BRITANNIA,EQ,1700.0,1663.3,1735.95,1663.3,1701.0,1700.8,1703.59,3347,570192470000.0,,2747.0,0.8207
2006-03-13,BRITANNIA,EQ,1700.8,1680.0,1775.0,1680.0,1737.0,1748.9,1745.7,4928,860282555000.0001,,3917.0,0.7948000000000001
2006-03-14,BRITANNIA,EQ,1748.9,1755.0,1760.0,1721.1,1748.65,1757.95,1743.08,3541,617223110000.0,,2877.0,0.8125
2006-03-16,BRITANNIA,EQ,1757.95,1744.0,1760.0,1725.0,1750.0,1751.25,1744.9,2342,408654815000.0,,1678.0,0.7165
2006-03-17,BRITANNIA,EQ,1751.25,1751.25,1755.0,1696.6,1719.95,1709.35,1734.45,6176,1071193319999.9999,,5859.0,0.9487000000000001
2006-03-20,BRITANNIA,EQ,1709.35,1748.0,1760.0,1725.0,1754.95,1747.55,1746.87,3172,554107460000.0,,2005.0,0.6321
2006-03-21,BRITANNIA,EQ,1747.55,1750.0,1805.0,1731.15,1800.0,1770.35,1761.58,6134,1080553060000.0,,5481.0,0.8935
2006-03-22,BRITANNIA,EQ,1770.35,1800.0,1800.0,1690.1,1705.0,1704.65,1719.65,3450,593280005000.0,,2422.0,0.7020000000000001
2006-03-23,BRITANNIA,EQ,1704.65,1710.0,1772.0,1710.0,1733.0,1733.7,1735.52,5933,1029686430000.0001,,2924.0,0.4928
2006-03-24,BRITANNIA,EQ,1733.7,1747.0,1760.0,1711.0,1750.0,1749.3,1734.46,10274,1781987930000.0,,3584.0,0.34880000000000005
2006-03-27,BRITANNIA,EQ,1749.3,1711.0,1759.95,1711.0,1750.0,1750.4,1741.98,3780,658469590000.0,,1426.0,0.3772
2006-03-28,BRITANNIA,EQ,1750.4,1726.0,1753.5,1719.0,1740.0,1732.15,1740.7,3244,564682500000.0,,2030.0,0.6258
2006-03-29,BRITANNIA,EQ,1732.15,1740.0,1740.0,1710.0,1710.0,1713.75,1719.84,1265,217560240000.0,,650.0,0.5138
2006-03-30,BRITANNIA,EQ,1713.75,1735.0,1760.0,1716.1,1720.0,1754.6,1749.84,5163,903442780000.0001,,4582.0,0.8875000000000001
2006-03-31,BRITANNIA,EQ,1754.6,1710.0,1795.0,1671.5,1795.0,1783.25,1777.82,5385,957353694999.9999,,4676.0,0.8683
2006-04-03,BRITANNIA,EQ,1783.25,1720.0,1950.0,1720.0,1899.0,1899.2,1882.78,7545,1420559665000.0,,5288.0,0.7009000000000001
2006-04-04,BRITANNIA,EQ,1899.2,1880.0,1918.0,1840.0,1870.0,1878.4,1875.77,3539,663835515000.0,,2330.0,0.6584000000000001
2006-04-05,BRITANNIA,EQ,1878.4,1830.0,1960.0,1830.0,1848.95,1846.6,1866.3,5391,1006124025000.0,,4171.0,0.7737
2006-04-07,BRITANNIA,EQ,1846.6,1898.7,1920.0,1852.0,1870.05,1882.95,1884.11,12336,2324236455000.0,,8027.0,0.6507
2006-04-10,BRITANNIA,EQ,1882.95,1805.0,1895.0,1805.0,1859.0,1857.15,1854.69,2574,477398230000.0,,1925.0,0.7479000000000001
2006-04-12,BRITANNIA,EQ,1857.15,1860.0,1864.9,1766.0,1854.75,1806.6,1840.01,4195,771886140000.0,,3135.0,0.7473000000000001
2006-04-13,BRITANNIA,EQ,1806.6,1854.9,1854.9,1750.0,1765.0,1764.25,1785.04,1713,305776850000.0,,1323.0,0.7723000000000001
2006-04-17,BRITANNIA,EQ,1764.25,1800.0,1810.7,1782.0,1810.0,1806.35,1797.77,1702,305980535000.0,,1356.0,0.7967000000000001
2006-04-18,BRITANNIA,EQ,1806.35,1818.0,1838.55,1800.0,1827.0,1805.2,1810.79,911,164963005000.0,,486.0,0.5335
2006-04-19,BRITANNIA,EQ,1805.2,1800.15,1827.7,1775.0,1795.0,1788.1,1796.5,4482,805191070000.0,,3922.0,0.8751000000000001
2006-04-20,BRITANNIA,EQ,1788.1,1788.0,1821.35,1788.0,1805.0,1806.1,1804.72,1716,309689130000.0,,1609.0,0.9376000000000001
2006-04-21,BRITANNIA,EQ,1806.1,1810.0,1820.0,1730.7,1799.0,1797.5,1799.17,14332,2578573180000.0,,13581.0,0.9476000000000001
2006-04-24,BRITANNIA,EQ,1797.5,1740.0,1828.9,1740.0,1741.0,1747.15,1767.76,4250,751299185000.0,,3094.0,0.728
2006-04-25,BRITANNIA,EQ,1747.15,1799.8,1799.8,1660.0,1660.25,1669.3,1695.74,4456,755621960000.0,,2940.0,0.6598
2006-04-26,BRITANNIA,EQ,1669.3,1738.9,1738.9,1675.05,1730.0,1725.0,1722.32,6545,1127258475000.0,,6014.0,0.9189
2006-04-27,BRITANNIA,EQ,1725.0,1749.0,1849.9,1720.0,1740.0,1733.15,1734.68,2216,384405965000.0,,1608.0,0.7256
2006-04-28,BRITANNIA,EQ,1733.15,1676.15,1739.95,1676.15,1725.0,1725.5,1723.9,4492,774374385000.0,,3935.0,0.876
2006-04-29,BRITANNIA,EQ,1725.5,1784.95,1784.95,1725.05,1725.3,1727.4,1741.08,352,61285915000.0,,196.0,0.5568
2006-05-02,BRITANNIA,EQ,1727.4,1839.75,1839.75,1730.05,1795.2,1799.2,1781.45,5276,939893715000.0,,4263.0,0.8079999999999999
2006-05-03,BRITANNIA,EQ,1799.2,1742.25,1800.0,1742.25,1760.0,1756.85,1768.26,1438,254276165000.0,,702.0,0.4882
2006-05-04,BRITANNIA,EQ,1756.85,1760.0,1775.0,1730.0,1775.0,1764.0,1761.37,7644,1346387950000.0,,6727.0,0.88
2006-05-05,BRITANNIA,EQ,1764.0,1775.0,1787.85,1760.05,1760.05,1771.55,1777.13,2610,463831384999.99994,,2331.0,0.8931
2006-05-08,BRITANNIA,EQ,1771.55,1860.0,1860.0,1766.55,1780.0,1785.95,1785.99,725,129484225000.0,,595.0,0.8207
2006-05-09,BRITANNIA,EQ,1785.95,1788.0,1790.0,1766.0,1766.0,1767.7,1775.02,2733,485113715000.00006,,2435.0,0.891
2006-05-10,BRITANNIA,EQ,1767.7,1790.3,1790.3,1741.2,1745.0,1748.45,1750.15,1220,213518265000.0,,724.0,0.5934
2006-05-11,BRITANNIA,EQ,1748.45,1760.0,1760.0,1691.0,1719.95,1702.4,1712.77,1501,257086895000.00003,,1279.0,0.8521
2006-05-12,BRITANNIA,EQ,1702.4,1700.0,1724.85,1652.05,1670.0,1671.8,1687.89,1762,297406845000.0,,1343.0,0.7622
2006-05-15,BRITANNIA,EQ,1671.8,1653.05,1709.95,1635.0,1635.0,1650.8,1663.17,1404,233509525000.0,,1061.0,0.7556999999999999
2006-05-16,BRITANNIA,EQ,1650.8,1650.0,1659.95,1511.0,1579.0,1571.25,1572.6,3028,476183990000.00006,,2601.0,0.8590000000000001
2006-05-17,BRITANNIA,EQ,1571.25,1750.0,1750.0,1581.2,1610.0,1610.75,1609.62,3946,635155090000.0,,2736.0,0.6934
2006-05-18,BRITANNIA,EQ,1610.75,1600.0,1600.0,1490.0,1500.0,1525.25,1556.78,4282,666613765000.0,,3628.0,0.8473
2006-05-19,BRITANNIA,EQ,1525.25,1596.0,1596.0,1490.0,1500.0,1501.65,1511.24,5632,851128950000.0,,5425.0,0.9632
2006-05-22,BRITANNIA,EQ,1501.65,1495.0,1500.0,1205.0,1480.0,1471.0,1424.55,5538,788915345000.0,,4288.0,0.7743000000000001
2006-05-23,BRITANNIA,EQ,1471.0,1355.0,1500.0,1355.0,1500.0,1489.25,1454.79,1987,289067600000.0,,1705.0,0.8581000000000001
2006-05-24,BRITANNIA,EQ,1489.25,1500.0,1524.8,1452.0,1496.45,1481.9,1496.84,706,105676775000.0,,405.0,0.5737
2006-05-25,BRITANNIA,EQ,1481.9,1499.85,1499.85,1440.0,1450.05,1445.65,1454.27,2158,313830965000.0,,1775.0,0.8225
2006-05-26,BRITANNIA,EQ,1445.65,1452.1,1546.4,1452.1,1475.0,1468.25,1495.27,798,119322530000.0,,500.0,0.6265999999999999
2006-05-29,BRITANNIA,EQ,1468.25,1535.65,1535.65,1456.4,1502.0,1479.35,1476.31,869,128291530000.0,,452.0,0.5201
2006-05-30,BRITANNIA,EQ,1479.35,1460.0,1518.6,1450.0,1450.0,1453.5,1462.39,318,46503895000.0,,212.0,0.6667000000000001
2006-05-31,BRITANNIA,EQ,1453.5,1425.0,1676.0,1425.0,1453.0,1455.85,1459.45,1845,269268404999.99997,,1116.0,0.6049
2006-06-01,BRITANNIA,EQ,1455.85,1500.0,1500.0,1425.05,1450.0,1445.65,1449.47,2900,420346275000.0,,2454.0,0.8462000000000001
2006-06-02,BRITANNIA,EQ,1445.65,1400.0,1474.95,1400.0,1471.95,1452.55,1435.9,9451,1357073595000.0,,8084.0,0.8554
2006-06-05,BRITANNIA,EQ,1452.55,1437.0,1468.75,1375.05,1375.05,1380.65,1427.05,1347,192223315000.0,,815.0,0.605
2006-06-06,BRITANNIA,EQ,1380.65,1380.65,1399.9,1318.3,1350.0,1333.75,1337.87,19502,2609109935000.0,,19117.0,0.9803000000000001
2006-06-07,BRITANNIA,EQ,1333.75,1485.0,1485.0,1130.55,1280.0,1273.05,1245.11,3704,461189584999.99994,,2596.0,0.7009000000000001
2006-06-08,BRITANNIA,EQ,1273.05,1290.0,1290.0,1140.05,1250.0,1250.55,1212.01,3188,386389205000.0,,2424.0,0.7604000000000001
2006-06-09,BRITANNIA,EQ,1250.55,1160.0,1290.0,1160.0,1225.55,1249.55,1245.84,1861,231850395000.00003,,1465.0,0.7872
2006-06-12,BRITANNIA,EQ,1249.55,1159.0,1284.9,1159.0,1245.0,1233.15,1235.27,703,86839460000.0,,385.0,0.5477000000000001
2006-06-13,BRITANNIA,EQ,1233.15,1210.0,1270.0,1175.0,1225.0,1221.6,1206.98,4015,484602815000.00006,,3288.0,0.8189000000000001
2006-06-14,BRITANNIA,EQ,1221.6,1179.0,1278.95,1179.0,1201.0,1199.35,1202.57,1538,184955070000.0,,1192.0,0.775
2006-06-15,BRITANNIA,EQ,1199.35,1200.0,1257.3,1177.0,1250.0,1230.3,1210.41,2314,280089235000.0,,1556.0,0.6724
2006-06-16,BRITANNIA,EQ,1230.3,1248.85,1349.95,1225.0,1349.95,1285.75,1268.31,2372,300843415000.0,,1392.0,0.5868
2006-06-19,BRITANNIA,EQ,1285.75,1300.0,1330.5,1280.0,1330.5,1324.45,1307.58,713,93230285000.0,,413.0,0.5792
2006-06-20,BRITANNIA,EQ,1324.45,1392.95,1392.95,1251.05,1290.0,1291.05,1314.01,717,94214330000.0,,361.0,0.5035000000000001
2006-06-21,BRITANNIA,EQ,1291.05,1444.0,1444.0,1294.0,1309.75,1309.15,1310.09,1008,132056839999.99998,,512.0,0.5079
2006-06-22,BRITANNIA,EQ,1309.15,1398.8,1445.0,1250.0,1250.0,1278.1,1319.77,7302,963693260000.0,,3026.0,0.4144
2006-06-23,BRITANNIA,EQ,1278.1,1280.0,1325.0,1220.1,1287.95,1278.6,1272.07,1129,143616480000.0,,554.0,0.4907
2006-06-25,BRITANNIA,EQ,1278.6,1299.95,1299.95,1275.0,1290.0,1296.05,1295.02,84,10878175000.0,,74.0,0.881
2006-06-26,BRITANNIA,EQ,1296.05,1300.0,1300.0,1231.1,1231.2,1245.25,1259.85,955,120315210000.00002,,797.0,0.8346
2006-06-27,BRITANNIA,EQ,1245.25,1250.0,1279.0,1213.5,1230.0,1241.15,1247.95,35349,4411368115000.0,,34116.0,0.9651000000000001
2006-06-28,BRITANNIA,EQ,1241.15,1166.1,1244.85,1166.1,1230.0,1210.2,1216.64,807,98183055000.0,,598.0,0.741
2006-06-29,BRITANNIA,EQ,1210.2,1239.95,1239.95,1195.0,1200.0,1200.9,1203.88,6007,723168410000.0,,4713.0,0.7846
2006-06-30,BRITANNIA,EQ,1200.9,1236.0,1248.95,1190.0,1195.0,1198.65,1204.56,4484,540125459999.99994,,3594.0,0.8015000000000001
2006-07-03,BRITANNIA,EQ,1198.65,1248.0,1248.0,1195.0,1200.0,1200.3,1209.46,1921,232337550000.0,,1057.0,0.5502
2006-07-04,BRITANNIA,EQ,1200.3,1219.75,1219.75,1196.0,1215.0,1206.75,1202.4,1756,211141679999.99997,,1203.0,0.6851
2006-07-05,BRITANNIA,EQ,1206.75,1215.0,1236.0,1136.8,1216.0,1202.2,1201.3,10989,1320110320000.0,,10596.0,0.9642000000000001
2006-07-06,BRITANNIA,EQ,1202.2,1200.0,1226.9,1181.1,1199.95,1191.95,1202.43,1031,123970889999.99998,,777.0,0.7536
2006-07-07,BRITANNIA,EQ,1191.95,1200.0,1209.95,1160.0,1188.4,1177.7,1181.19,8324,983220475000.0,,7426.0,0.8921
2006-07-10,BRITANNIA,EQ,1177.7,1175.0,1197.95,1145.0,1147.0,1149.7,1158.01,2147,248624035000.0,,1472.0,0.6856
2006-07-11,BRITANNIA,EQ,1149.7,1170.0,1170.0,1125.1,1133.0,1131.25,1145.35,2835,324707745000.0,,2017.0,0.7115
2006-07-12,BRITANNIA,EQ,1131.25,1081.0,1183.0,1053.25,1120.0,1117.25,1110.42,7045,782288530000.0,,5040.0,0.7154
2006-07-13,BRITANNIA,EQ,1117.25,1146.95,1156.95,1120.0,1156.9,1152.6,1143.8,2764,316147515000.0,,1895.0,0.6856
2006-07-14,BRITANNIA,EQ,1152.6,1169.0,1169.0,1135.0,1140.0,1142.9,1147.96,2614,300075870000.0,,1635.0,0.6255
2006-07-17,BRITANNIA,EQ,1142.9,1142.0,1164.05,1100.1,1100.1,1116.4,1128.82,3233,364946195000.0,,2523.0,0.7804000000000001
2006-07-18,BRITANNIA,EQ,1116.4,1123.95,1123.95,1095.0,1109.0,1102.3,1107.89,15740,1743817945000.0,,15053.0,0.9564
2006-07-19,BRITANNIA,EQ,1102.3,1124.95,1124.95,1101.0,1111.0,1108.35,1109.42,3479,385966720000.0,,1715.0,0.493
2006-07-20,BRITANNIA,EQ,1108.35,1111.0,1111.0,1078.0,1099.0,1097.8,1099.32,3262,358598870000.0,,2713.0,0.8317
2006-07-21,BRITANNIA,EQ,1097.8,1092.0,1092.5,1065.0,1075.0,1075.15,1075.97,4414,474933600000.0,,3691.0,0.8362
2006-07-24,BRITANNIA,EQ,1075.15,1048.0,1070.0,1040.0,1046.05,1049.85,1049.52,4906,514893075000.0,,3907.0,0.7964
2006-07-25,BRITANNIA,EQ,1049.85,1077.0,1077.0,1028.5,1046.0,1050.4,1043.49,7689,802336745000.0,,6555.0,0.8525
2006-07-26,BRITANNIA,EQ,1050.4,1050.0,1050.0,1025.0,1038.9,1036.75,1039.09,5089,528790455000.0,,4179.0,0.8212
2006-07-27,BRITANNIA,EQ,1036.75,1080.0,1080.0,1040.0,1045.0,1047.1,1045.58,4875,509718630000.0,,4012.0,0.823
2006-07-28,BRITANNIA,EQ,1047.1,1049.0,1063.85,1044.0,1058.45,1057.25,1054.01,16071,1693893595000.0,,14874.0,0.9255
2006-07-31,BRITANNIA,EQ,1057.25,1065.0,1110.0,1056.0,1104.75,1095.65,1078.59,9016,972455640000.0,,7490.0,0.8307
2006-08-01,BRITANNIA,EQ,1095.65,1120.0,1199.0,1034.6,1095.0,1094.5,1088.45,7640,831578855000.0,,5579.0,0.7302
2006-08-02,BRITANNIA,EQ,1094.5,1127.0,1127.0,1085.0,1108.0,1095.2,1091.85,12124,1323754800000.0,,10871.0,0.8967
2006-08-03,BRITANNIA,EQ,1095.2,1110.0,1110.0,1064.05,1086.1,1096.5,1093.77,8142,890549785000.0,,6481.0,0.7959999999999999
2006-08-04,BRITANNIA,EQ,1096.5,1110.0,1110.0,1091.55,1096.0,1096.1,1096.9,3218,352980895000.0,,2098.0,0.652
2006-08-07,BRITANNIA,EQ,1096.1,1099.8,1110.0,1090.25,1098.9,1103.55,1102.82,3350,369444030000.0,,2519.0,0.7519
2006-08-08,BRITANNIA,EQ,1103.55,1124.95,1158.0,1112.0,1135.05,1141.5,1132.63,5745,650698170000.0,,4456.0,0.7756000000000001
2006-08-09,BRITANNIA,EQ,1141.5,1100.0,1196.95,1100.0,1173.0,1179.5,1179.65,7339,865743060000.0,,5406.0,0.7366
2006-08-10,BRITANNIA,EQ,1179.5,1210.0,1272.0,1174.5,1180.05,1180.3,1187.57,5971,709100525000.0,,4159.0,0.6965000000000001
2006-08-11,BRITANNIA,EQ,1180.3,1124.0,1218.0,1124.0,1180.8,1182.9,1183.84,1666,197227590000.0,,863.0,0.518
2006-08-14,BRITANNIA,EQ,1182.9,1199.9,1199.95,1186.0,1186.0,1187.7,1191.91,3171,377953815000.0,,2600.0,0.8199
2006-08-16,BRITANNIA,EQ,1187.7,1219.9,1219.9,1185.0,1197.95,1192.7,1196.72,5803,694454925000.0,,4303.0,0.7415
2006-08-17,BRITANNIA,EQ,1192.7,1199.95,1210.0,1174.0,1180.0,1180.45,1188.12,35042,4163426004999.9995,,29480.0,0.8412999999999999
2006-08-18,BRITANNIA,EQ,1180.45,1197.0,1197.0,1155.55,1160.05,1162.2,1169.44,2421,283120230000.0,,1883.0,0.7778
2006-08-21,BRITANNIA,EQ,1162.2,1199.0,1199.0,1143.0,1143.65,1148.95,1161.18,2998,348120910000.0,,1890.0,0.6304
2006-08-22,BRITANNIA,EQ,1148.95,1175.0,1175.0,1128.0,1135.0,1134.6,1150.8,3514,404392315000.0,,2755.0,0.784
2006-08-23,BRITANNIA,EQ,1134.6,1143.0,1150.0,1118.0,1118.0,1123.9,1130.93,3188,360541870000.0,,2346.0,0.7359
2006-08-24,BRITANNIA,EQ,1123.9,1114.0,1130.0,1102.3,1107.95,1107.35,1111.27,4064,451619550000.0,,3378.0,0.8312
2006-08-25,BRITANNIA,EQ,1107.35,1125.9,1139.9,1111.5,1115.35,1116.6,1119.76,3571,399867020000.0,,2550.0,0.7141
2006-08-28,BRITANNIA,EQ,1116.6,1138.95,1138.95,1110.0,1125.0,1124.95,1125.68,1849,208137570000.0,,1125.0,0.6084
2006-08-29,BRITANNIA,EQ,1124.95,1138.8,1138.85,1097.0,1100.0,1101.4,1112.94,9095,1012222835000.0,,6472.0,0.7116
2006-08-30,BRITANNIA,EQ,1101.4,1135.0,1135.0,1102.0,1106.0,1104.6,1107.44,3557,393915030000.0,,2573.0,0.7234
2006-08-31,BRITANNIA,EQ,1104.6,1118.95,1118.95,1055.05,1070.0,1075.4,1092.47,10858,1186204270000.0,,9197.0,0.8470000000000001
2006-09-01,BRITANNIA,EQ,1075.4,1095.0,1098.95,1075.0,1080.5,1078.9,1082.1,10021,1084368730000.0001,,7666.0,0.765
2006-09-04,BRITANNIA,EQ,1078.9,1042.0,1098.0,1042.0,1074.95,1072.6,1079.84,12119,1308663180000.0,,6782.0,0.5596
2006-09-05,BRITANNIA,EQ,1072.6,1088.0,1089.0,1060.0,1063.35,1067.7,1069.25,4956,529919409999.99994,,3354.0,0.6768000000000001
2006-09-06,BRITANNIA,EQ,1067.7,1079.0,1079.9,1055.0,1055.0,1057.3,1062.21,6128,650923470000.0,,4607.0,0.7518000000000001
2006-09-07,BRITANNIA,EQ,1057.3,1060.0,1070.0,1047.5,1055.0,1050.2,1056.86,8281,875185394999.9999,,6485.0,0.7831
2006-09-08,BRITANNIA,EQ,1050.2,1064.0,1069.9,1035.15,1035.15,1042.55,1048.16,8681,909910015000.0,,7231.0,0.833
2006-09-11,BRITANNIA,EQ,1042.55,1048.0,1050.0,1030.0,1036.9,1032.85,1043.8,6475,675858945000.0,,5109.0,0.789
2006-09-12,BRITANNIA,EQ,1032.85,1209.9,1209.9,1025.0,1041.0,1044.4,1035.77,7643,791637270000.0,,5302.0,0.6937000000000001
2006-09-13,BRITANNIA,EQ,1044.4,1099.0,1100.0,1058.0,1099.0,1092.65,1086.84,9236,1003802930000.0001,,4919.0,0.5326
2006-09-14,BRITANNIA,EQ,1092.65,1105.0,1130.0,1090.1,1099.0,1100.1,1108.37,10193,1129766445000.0,,4555.0,0.44689999999999996
2006-09-15,BRITANNIA,EQ,1100.1,1125.0,1125.0,1077.0,1096.0,1098.2,1101.02,7716,849550500000.0,,4847.0,0.6282
2006-09-18,BRITANNIA,EQ,1098.2,1125.0,1130.5,1096.0,1116.95,1114.4,1108.33,28958,3209498705000.0,,24312.0,0.8395999999999999
2006-09-19,BRITANNIA,EQ,1114.4,1120.0,1124.95,1095.0,1097.0,1101.15,1110.75,6414,712434970000.0,,4557.0,0.7105
2006-09-20,BRITANNIA,EQ,1101.15,1090.0,1144.0,1090.0,1119.9,1110.85,1104.98,12441,1374704610000.0,,8590.0,0.6905
2006-09-21,BRITANNIA,EQ,1110.85,1112.0,1120.45,1112.0,1116.0,1113.65,1115.83,4125,460279005000.0,,2552.0,0.6187
2006-09-22,BRITANNIA,EQ,1113.65,1116.0,1116.0,1100.05,1107.0,1103.25,1106.81,2419,267737290000.0,,1433.0,0.5924
2006-09-25,BRITANNIA,EQ,1103.25,1110.0,1111.0,1091.15,1091.15,1091.8,1101.82,3319,365695070000.0,,2087.0,0.6288
2006-09-26,BRITANNIA,EQ,1091.8,1092.0,1096.9,1070.1,1070.1,1074.95,1083.06,5245,568064545000.0,,4291.0,0.8181
2006-09-27,BRITANNIA,EQ,1074.95,1085.0,1094.45,1074.5,1085.0,1081.9,1078.9,9180,990430525000.0,,7653.0,0.8337000000000001
2006-09-28,BRITANNIA,EQ,1081.9,1094.5,1105.0,1081.0,1100.0,1094.55,1090.54,3122,340466675000.0,,2359.0,0.7556
2006-09-29,BRITANNIA,EQ,1094.55,1090.0,1137.0,1088.7,1100.05,1113.95,1108.63,18375,2037101655000.0,,14464.0,0.7872
2006-10-03,BRITANNIA,EQ,1113.95,1115.0,1119.8,1090.0,1100.0,1099.55,1103.49,11946,1318228165000.0,,9643.0,0.8072
2006-10-04,BRITANNIA,EQ,1099.55,1118.0,1152.0,1092.0,1126.0,1125.45,1130.54,11263,1273329930000.0,,6229.0,0.5529999999999999
2006-10-05,BRITANNIA,EQ,1125.45,1146.0,1181.0,1135.0,1174.0,1172.35,1167.26,16694,1948631950000.0,,10146.0,0.6078
2006-10-06,BRITANNIA,EQ,1172.35,1183.0,1198.0,1162.1,1198.0,1187.95,1186.11,10233,1213749690000.0,,5412.0,0.5289
2006-10-09,BRITANNIA,EQ,1187.95,1174.0,1220.0,1174.0,1220.0,1215.2,1209.51,8659,1047311255000.0001,,3857.0,0.4454
2006-10-10,BRITANNIA,EQ,1215.2,1224.95,1319.0,1215.05,1300.0,1291.95,1277.52,25179,3216670675000.0,,13431.0,0.5334000000000001
2006-10-11,BRITANNIA,EQ,1291.95,1309.0,1320.0,1260.0,1278.0,1285.05,1299.46,18257,2372418415000.0,,8734.0,0.47840000000000005
2006-10-12,BRITANNIA,EQ,1285.05,1288.0,1300.0,1251.0,1255.05,1261.65,1274.56,6234,794558145000.0,,2669.0,0.42810000000000004
2006-10-13,BRITANNIA,EQ,1261.65,1284.0,1300.0,1268.0,1291.0,1288.0,1283.85,8397,1078047355000.0001,,5006.0,0.5962
2006-10-16,BRITANNIA,EQ,1288.0,1296.0,1298.95,1255.05,1255.05,1268.15,1283.01,6523,836908485000.0,,3648.0,0.5593
2006-10-17,BRITANNIA,EQ,1268.15,1271.0,1276.45,1242.1,1248.0,1249.05,1254.28,4727,592897350000.0,,2990.0,0.6325000000000001
2006-10-18,BRITANNIA,EQ,1249.05,1250.0,1273.0,1250.0,1265.0,1263.8,1259.93,9199,1159005170000.0,,6315.0,0.6865000000000001
2006-10-19,BRITANNIA,EQ,1263.8,1265.0,1291.0,1250.1,1250.1,1268.0,1278.57,11169,1428038830000.0,,7344.0,0.6575
2006-10-20,BRITANNIA,EQ,1268.0,1275.0,1285.0,1260.2,1262.1,1266.9,1280.73,8568,1097331440000.0,,7623.0,0.8897
2006-10-21,BRITANNIA,EQ,1266.9,1280.0,1299.8,1280.0,1286.0,1287.4,1290.77,3363,434086280000.0,,2563.0,0.7621
2006-10-23,BRITANNIA,EQ,1287.4,1298.9,1298.9,1260.0,1260.0,1265.7,1273.53,2637,335829765000.0,,1311.0,0.4972
2006-10-26,BRITANNIA,EQ,1265.7,1260.0,1272.0,1246.0,1247.05,1250.65,1255.2,2557,320955145000.0,,1820.0,0.7118000000000001
2006-10-27,BRITANNIA,EQ,1250.65,1260.0,1270.0,1245.6,1245.6,1252.7,1257.87,3216,404531270000.0,,2042.0,0.635
2006-10-30,BRITANNIA,EQ,1252.7,1240.0,1240.0,1183.0,1188.0,1189.8,1196.73,23587,2822718060000.0,,13475.0,0.5713
2006-10-31,BRITANNIA,EQ,1189.8,1206.0,1228.4,1132.2,1149.9,1143.75,1161.78,12210,1418535480000.0,,6253.0,0.5121
2006-11-01,BRITANNIA,EQ,1143.75,1147.0,1173.0,1147.0,1151.0,1155.15,1157.34,8640,999944115000.0,,3497.0,0.4047
2006-11-02,BRITANNIA,EQ,1155.15,1145.0,1185.0,1145.0,1166.9,1161.15,1159.65,7618,883418285000.0,,3570.0,0.4686
2006-11-03,BRITANNIA,EQ,1161.15,1197.7,1197.7,1147.0,1157.95,1154.5,1158.79,5055,585766070000.0,,2315.0,0.45799999999999996
2006-11-06,BRITANNIA,EQ,1154.5,1151.0,1154.0,1130.0,1135.0,1133.7,1138.58,9507,1082451625000.0,,6004.0,0.6315
2006-11-07,BRITANNIA,EQ,1133.7,1170.0,1177.0,1130.0,1130.0,1134.4,1139.31,4356,496282140000.00006,,2298.0,0.5275
2006-11-08,BRITANNIA,EQ,1134.4,1138.0,1140.5,1105.0,1105.0,1110.2,1117.29,5932,662778800000.0,,3468.0,0.5846
2006-11-09,BRITANNIA,EQ,1110.2,1110.0,1130.0,1105.0,1105.0,1107.25,1110.95,4448,494150490000.00006,,2811.0,0.632
2006-11-10,BRITANNIA,EQ,1107.25,1079.0,1128.0,1079.0,1122.95,1120.55,1118.22,5785,646891870000.0,,3395.0,0.5869
2006-11-13,BRITANNIA,EQ,1120.55,1123.9,1160.0,1123.9,1138.0,1132.9,1138.58,4099,466705025000.0,,1888.0,0.4606
2006-11-14,BRITANNIA,EQ,1132.9,1148.0,1150.0,1131.0,1144.95,1145.15,1141.51,6127,699400690000.0,,3304.0,0.5393
2006-11-15,BRITANNIA,EQ,1145.15,1145.0,1159.8,1129.0,1135.0,1139.55,1145.51,9514,1089840330000.0001,,7117.0,0.7481
2006-11-16,BRITANNIA,EQ,1139.55,1140.0,1149.0,1112.0,1132.9,1137.75,1137.08,7764,882832200000.0,,4315.0,0.5558
2006-11-17,BRITANNIA,EQ,1137.75,1124.0,1144.0,1120.05,1124.5,1123.85,1128.9,2996,338217245000.0,,1829.0,0.6104999999999999
2006-11-20,BRITANNIA,EQ,1123.85,1120.0,1120.0,1090.0,1108.0,1106.8,1100.91,2976,327631240000.0,,1802.0,0.6055
2006-11-21,BRITANNIA,EQ,1106.8,1103.0,1120.0,1103.0,1110.0,1107.2,1109.66,1693,187866005000.0,,1192.0,0.7041
2006-11-22,BRITANNIA,EQ,1107.2,1124.9,1124.9,1101.0,1115.2,1112.95,1108.08,7406,820645535000.0,,5183.0,0.6998000000000001
2006-11-23,BRITANNIA,EQ,1112.95,1130.0,1130.0,1102.05,1110.0,1110.45,1111.98,2375,264095554999.99997,,1592.0,0.6703
2006-11-24,BRITANNIA,EQ,1110.45,1122.9,1122.9,1110.0,1112.25,1114.95,1112.97,7583,843962819999.9999,,6116.0,0.8065000000000001
2006-11-27,BRITANNIA,EQ,1114.95,1130.0,1130.0,1110.0,1118.0,1114.7,1114.68,1318,146914910000.0,,680.0,0.5159
2006-11-28,BRITANNIA,EQ,1114.7,1110.0,1121.0,1110.0,1115.0,1112.85,1112.2,2495,277493220000.0,,1663.0,0.6665000000000001
2006-11-29,BRITANNIA,EQ,1112.85,1112.5,1119.9,1112.05,1114.75,1115.75,1114.87,2158,240588620000.00003,,1600.0,0.7414000000000001
2006-11-30,BRITANNIA,EQ,1115.75,1116.0,1138.0,1115.0,1124.0,1125.85,1121.92,4015,450449059999.99994,,2600.0,0.6476000000000001
2006-12-01,BRITANNIA,EQ,1125.85,1134.0,1149.0,1116.05,1136.0,1135.0,1134.6,4432,502856775000.0,,2850.0,0.6431
2006-12-04,BRITANNIA,EQ,1135.0,1140.0,1149.0,1121.0,1140.0,1140.75,1138.67,3419,389310270000.0,,2391.0,0.6993
2006-12-05,BRITANNIA,EQ,1140.75,1147.0,1165.0,1131.35,1165.0,1161.9,1153.32,5497,633979010000.0,,3803.0,0.6918000000000001
2006-12-06,BRITANNIA,EQ,1161.9,1150.0,1160.0,1146.05,1160.0,1153.85,1154.63,2551,294545025000.0,,1596.0,0.6256
2006-12-07,BRITANNIA,EQ,1153.85,1149.95,1149.95,1111.2,1122.15,1122.7,1125.68,2860,321945070000.0,,1711.0,0.5982999999999999
2006-12-08,BRITANNIA,EQ,1122.7,1126.0,1150.0,1124.2,1130.45,1132.95,1133.84,2898,328587265000.0,,1427.0,0.4924
2006-12-11,BRITANNIA,EQ,1132.95,1102.0,1139.95,1090.0,1090.05,1093.25,1112.98,2670,297164375000.0,,1846.0,0.6914
2006-12-12,BRITANNIA,EQ,1093.25,1093.0,1128.8,1056.0,1094.0,1100.45,1099.21,8447,928503675000.0,,5605.0,0.6635
2006-12-13,BRITANNIA,EQ,1100.45,1100.0,1100.0,1055.25,1085.1,1086.5,1085.39,5707,619429385000.0,,1652.0,0.2895
2006-12-14,BRITANNIA,EQ,1086.5,1110.0,1171.0,1100.0,1151.0,1153.15,1147.15,10026,1150130285000.0,,6097.0,0.6081000000000001
2006-12-15,BRITANNIA,EQ,1153.15,1165.0,1191.0,1126.3,1136.0,1135.25,1152.78,3524,406239215000.0,,1964.0,0.5573
2006-12-18,BRITANNIA,EQ,1135.25,1190.0,1200.0,1120.0,1130.05,1133.95,1138.93,1929,219699604999.99997,,684.0,0.3546
2006-12-19,BRITANNIA,EQ,1133.95,1119.0,1156.0,1112.0,1134.9,1129.8,1130.41,3285,371339725000.0,,2065.0,0.6286
2006-12-20,BRITANNIA,EQ,1129.8,1134.0,1135.0,1110.0,1115.0,1112.1,1119.18,1618,181083400000.0,,959.0,0.5927
2006-12-21,BRITANNIA,EQ,1112.1,1072.0,1125.0,1072.0,1101.6,1105.45,1109.19,1644,182351030000.0,,682.0,0.4148
2006-12-22,BRITANNIA,EQ,1105.45,1105.0,1124.0,1100.0,1106.0,1109.25,1111.26,960,106680789999.99998,,440.0,0.4583
2006-12-26,BRITANNIA,EQ,1109.25,1128.4,1128.4,1109.0,1114.0,1110.4,1113.59,1201,133741670000.0,,713.0,0.5937
2006-12-27,BRITANNIA,EQ,1110.4,1111.3,1119.55,1102.0,1103.5,1105.95,1109.99,2449,271836345000.00003,,1802.0,0.7358
2006-12-28,BRITANNIA,EQ,1105.95,1115.0,1115.0,1095.95,1105.0,1100.8,1104.0,2206,243541320000.00003,,1946.0,0.8821
2006-12-29,BRITANNIA,EQ,1100.8,1080.0,1127.9,1080.0,1097.0,1094.35,1096.2,3521,385973605000.0,,2261.0,0.6421
2007-01-02,BRITANNIA,EQ,1094.35,1140.0,1140.0,1092.05,1100.05,1100.45,1100.41,1480,162860430000.0,,848.0,0.573
2007-01-03,BRITANNIA,EQ,1100.45,1114.0,1114.95,1094.0,1094.0,1095.85,1100.82,3544,390129530000.0,,2454.0,0.6924
2007-01-04,BRITANNIA,EQ,1095.85,1100.0,1121.0,1090.0,1119.95,1107.65,1095.43,53107,5817500080000.0,,52171.0,0.9823999999999999
2007-01-05,BRITANNIA,EQ,1107.65,1106.95,1125.0,1100.0,1101.0,1102.9,1112.72,4943,550017945000.0,,3677.0,0.7439
2007-01-08,BRITANNIA,EQ,1102.9,1139.0,1139.0,1091.2,1091.3,1096.8,1104.81,3114,344038615000.0,,2158.0,0.693
2007-01-09,BRITANNIA,EQ,1096.8,1055.0,1107.95,1055.0,1095.0,1095.45,1097.11,2885,316515850000.0,,1867.0,0.6470999999999999
2007-01-10,BRITANNIA,EQ,1095.45,1041.5,1120.0,1041.5,1110.0,1110.05,1109.01,3879,430186180000.0,,2903.0,0.7484000000000001
2007-01-11,BRITANNIA,EQ,1110.05,1037.0,1128.5,1037.0,1120.0,1120.3,1120.24,5516,617923515000.0,,4874.0,0.8836
2007-01-12,BRITANNIA,EQ,1120.3,1130.0,1130.0,1100.0,1101.0,1107.0,1121.27,5803,650671760000.0,,4074.0,0.7021
2007-01-15,BRITANNIA,EQ,1107.0,1120.0,1123.95,1105.1,1120.0,1120.8,1117.95,3356,375183740000.0,,2710.0,0.8075
2007-01-16,BRITANNIA,EQ,1120.8,1180.0,1180.0,1108.0,1120.0,1117.95,1118.85,1248,139632325000.0,,671.0,0.5377000000000001
2007-01-17,BRITANNIA,EQ,1117.95,1136.95,1136.95,1115.0,1125.0,1123.65,1121.42,4719,529196875000.0,,4035.0,0.8551000000000001
2007-01-18,BRITANNIA,EQ,1123.65,1139.0,1139.0,1115.5,1118.0,1120.7,1123.37,3512,394529145000.0,,2219.0,0.6318
2007-01-19,BRITANNIA,EQ,1120.7,1133.8,1133.8,1105.0,1105.0,1115.7,1117.87,3116,348329325000.0,,2639.0,0.8469
2007-01-22,BRITANNIA,EQ,1115.7,1140.0,1157.7,1090.55,1129.95,1125.2,1119.57,3654,409090435000.0,,2581.0,0.7062999999999999
2007-01-23,BRITANNIA,EQ,1125.2,1130.0,1140.0,1115.95,1140.0,1129.45,1126.14,2660,299552465000.0,,2001.0,0.7523000000000001
2007-01-24,BRITANNIA,EQ,1129.45,1140.0,1144.0,1125.4,1137.0,1136.5,1135.64,2093,237688685000.0,,1694.0,0.8094
2007-01-25,BRITANNIA,EQ,1136.5,1130.0,1149.0,1105.55,1140.0,1136.4,1127.27,5373,605681050000.0,,3543.0,0.6594
2007-01-29,BRITANNIA,EQ,1136.4,1135.0,1149.0,1124.0,1144.95,1139.75,1134.27,3662,415369395000.0,,2075.0,0.5666
2007-01-31,BRITANNIA,EQ,1139.75,1114.1,1184.0,1110.0,1174.0,1154.9,1138.5,12422,1414249140000.0,,9293.0,0.7481
2007-02-01,BRITANNIA,EQ,1154.9,1166.0,1166.0,1135.0,1145.0,1146.85,1146.63,32855,3767268279999.9995,,31585.0,0.9612999999999999
2007-02-02,BRITANNIA,EQ,1146.85,1160.0,1188.0,1140.6,1150.0,1148.6,1156.76,11157,1290593350000.0,,8414.0,0.7541
2007-02-05,BRITANNIA,EQ,1148.6,1132.0,1159.0,1090.2,1090.2,1112.6,1127.18,6095,687014855000.0,,4316.0,0.7081000000000001
2007-02-06,BRITANNIA,EQ,1112.6,1144.0,1175.0,1116.6,1160.0,1161.65,1141.93,10583,1208506535000.0,,8282.0,0.7826000000000001
2007-02-07,BRITANNIA,EQ,1161.65,1170.0,1180.0,1155.0,1170.0,1172.9,1166.34,6473,754974745000.0,,4672.0,0.7218000000000001
2007-02-08,BRITANNIA,EQ,1172.9,1155.3,1195.0,1155.3,1186.0,1187.0,1177.67,4456,524768690000.00006,,3208.0,0.7199
2007-02-09,BRITANNIA,EQ,1187.0,1185.0,1193.0,1176.5,1190.0,1187.25,1184.04,4376,518137800000.0,,3221.0,0.7361
2007-02-12,BRITANNIA,EQ,1187.25,1198.0,1198.0,1161.05,1179.0,1177.45,1172.85,3059,358775710000.0,,2642.0,0.8637
2007-02-13,BRITANNIA,EQ,1177.45,1121.0,1198.0,1121.0,1195.0,1191.4,1188.93,6152,731430305000.0,,5552.0,0.9025
2007-02-14,BRITANNIA,EQ,1191.4,1159.0,1275.0,1159.0,1268.0,1263.15,1241.77,11119,1380718525000.0,,8786.0,0.7902
2007-02-15,BRITANNIA,EQ,1263.15,1220.2,1281.25,1220.2,1275.0,1272.45,1259.93,7112,896063505000.0001,,5188.0,0.7295
2007-02-19,BRITANNIA,EQ,1272.45,1279.8,1290.0,1250.05,1267.0,1271.1,1272.94,6212,790752695000.0,,4717.0,0.7593000000000001
2007-02-20,BRITANNIA,EQ,1271.1,1234.0,1260.0,1212.05,1260.0,1252.25,1242.21,4315,536014305000.0,,2378.0,0.5511
2007-02-21,BRITANNIA,EQ,1252.25,1227.0,1280.0,1215.3,1270.0,1278.65,1266.62,129266,16373152740000.0,,116943.0,0.9047000000000001
2007-02-22,BRITANNIA,EQ,1278.65,1309.0,1309.0,1260.0,1265.0,1265.15,1267.89,1967,249393315000.0,,1325.0,0.6736
2007-02-23,BRITANNIA,EQ,1265.15,1241.0,1257.95,1195.0,1195.0,1202.95,1214.41,6188,751474155000.0,,4191.0,0.6773
2007-02-26,BRITANNIA,EQ,1202.95,1239.0,1239.0,1194.95,1195.0,1199.9,1201.07,8256,991606250000.0,,6856.0,0.8304
2007-02-27,BRITANNIA,EQ,1199.9,1244.0,1299.9,1196.3,1278.0,1273.2,1246.97,8958,1117038845000.0,,5892.0,0.6577
2007-02-28,BRITANNIA,EQ,1273.2,1200.0,1295.0,1127.0,1239.0,1236.55,1249.15,9169,1145342400000.0,,3751.0,0.40909999999999996
2007-03-01,BRITANNIA,EQ,1236.55,1230.0,1265.0,1226.0,1250.0,1242.65,1243.38,4466,555294625000.0,,3324.0,0.7443000000000001
2007-03-02,BRITANNIA,EQ,1242.65,1240.0,1314.0,1240.0,1309.0,1297.7,1295.94,64145,8312775845000.0,,58121.0,0.9061
2007-03-05,BRITANNIA,EQ,1297.7,1250.1,1313.8,1250.1,1305.0,1306.4,1293.06,62017,8019140490000.001,,56609.0,0.9128000000000001
2007-03-06,BRITANNIA,EQ,1306.4,1314.5,1350.0,1270.0,1275.0,1275.7,1304.08,4280,558147660000.0,,2301.0,0.5376
2007-03-07,BRITANNIA,EQ,1275.7,1280.0,1310.0,1215.0,1219.0,1223.85,1253.82,4083,511936009999.99994,,2220.0,0.5437
2007-03-08,BRITANNIA,EQ,1223.85,1247.95,1250.0,1222.0,1231.1,1238.5,1238.09,3438,425656040000.00006,,2372.0,0.6899
2007-03-09,BRITANNIA,EQ,1238.5,1240.0,1249.2,1212.0,1234.0,1228.65,1226.34,4746,582019780000.0,,3892.0,0.8201
2007-03-12,BRITANNIA,EQ,1228.65,1247.0,1291.3,1235.1,1290.0,1284.15,1287.63,73935,9520058050000.0,,72439.0,0.9798000000000001
2007-03-13,BRITANNIA,EQ,1284.15,1289.65,1330.0,1270.55,1280.0,1282.55,1298.78,4294,557694980000.0,,1917.0,0.4464
2007-03-14,BRITANNIA,EQ,1282.55,1275.0,1275.0,1240.0,1270.0,1259.75,1251.7,5248,656890395000.0,,3722.0,0.7092
2007-03-15,BRITANNIA,EQ,1259.75,1260.0,1334.0,1250.0,1275.0,1264.35,1270.48,2570,326514505000.0,,1227.0,0.47740000000000005
2007-03-16,BRITANNIA,EQ,1264.35,1292.0,1292.0,1250.0,1255.05,1257.75,1253.91,1921,240875504999.99997,,1298.0,0.6757
2007-03-19,BRITANNIA,EQ,1257.75,1280.0,1298.0,1242.0,1290.5,1290.6,1271.7,3630,461628095000.0,,2505.0,0.6901
2007-03-20,BRITANNIA,EQ,1290.6,1265.2,1319.0,1260.0,1268.55,1279.3,1275.54,3256,415314840000.0,,2085.0,0.6404000000000001
2007-03-21,BRITANNIA,EQ,1279.3,1270.0,1274.95,1255.0,1261.0,1265.65,1267.18,1359,172210315000.0,,826.0,0.6078
2007-03-22,BRITANNIA,EQ,1265.65,1270.0,1277.7,1222.0,1240.0,1239.15,1253.6,6439,807191685000.0,,4620.0,0.7175
2007-03-23,BRITANNIA,EQ,1239.15,1223.2,1270.0,1223.2,1231.0,1239.05,1243.0,3292,409196040000.0,,2415.0,0.7336
2007-03-26,BRITANNIA,EQ,1239.05,1260.0,1299.0,1240.0,1271.95,1265.55,1256.0,3110,390617255000.0,,2153.0,0.6923
2007-03-28,BRITANNIA,EQ,1265.55,1203.55,1280.55,1180.2,1240.0,1235.2,1238.9,1516,187817055000.0,,924.0,0.6095
2007-03-29,BRITANNIA,EQ,1235.2,1230.0,1246.6,1185.0,1203.0,1196.0,1205.17,4969,598850870000.0,,3429.0,0.6901
2007-03-30,BRITANNIA,EQ,1196.0,1222.95,1256.0,1210.05,1256.0,1254.45,1234.83,3868,477633405000.0,,2662.0,0.6881999999999999
2007-04-02,BRITANNIA,EQ,1254.45,1244.95,1244.95,1206.2,1210.0,1213.65,1219.93,916,111745875000.0,,480.0,0.524
2007-04-03,BRITANNIA,EQ,1213.65,1211.0,1235.0,1201.15,1235.0,1229.85,1223.59,1911,233828975000.0,,1232.0,0.6447
2007-04-04,BRITANNIA,EQ,1229.85,1235.0,1235.0,1205.0,1210.0,1220.7,1226.91,1979,242806160000.0,,961.0,0.48560000000000003
2007-04-05,BRITANNIA,EQ,1220.7,1220.0,1255.0,1215.0,1255.0,1234.2,1231.06,1750,215435454999.99997,,1416.0,0.8090999999999999
2007-04-09,BRITANNIA,EQ,1234.2,1249.95,1257.0,1236.1,1242.0,1238.05,1245.32,1847,230009895000.00003,,1193.0,0.6459
2007-04-10,BRITANNIA,EQ,1238.05,1248.0,1249.85,1230.05,1233.0,1242.1,1238.34,586,72566990000.0,,443.0,0.756
2007-04-11,BRITANNIA,EQ,1242.1,1242.1,1247.0,1226.0,1226.05,1227.45,1230.63,1055,129831935000.00002,,856.0,0.8114
2007-04-12,BRITANNIA,EQ,1227.45,1225.0,1249.8,1221.0,1240.0,1238.85,1232.62,1054,129917760000.00002,,789.0,0.7486
2007-04-13,BRITANNIA,EQ,1238.85,1240.0,1254.5,1216.0,1241.1,1241.4,1239.74,2388,296050125000.0,,1844.0,0.7722
2007-04-16,BRITANNIA,EQ,1241.4,1156.2,1300.0,1156.2,1273.8,1274.85,1282.95,4095,525369440000.00006,,3232.0,0.7893000000000001
2007-04-17,BRITANNIA,EQ,1274.85,1294.0,1300.0,1270.0,1270.0,1272.9,1287.59,2418,311338890000.0,,1653.0,0.6836
2007-04-18,BRITANNIA,EQ,1272.9,1274.95,1275.0,1245.0,1245.0,1251.25,1262.08,807,101849590000.0,,576.0,0.7138
2007-04-19,BRITANNIA,EQ,1251.25,1193.55,1255.0,1193.55,1250.0,1250.1,1242.59,918,114069305000.0,,510.0,0.5556
2007-04-20,BRITANNIA,EQ,1250.1,1260.0,1266.95,1245.3,1247.5,1249.45,1257.06,887,111501330000.0,,601.0,0.6776000000000001
2007-04-23,BRITANNIA,EQ,1249.45,1250.0,1267.0,1243.5,1247.0,1249.3,1245.98,2779,346259035000.0,,2455.0,0.8834000000000001
2007-04-24,BRITANNIA,EQ,1249.3,1243.05,1285.0,1215.05,1265.0,1270.45,1278.46,33111,4233097520000.0005,,31969.0,0.9655
2007-04-25,BRITANNIA,EQ,1270.45,1264.95,1284.9,1251.3,1275.05,1279.45,1276.11,6004,766173745000.0,,5394.0,0.8984000000000001
2007-04-26,BRITANNIA,EQ,1279.45,1275.05,1300.0,1242.25,1278.0,1276.3,1295.29,9321,1207343495000.0,,7347.0,0.7881999999999999
2007-04-27,BRITANNIA,EQ,1276.3,1269.0,1275.0,1250.0,1270.0,1264.2,1260.51,579,72983515000.0,,424.0,0.7323000000000001
2007-04-30,BRITANNIA,EQ,1264.2,1265.0,1284.0,1230.0,1265.25,1266.75,1263.25,790,99796510000.0,,520.0,0.6581999999999999
2007-05-03,BRITANNIA,EQ,1266.75,1300.0,1319.0,1250.0,1312.0,1310.65,1294.2,8596,1112497370000.0,,6821.0,0.7935
2007-05-04,BRITANNIA,EQ,1310.65,1350.0,1400.0,1297.0,1315.0,1310.4,1317.56,10892,1435086210000.0,,6767.0,0.6213000000000001
2007-05-07,BRITANNIA,EQ,1310.4,1310.0,1335.0,1310.0,1320.0,1320.8,1321.71,4421,584327910000.0,,3433.0,0.7765000000000001
2007-05-08,BRITANNIA,EQ,1320.8,1320.0,1389.0,1310.0,1386.0,1379.7,1370.92,55239,7572824345000.0,,52951.0,0.9586
2007-05-09,BRITANNIA,EQ,1379.7,1379.0,1497.0,1346.4,1471.0,1484.2,1439.36,16161,2326157365000.0,,7644.0,0.473
2007-05-10,BRITANNIA,EQ,1484.2,1480.0,1610.0,1456.1,1586.0,1573.25,1534.41,20761,3185590740000.0,,10267.0,0.49450000000000005
2007-05-11,BRITANNIA,EQ,1573.25,1569.0,1569.0,1490.0,1501.0,1522.0,1541.93,8012,1235391070000.0,,1746.0,0.21789999999999998
2007-05-14,BRITANNIA,EQ,1522.0,1542.95,1599.0,1480.6,1481.05,1500.6,1523.83,5540,844199485000.0,,2770.0,0.5
2007-05-15,BRITANNIA,EQ,1500.6,1524.8,1524.8,1450.25,1464.0,1461.05,1470.16,5705,838723580000.0,,3210.0,0.5627000000000001
2007-05-16,BRITANNIA,EQ,1461.05,1496.8,1496.9,1420.0,1435.0,1432.6,1448.64,3680,533100675000.0,,2050.0,0.5571
2007-05-17,BRITANNIA,EQ,1432.6,1489.95,1489.95,1425.0,1434.0,1434.35,1439.34,4284,616611560000.0,,1924.0,0.4491
2007-05-18,BRITANNIA,EQ,1434.35,1435.0,1440.0,1362.55,1423.9,1420.45,1424.03,1838,261736054999.99997,,809.0,0.44020000000000004
2007-05-21,BRITANNIA,EQ,1420.45,1374.0,1448.55,1374.0,1420.0,1417.05,1423.53,2271,323283670000.0,,1477.0,0.6504000000000001
2007-05-22,BRITANNIA,EQ,1417.05,1433.95,1450.0,1405.0,1427.0,1438.55,1425.11,3304,470855245000.0,,2214.0,0.6701
2007-05-23,BRITANNIA,EQ,1438.55,1468.0,1480.0,1417.0,1442.0,1445.95,1448.67,8202,1188199155000.0,,5801.0,0.7073
2007-05-24,BRITANNIA,EQ,1445.95,1479.95,1510.0,1447.0,1503.0,1483.0,1471.85,3410,501900175000.0,,2634.0,0.7724
2007-05-25,BRITANNIA,EQ,1483.0,1451.0,1510.0,1450.0,1509.9,1504.25,1492.3,4161,620947530000.0,,2977.0,0.7155
2007-05-28,BRITANNIA,EQ,1504.25,1526.0,1570.0,1510.0,1560.0,1565.75,1558.7,35683,5561914825000.0,,33961.0,0.9517
2007-05-29,BRITANNIA,EQ,1565.75,1565.0,1650.0,1505.55,1650.0,1613.3,1561.59,67035,10468098580000.0,,45433.0,0.6778000000000001
2007-05-30,BRITANNIA,EQ,1613.3,1618.0,1625.0,1532.3,1560.0,1560.3,1558.68,55708,8683077084999.999,,46361.0,0.8322
2007-05-31,BRITANNIA,EQ,1560.3,1608.0,1609.95,1505.05,1555.0,1531.6,1525.5,74681,11392617765000.0,,58233.0,0.7798
2007-06-01,BRITANNIA,EQ,1531.6,1550.0,1582.0,1511.2,1511.2,1536.2,1540.69,4021,619512315000.0,,2420.0,0.6018
2007-06-04,BRITANNIA,EQ,1536.2,1537.0,1562.5,1476.35,1500.0,1492.35,1512.51,4554,688797300000.0,,3117.0,0.6845
2007-06-05,BRITANNIA,EQ,1492.35,1510.0,1554.85,1510.0,1551.0,1548.45,1537.3,8324,1279650770000.0,,3729.0,0.44799999999999995
2007-06-06,BRITANNIA,EQ,1548.45,1542.0,1562.5,1520.0,1535.0,1526.8,1539.37,3116,479666380000.0,,1657.0,0.5318
2007-06-07,BRITANNIA,EQ,1526.8,1540.0,1558.0,1475.55,1482.0,1492.55,1504.39,3814,573774295000.0,,1992.0,0.5223
2007-06-08,BRITANNIA,EQ,1492.55,1452.0,1524.95,1452.0,1515.0,1511.5,1507.78,4594,692672990000.0,,2846.0,0.6195
2007-06-11,BRITANNIA,EQ,1511.5,1550.0,1550.0,1470.8,1490.1,1492.5,1506.72,5872,884746690000.0,,3511.0,0.5979
2007-06-12,BRITANNIA,EQ,1492.5,1540.0,1545.0,1446.1,1502.0,1497.4,1486.72,4547,676013465000.0,,2854.0,0.6277
2007-06-13,BRITANNIA,EQ,1497.4,1534.5,1534.5,1462.1,1475.05,1479.15,1485.99,1018,151274180000.0,,515.0,0.5059
2007-06-14,BRITANNIA,EQ,1479.15,1514.95,1514.95,1475.0,1475.0,1477.05,1482.23,1181,175050920000.0,,748.0,0.6334000000000001
2007-06-15,BRITANNIA,EQ,1477.05,1499.95,1504.0,1455.0,1455.0,1462.7,1477.97,1813,267955665000.0,,1155.0,0.6371
2007-06-18,BRITANNIA,EQ,1462.7,1476.0,1497.45,1455.0,1456.5,1460.7,1469.96,6948,1021327010000.0,,6242.0,0.8984000000000001
2007-06-19,BRITANNIA,EQ,1460.7,1499.8,1499.8,1450.0,1460.0,1460.05,1461.95,2752,402328530000.0,,2097.0,0.762
2007-06-20,BRITANNIA,EQ,1460.05,1475.0,1494.0,1461.15,1465.0,1470.3,1470.12,13303,1955703925000.0,,11853.0,0.891
2007-06-21,BRITANNIA,EQ,1470.3,1500.0,1610.0,1500.0,1520.0,1522.2,1546.58,20981,3244881240000.0,,10101.0,0.4814
2007-06-22,BRITANNIA,EQ,1522.2,1526.0,1537.4,1510.0,1520.0,1521.15,1522.36,5503,837757080000.0,,4014.0,0.7293999999999999
2007-06-25,BRITANNIA,EQ,1521.15,1534.0,1540.0,1515.0,1535.0,1533.75,1524.26,4864,741400135000.0,,4108.0,0.8445999999999999
2007-06-26,BRITANNIA,EQ,1533.75,1560.0,1584.0,1519.9,1520.0,1521.2,1539.75,6169,949871305000.0001,,3144.0,0.5096
2007-06-27,BRITANNIA,EQ,1521.2,1535.0,1550.0,1515.0,1535.55,1542.95,1528.66,7344,1122650605000.0,,3106.0,0.4229
2007-06-28,BRITANNIA,EQ,1542.95,1530.0,1544.95,1518.0,1535.0,1533.7,1523.82,4092,623548165000.0,,3290.0,0.804
2007-06-29,BRITANNIA,EQ,1533.7,1538.0,1580.1,1530.0,1580.1,1575.45,1562.47,6683,1044196025000.0,,5587.0,0.836
2007-07-02,BRITANNIA,EQ,1575.45,1570.0,1575.2,1561.0,1570.0,1570.95,1571.08,11350,1783171320000.0,,10618.0,0.9355
2007-07-03,BRITANNIA,EQ,1570.95,1600.0,1620.0,1575.55,1600.0,1608.05,1603.38,64353,10318252680000.0,,58496.0,0.909
2007-07-04,BRITANNIA,EQ,1608.05,1604.9,1677.0,1600.0,1630.0,1629.3,1644.86,20785,3418845250000.0,,9656.0,0.4646
2007-07-05,BRITANNIA,EQ,1629.3,1659.0,1772.0,1659.0,1695.5,1707.7,1719.91,31740,5458997375000.0,,15584.0,0.49100000000000005
2007-07-06,BRITANNIA,EQ,1707.7,1685.5,1725.0,1685.5,1702.0,1709.75,1711.31,6567,1123818310000.0,,2582.0,0.3932
2007-07-09,BRITANNIA,EQ,1709.75,1719.0,1731.0,1706.0,1715.0,1718.45,1715.25,5167,886271475000.0,,1987.0,0.3846
2007-07-10,BRITANNIA,EQ,1718.45,1655.55,1720.0,1655.55,1670.5,1682.7,1715.36,26054,4469189680000.0,,24471.0,0.9392
2007-07-11,BRITANNIA,EQ,1682.7,1650.4,1700.0,1650.4,1698.0,1694.6,1695.03,4100,694961125000.0,,2940.0,0.7171
2007-07-12,BRITANNIA,EQ,1694.6,1773.0,1773.0,1659.7,1684.95,1667.3,1673.38,3973,664834525000.0,,2557.0,0.6436000000000001
2007-07-13,BRITANNIA,EQ,1667.3,1705.0,1730.0,1651.35,1698.9,1691.45,1696.83,13202,2240150075000.0,,8422.0,0.6379
2007-07-16,BRITANNIA,EQ,1691.45,1770.0,1770.0,1715.0,1748.0,1743.3,1736.6,37329,6482536490000.0,,33121.0,0.8873000000000001
2007-07-17,BRITANNIA,EQ,1743.3,1748.95,1770.0,1722.4,1760.0,1730.35,1746.25,12977,2266104890000.0,,8805.0,0.6785
2007-07-18,BRITANNIA,EQ,1730.35,1710.0,1757.0,1710.0,1750.0,1743.25,1731.18,5060,875975290000.0,,3177.0,0.6279
2007-07-19,BRITANNIA,EQ,1743.25,1750.0,1750.0,1710.1,1710.1,1724.7,1735.1,5043,875011490000.0,,3562.0,0.7062999999999999
2007-07-20,BRITANNIA,EQ,1724.7,1730.0,1730.0,1701.4,1715.0,1714.7,1721.88,2968,511054050000.0,,1928.0,0.6496
2007-07-23,BRITANNIA,EQ,1714.7,1722.0,1734.95,1697.1,1700.0,1707.0,1713.76,3188,546346030000.0,,1487.0,0.46640000000000004
2007-07-24,BRITANNIA,EQ,1707.0,1748.9,1750.0,1700.4,1705.0,1709.3,1723.63,4067,701001235000.0,,2127.0,0.523
2007-07-25,BRITANNIA,EQ,1709.3,1700.0,1724.9,1667.05,1710.0,1709.55,1691.28,3774,638288130000.0,,1994.0,0.5284000000000001
2007-07-26,BRITANNIA,EQ,1709.55,1719.85,1719.85,1681.0,1700.0,1702.15,1698.44,2879,488982280000.0,,2094.0,0.7273000000000001
2007-07-27,BRITANNIA,EQ,1702.15,1625.0,1710.0,1625.0,1709.95,1694.9,1687.43,2763,466237975000.0,,1987.0,0.7191
2007-07-30,BRITANNIA,EQ,1694.9,1670.05,1695.0,1650.0,1660.0,1662.55,1672.79,1821,304614640000.0,,959.0,0.5266
2007-07-31,BRITANNIA,EQ,1662.55,1689.95,1720.0,1642.3,1720.0,1707.8,1686.35,4426,746379090000.0,,3489.0,0.7883
2007-08-01,BRITANNIA,EQ,1707.8,1670.0,1690.0,1640.0,1640.05,1643.45,1650.17,42471,7008446505000.0,,41419.0,0.9752
2007-08-02,BRITANNIA,EQ,1643.45,1693.95,1693.95,1602.0,1602.0,1619.15,1638.62,1321,216461540000.0,,712.0,0.539
2007-08-03,BRITANNIA,EQ,1619.15,1668.65,1675.0,1620.0,1625.1,1629.65,1649.42,2997,494331605000.0,,1689.0,0.5636
2007-08-06,BRITANNIA,EQ,1629.65,1620.05,1646.0,1576.1,1600.45,1604.35,1611.96,2791,449898245000.0,,1721.0,0.6165999999999999
2007-08-07,BRITANNIA,EQ,1604.35,1649.0,1649.0,1605.0,1605.0,1613.8,1622.4,622,100913215000.0,,318.0,0.5113000000000001
2007-08-08,BRITANNIA,EQ,1613.8,1625.0,1637.0,1612.05,1612.1,1613.5,1622.51,1026,166469940000.0,,658.0,0.6413
2007-08-09,BRITANNIA,EQ,1613.5,1612.1,1632.1,1593.0,1602.05,1601.3,1615.08,1087,175559165000.0,,499.0,0.45909999999999995
2007-08-10,BRITANNIA,EQ,1601.3,1525.1,1659.9,1525.1,1600.0,1599.65,1584.87,2586,409846335000.0,,1499.0,0.5797
2007-08-13,BRITANNIA,EQ,1599.65,1800.0,1800.0,1565.25,1620.0,1621.85,1620.22,1703,275922725000.0,,1168.0,0.6858
2007-08-14,BRITANNIA,EQ,1621.85,1528.55,1652.0,1528.55,1645.0,1642.35,1637.38,2846,465998305000.0,,1793.0,0.63
2007-08-16,BRITANNIA,EQ,1642.35,1600.0,1615.0,1575.0,1575.0,1577.5,1590.86,1494,237674250000.0,,869.0,0.5817
2007-08-17,BRITANNIA,EQ,1577.5,1575.0,1600.0,1560.0,1590.05,1596.7,1584.16,3134,496475370000.0,,2663.0,0.8497
2007-08-20,BRITANNIA,EQ,1596.7,1605.1,1610.0,1550.0,1592.0,1587.65,1575.03,110604,17420453560000.0,,109150.0,0.9869
2007-08-21,BRITANNIA,EQ,1587.65,1618.0,1625.0,1530.0,1592.0,1578.85,1567.35,3019,473183655000.0,,2220.0,0.7353000000000001
2007-08-22,BRITANNIA,EQ,1578.85,1541.65,1599.95,1496.0,1536.0,1539.65,1536.76,3555,546317125000.0,,1610.0,0.4529
2007-08-23,BRITANNIA,EQ,1539.65,1594.9,1600.0,1505.0,1525.0,1522.65,1559.76,2266,353442155000.0,,1157.0,0.5106
2007-08-24,BRITANNIA,EQ,1522.65,1530.0,1540.0,1515.0,1515.0,1523.3,1524.75,1008,153694530000.0,,418.0,0.4147
2007-08-27,BRITANNIA,EQ,1523.3,1515.0,1600.0,1515.0,1600.0,1592.9,1573.77,2684,422401134999.99994,,1867.0,0.6956
2007-08-28,BRITANNIA,EQ,1592.9,1570.0,1650.0,1570.0,1576.0,1584.95,1612.86,5239,844979835000.0,,3427.0,0.6541
2007-08-29,BRITANNIA,EQ,1584.95,1570.0,1600.0,1570.0,1590.0,1589.2,1589.79,2831,450069050000.0,,2483.0,0.8771
2007-08-30,BRITANNIA,EQ,1589.2,1605.0,1605.0,1582.0,1594.0,1593.35,1592.75,3755,598078385000.0,,3087.0,0.8220999999999999
2007-08-31,BRITANNIA,EQ,1593.35,1610.0,1610.0,1560.05,1570.0,1569.7,1584.45,1589,251768620000.00003,,1087.0,0.6840999999999999
2007-09-03,BRITANNIA,EQ,1569.7,1620.0,1663.0,1595.0,1610.0,1618.5,1623.75,10585,1718742560000.0002,,8205.0,0.7752
2007-09-04,BRITANNIA,EQ,1618.5,1644.4,1670.0,1601.0,1602.5,1607.35,1628.17,3638,592329040000.0,,2074.0,0.5700999999999999
2007-09-05,BRITANNIA,EQ,1607.35,1581.0,1637.0,1566.0,1584.0,1590.35,1602.99,1588,254555065000.0,,847.0,0.5334000000000001
2007-09-06,BRITANNIA,EQ,1590.35,1581.0,1600.0,1561.05,1587.0,1585.15,1588.77,770,122335655000.0,,455.0,0.5909000000000001
2007-09-07,BRITANNIA,EQ,1585.15,1594.0,1594.0,1562.25,1575.0,1572.85,1583.52,1655,262072379999.99997,,1364.0,0.8242
2007-09-10,BRITANNIA,EQ,1572.85,1561.3,1588.95,1540.1,1568.85,1563.8,1570.33,1223,192051375000.0,,842.0,0.6885
2007-09-11,BRITANNIA,EQ,1563.8,1570.0,1570.0,1546.0,1546.0,1550.5,1556.03,3353,521735430000.0,,2926.0,0.8727
2007-09-12,BRITANNIA,EQ,1550.5,1575.0,1575.0,1525.0,1540.0,1533.05,1539.03,3875,596372550000.0,,3512.0,0.9063
2007-09-13,BRITANNIA,EQ,1533.05,1587.0,1600.0,1535.0,1536.0,1539.4,1548.22,1684,260719950000.0,,1144.0,0.6793000000000001
2007-09-14,BRITANNIA,EQ,1539.4,1563.95,1564.0,1513.05,1518.5,1522.95,1536.52,2074,318673405000.0,,1532.0,0.7387
2007-09-17,BRITANNIA,EQ,1522.95,1518.0,1540.0,1500.0,1505.0,1505.6,1515.59,1213,183840900000.0,,790.0,0.6513
2007-09-18,BRITANNIA,EQ,1505.6,1505.0,1539.95,1476.1,1535.0,1525.55,1519.76,34885,5301671845000.0,,34086.0,0.9771
2007-09-19,BRITANNIA,EQ,1525.55,1580.0,1580.0,1502.0,1510.0,1512.0,1522.66,4076,620636935000.0,,2510.0,0.6158
2007-09-20,BRITANNIA,EQ,1512.0,1523.0,1546.0,1523.0,1530.1,1535.95,1537.61,5570,856449850000.0,,3923.0,0.7043
2007-09-21,BRITANNIA,EQ,1535.95,1538.0,1549.0,1460.0,1483.0,1472.9,1488.95,7810,1162869955000.0,,5521.0,0.7069
2007-09-24,BRITANNIA,EQ,1472.9,1549.85,1549.85,1475.05,1485.0,1483.7,1486.42,29095,4324748704999.9995,,27663.0,0.9508
2007-09-25,BRITANNIA,EQ,1483.7,1400.0,1495.0,1400.0,1452.0,1480.45,1469.59,2509,368718895000.0,,1456.0,0.5803
2007-09-26,BRITANNIA,EQ,1480.45,1488.85,1488.85,1456.2,1470.0,1474.15,1469.88,926,136110720000.0,,495.0,0.5346000000000001
2007-09-27,BRITANNIA,EQ,1474.15,1470.9,1488.0,1440.0,1440.0,1453.85,1463.3,2076,303780340000.0,,1195.0,0.5756
2007-09-28,BRITANNIA,EQ,1453.85,1538.05,1538.05,1441.0,1460.0,1462.15,1460.33,15887,2320020290000.0,,14824.0,0.9331
2007-10-01,BRITANNIA,EQ,1462.15,1460.0,1461.85,1440.0,1444.0,1447.9,1448.47,1409,204089950000.0,,786.0,0.5578000000000001
2007-10-03,BRITANNIA,EQ,1447.9,1450.0,1482.5,1416.0,1425.1,1426.5,1445.9,3826,553199735000.0,,2594.0,0.6779999999999999
2007-10-04,BRITANNIA,EQ,1426.5,1448.0,1448.0,1410.05,1443.9,1438.75,1428.32,5127,732299055000.0,,3729.0,0.7273000000000001
2007-10-05,BRITANNIA,EQ,1438.75,1438.75,1446.95,1401.0,1413.0,1409.9,1413.0,13569,1917299455000.0,,12623.0,0.9303
2007-10-08,BRITANNIA,EQ,1409.9,1425.0,1459.0,1375.0,1438.0,1434.05,1406.49,10560,1485254160000.0,,9632.0,0.9120999999999999
2007-10-09,BRITANNIA,EQ,1434.05,1382.55,1462.0,1351.55,1440.1,1455.1,1417.62,10169,1441579340000.0,,8232.0,0.8095
2007-10-10,BRITANNIA,EQ,1455.1,1440.0,1500.0,1430.0,1430.0,1431.0,1443.69,2814,406255150000.0,,1721.0,0.6116
2007-10-11,BRITANNIA,EQ,1431.0,1484.7,1484.7,1421.1,1433.05,1435.95,1435.28,9069,1301655865000.0,,8525.0,0.9400000000000001
2007-10-12,BRITANNIA,EQ,1435.95,1446.0,1446.0,1400.0,1420.0,1427.6,1416.5,5348,757546615000.0,,4680.0,0.8751000000000001
2007-10-15,BRITANNIA,EQ,1427.6,1415.0,1430.0,1399.5,1412.0,1401.25,1405.24,131251,18443930015000.0,,130399.0,0.9934999999999999
2007-10-16,BRITANNIA,EQ,1401.25,1380.0,1447.45,1371.2,1389.15,1400.75,1405.41,3765,529135530000.0,,3013.0,0.8003
2007-10-17,BRITANNIA,EQ,1400.75,1354.0,1410.0,1354.0,1385.0,1382.95,1390.79,1794,249506845000.00003,,1480.0,0.8250000000000001
2007-10-18,BRITANNIA,EQ,1382.95,1440.0,1440.0,1350.0,1374.9,1355.9,1387.96,3276,454695175000.0,,2154.0,0.6575
2007-10-19,BRITANNIA,EQ,1355.9,1397.95,1397.95,1340.0,1375.2,1386.9,1368.72,3264,446749334999.99994,,2511.0,0.7693000000000001
2007-10-22,BRITANNIA,EQ,1386.9,1333.55,1405.0,1333.55,1400.05,1400.2,1397.22,3555,496711140000.00006,,2869.0,0.807
2007-10-23,BRITANNIA,EQ,1400.2,1425.0,1430.0,1382.25,1389.0,1392.55,1403.04,2698,378539345000.0,,2035.0,0.7543000000000001
2007-10-24,BRITANNIA,EQ,1392.55,1499.0,1559.65,1455.0,1480.0,1480.5,1486.18,11173,1660507885000.0,,6639.0,0.5942000000000001
2007-10-25,BRITANNIA,EQ,1480.5,1499.0,1543.95,1476.0,1500.0,1502.15,1502.82,5859,880500915000.0,,3562.0,0.608
2007-10-26,BRITANNIA,EQ,1502.15,1519.0,1530.0,1500.0,1525.0,1526.5,1522.79,7684,1170111750000.0,,6663.0,0.8671
2007-10-29,BRITANNIA,EQ,1526.5,1560.0,1560.0,1515.0,1535.0,1530.2,1539.88,4133,636434105000.0,,2811.0,0.6801
2007-10-30,BRITANNIA,EQ,1530.2,1560.0,1560.0,1455.0,1505.0,1498.85,1499.55,3621,542987609999.99994,,2941.0,0.8122
2007-10-31,BRITANNIA,EQ,1498.85,1505.0,1558.0,1490.0,1540.0,1540.65,1519.69,7712,1171982190000.0,,5460.0,0.708
2007-11-01,BRITANNIA,EQ,1540.65,1550.0,1550.0,1500.0,1500.0,1518.1,1525.63,3238,493999350000.0,,2619.0,0.8088
2007-11-02,BRITANNIA,EQ,1518.1,1545.0,1550.0,1483.0,1500.0,1500.7,1501.15,4839,726405340000.0,,4065.0,0.84
2007-11-05,BRITANNIA,EQ,1500.7,1481.0,1525.0,1414.4,1490.0,1490.55,1495.36,1907,285165310000.0,,1583.0,0.8301000000000001
2007-11-06,BRITANNIA,EQ,1490.55,1529.0,1535.0,1490.05,1500.0,1500.35,1508.12,2942,443688730000.0,,2610.0,0.8872
2007-11-07,BRITANNIA,EQ,1500.35,1490.0,1511.0,1485.0,1500.0,1500.15,1501.85,2405,361193925000.0,,2068.0,0.8599
2007-11-08,BRITANNIA,EQ,1500.15,1513.0,1515.0,1500.0,1502.5,1501.1,1506.1,761,114614195000.0,,644.0,0.8462999999999999
2007-11-09,BRITANNIA,EQ,1501.1,1525.0,1549.9,1521.0,1548.0,1539.1,1539.63,2698,415392815000.0,,1827.0,0.6772
2007-11-12,BRITANNIA,EQ,1539.1,1539.0,1544.95,1500.05,1505.0,1509.95,1523.25,4208,640982280000.0,,2497.0,0.5934
2007-11-13,BRITANNIA,EQ,1509.95,1550.0,1550.0,1500.25,1500.55,1515.95,1523.44,2503,381318040000.0,,1668.0,0.6664
2007-11-14,BRITANNIA,EQ,1515.95,1539.0,1542.0,1500.0,1526.9,1514.85,1521.19,1786,271684875000.0,,1168.0,0.654
2007-11-15,BRITANNIA,EQ,1514.85,1505.2,1555.0,1505.05,1536.0,1543.05,1529.94,4087,625286175000.0,,3054.0,0.7472
2007-11-16,BRITANNIA,EQ,1543.05,1534.0,1560.0,1506.0,1508.0,1509.6,1521.06,2333,354862740000.0,,1614.0,0.6918000000000001
2007-11-19,BRITANNIA,EQ,1509.6,1510.0,1544.9,1508.0,1525.0,1521.0,1528.9,1219,186373215000.0,,865.0,0.7095999999999999
2007-11-20,BRITANNIA,EQ,1521.0,1515.0,1535.0,1510.0,1520.0,1520.05,1520.98,4174,634855300000.0,,3817.0,0.9145000000000001
2007-11-21,BRITANNIA,EQ,1520.05,1520.0,1538.95,1510.0,1520.25,1520.4,1520.37,3139,477242859999.99994,,2490.0,0.7931999999999999
2007-11-22,BRITANNIA,EQ,1520.4,1530.0,1530.0,1490.0,1503.9,1497.8,1521.9,201370,30646459195000.0,,200768.0,0.997
2007-11-23,BRITANNIA,EQ,1497.8,1533.0,1540.0,1500.0,1501.1,1503.55,1521.74,50877,7742143705000.0,,50456.0,0.9917
2007-11-26,BRITANNIA,EQ,1503.55,1510.0,1519.95,1500.0,1500.0,1502.55,1506.82,1683,253597015000.0,,1223.0,0.7267
2007-11-27,BRITANNIA,EQ,1502.55,1523.85,1525.0,1500.0,1507.55,1516.45,1509.44,1007,152000910000.0,,758.0,0.7526999999999999
2007-11-28,BRITANNIA,EQ,1516.45,1524.95,1524.95,1470.0,1519.0,1482.9,1487.78,2866,426398350000.0,,2046.0,0.7139
2007-11-29,BRITANNIA,EQ,1482.9,1486.05,1514.95,1486.05,1499.9,1493.35,1498.14,393,58876860000.0,,210.0,0.5344
2007-11-30,BRITANNIA,EQ,1493.35,1489.0,1519.9,1462.25,1495.0,1492.35,1492.0,1030,153676340000.0,,449.0,0.43590000000000007
2007-12-03,BRITANNIA,EQ,1492.35,1455.05,1500.0,1455.05,1470.0,1468.1,1477.98,1819,268844360000.0,,1413.0,0.7768
2007-12-04,BRITANNIA,EQ,1468.1,1493.0,1493.0,1470.1,1478.9,1474.35,1481.36,984,145765960000.0,,803.0,0.8161
2007-12-05,BRITANNIA,EQ,1474.35,1490.0,1525.0,1472.0,1525.0,1514.6,1499.42,2291,343516765000.0,,1658.0,0.7237
2007-12-06,BRITANNIA,EQ,1514.6,1514.6,1557.0,1485.0,1491.0,1495.35,1506.32,1833,276108265000.0,,995.0,0.5428000000000001
2007-12-07,BRITANNIA,EQ,1495.35,1479.0,1528.0,1479.0,1488.0,1490.7,1497.54,933,139720110000.0,,464.0,0.49729999999999996
2007-12-10,BRITANNIA,EQ,1490.7,1490.0,1490.0,1449.0,1457.0,1458.25,1469.44,5171,759849880000.0,,3319.0,0.6418
2007-12-11,BRITANNIA,EQ,1458.25,1481.0,1481.9,1441.25,1465.0,1459.7,1458.23,30042,4380827185000.0,,27913.0,0.9291
2007-12-12,BRITANNIA,EQ,1459.7,1448.0,1485.0,1442.05,1482.0,1483.55,1479.86,4518,668598495000.0,,4007.0,0.8869
2007-12-13,BRITANNIA,EQ,1483.55,1450.1,1525.0,1450.1,1500.0,1509.45,1500.06,85515,12827773940000.0,,84066.0,0.9831000000000001
2007-12-14,BRITANNIA,EQ,1509.45,1422.65,1527.0,1422.65,1500.0,1501.25,1500.91,2586,388135040000.0,,1951.0,0.7544
2007-12-17,BRITANNIA,EQ,1501.25,1510.0,1510.0,1495.0,1500.0,1499.65,1500.47,2219,332954190000.0,,1965.0,0.8855
2007-12-18,BRITANNIA,EQ,1499.65,1499.0,1510.0,1470.0,1508.9,1505.4,1495.55,1776,265609335000.0,,1403.0,0.79
2007-12-19,BRITANNIA,EQ,1505.4,1502.0,1512.0,1485.0,1489.75,1486.55,1509.11,36923,5572070525000.0,,36394.0,0.9856999999999999
2007-12-20,BRITANNIA,EQ,1486.55,1483.0,1499.9,1465.0,1465.0,1466.25,1474.44,1894,279258170000.0,,1649.0,0.8706
2007-12-24,BRITANNIA,EQ,1466.25,1505.0,1505.0,1460.1,1462.0,1467.05,1475.92,2515,371193040000.0,,1518.0,0.6036
2007-12-26,BRITANNIA,EQ,1467.05,1500.0,1500.0,1460.0,1470.0,1471.95,1475.95,4970,733545395000.0,,4010.0,0.8068000000000001
2007-12-27,BRITANNIA,EQ,1471.95,1443.0,1496.0,1443.0,1475.0,1470.05,1476.49,1520,224425810000.0,,1312.0,0.8632
2007-12-28,BRITANNIA,EQ,1470.05,1470.4,1484.8,1445.55,1463.1,1465.6,1467.2,2223,326157605000.0,,1557.0,0.7004
2007-12-31,BRITANNIA,EQ,1465.6,1490.0,1495.0,1465.0,1474.95,1473.45,1485.06,7287,1082164630000.0001,,6405.0,0.8790000000000001
2008-01-01,BRITANNIA,EQ,1473.45,1489.0,1490.0,1470.05,1475.0,1474.35,1478.13,4021,594354730000.0,,3398.0,0.8451000000000001
2008-01-02,BRITANNIA,EQ,1474.35,1480.0,1519.6,1470.0,1477.0,1489.15,1477.02,31382,4635177820000.0,,30533.0,0.9729000000000001
2008-01-03,BRITANNIA,EQ,1489.15,1485.0,1529.0,1485.0,1510.0,1512.1,1516.45,3442,521963720000.0,,2526.0,0.7339
2008-01-04,BRITANNIA,EQ,1512.1,1530.0,1532.0,1501.0,1504.0,1504.65,1517.24,3066,465185195000.0,,2435.0,0.7942
2008-01-07,BRITANNIA,EQ,1504.65,1530.0,1532.9,1472.1,1526.05,1523.0,1525.24,3581,546187700000.0,,2829.0,0.79
2008-01-08,BRITANNIA,EQ,1523.0,1554.0,1650.0,1520.0,1526.0,1532.85,1584.02,11892,1883720485000.0002,,5841.0,0.49119999999999997
2008-01-09,BRITANNIA,EQ,1532.85,1563.75,1563.75,1531.0,1553.0,1550.15,1550.4,5793,898146400000.0,,5143.0,0.8878
2008-01-10,BRITANNIA,EQ,1550.15,1560.0,1580.0,1530.0,1574.8,1553.1,1551.87,7141,1108190015000.0,,6451.0,0.9034000000000001
2008-01-11,BRITANNIA,EQ,1553.1,1610.0,1625.0,1527.05,1611.0,1609.45,1593.2,9231,1470681590000.0,,5924.0,0.6418
2008-01-14,BRITANNIA,EQ,1609.45,1562.05,1620.0,1562.05,1605.0,1599.7,1603.97,2548,408690910000.0,,1785.0,0.7005
2008-01-15,BRITANNIA,EQ,1599.7,1573.2,1601.0,1573.2,1577.35,1583.1,1587.04,653,103633855000.0,,486.0,0.7443000000000001
2008-01-16,BRITANNIA,EQ,1583.1,1570.0,1579.95,1546.3,1550.0,1552.95,1556.37,2944,458195025000.0,,1480.0,0.5027
2008-01-17,BRITANNIA,EQ,1552.95,1530.05,1578.85,1530.05,1550.0,1550.4,1546.32,1535,237360270000.00003,,1047.0,0.6820999999999999
2008-01-18,BRITANNIA,EQ,1550.4,1525.0,1565.0,1525.0,1550.0,1551.35,1550.68,2642,409688930000.0,,2059.0,0.7793000000000001
2008-01-21,BRITANNIA,EQ,1551.35,1525.0,1558.8,1375.0,1500.0,1477.95,1496.94,3207,480069025000.0,,2632.0,0.8207
2008-01-22,BRITANNIA,EQ,1477.95,1357.5,1510.0,1190.0,1351.0,1486.35,1433.22,4206,602812230000.0,,3706.0,0.8811
2008-01-23,BRITANNIA,EQ,1486.35,1485.0,1500.0,1375.05,1432.0,1435.1,1447.81,1941,281020865000.0,,1415.0,0.7290000000000001
2008-01-24,BRITANNIA,EQ,1435.1,1440.1,1550.0,1206.65,1490.0,1457.6,1389.19,4537,630273515000.0,,2472.0,0.5449
2008-01-25,BRITANNIA,EQ,1457.6,1416.0,1490.0,1415.0,1477.0,1479.0,1457.65,1287,187600050000.0,,967.0,0.7514000000000001
2008-01-28,BRITANNIA,EQ,1479.0,1490.0,1544.0,1430.05,1450.0,1447.85,1451.98,1229,178447770000.0,,974.0,0.7925
2008-01-29,BRITANNIA,EQ,1447.85,1499.9,1539.0,1425.0,1437.0,1438.7,1469.4,3018,443465334999.99994,,1970.0,0.6528
2008-01-30,BRITANNIA,EQ,1438.7,1462.8,1467.0,1425.0,1425.0,1440.95,1451.3,1023,148468065000.0,,624.0,0.61
2008-01-31,BRITANNIA,EQ,1440.95,1440.0,1455.0,1420.0,1450.0,1446.5,1442.75,763,110081880000.0,,466.0,0.6107
2008-02-01,BRITANNIA,EQ,1446.5,1474.9,1475.0,1413.0,1434.45,1423.6,1431.58,873,124977014999.99998,,577.0,0.6609
2008-02-04,BRITANNIA,EQ,1423.6,1474.0,1498.0,1436.05,1490.0,1483.2,1470.68,1701,250163050000.0,,894.0,0.5256000000000001
2008-02-05,BRITANNIA,EQ,1483.2,1453.0,1499.9,1453.0,1482.05,1470.9,1480.54,614,90904965000.0,,390.0,0.6352000000000001
2008-02-06,BRITANNIA,EQ,1470.9,1275.5,1468.0,1275.5,1425.0,1442.1,1449.31,962,139423935000.0,,643.0,0.6684
2008-02-07,BRITANNIA,EQ,1442.1,1458.0,1463.0,1420.0,1422.0,1422.95,1442.23,717,103408150000.0,,439.0,0.6123
2008-02-08,BRITANNIA,EQ,1422.95,1408.7,1434.5,1395.05,1412.0,1404.7,1408.95,625,88059280000.0,,379.0,0.6064
2008-02-11,BRITANNIA,EQ,1404.7,1500.0,1500.0,1375.0,1400.5,1417.3,1407.36,1254,176482730000.0,,895.0,0.7137000000000001
2008-02-12,BRITANNIA,EQ,1417.3,1380.0,1429.0,1350.0,1376.0,1362.6,1374.57,945,129896705000.0,,674.0,0.7132
2008-02-13,BRITANNIA,EQ,1362.6,1400.0,1400.0,1350.0,1350.0,1357.6,1356.32,1104,149738150000.0,,1003.0,0.9085
2008-02-14,BRITANNIA,EQ,1357.6,1360.0,1400.0,1360.0,1370.0,1380.6,1378.86,934,128785895000.0,,646.0,0.6916
2008-02-15,BRITANNIA,EQ,1380.6,1399.8,1399.9,1376.2,1394.0,1390.6,1390.33,649,90232525000.0,,324.0,0.49920000000000003
2008-02-18,BRITANNIA,EQ,1390.6,1420.0,1425.0,1382.0,1395.0,1389.6,1395.38,710,99071715000.0,,545.0,0.7676000000000001
2008-02-19,BRITANNIA,EQ,1389.6,1400.0,1434.95,1378.1,1433.0,1430.35,1405.95,2305,324071170000.0,,1966.0,0.8529000000000001
2008-02-20,BRITANNIA,EQ,1430.35,1405.0,1447.0,1382.55,1438.8,1415.8,1410.32,1351,190533890000.0,,1158.0,0.8571
2008-02-21,BRITANNIA,EQ,1415.8,1415.8,1434.0,1389.0,1400.0,1400.25,1401.13,532,74540355000.0,,481.0,0.9041
2008-02-22,BRITANNIA,EQ,1400.25,1433.9,1433.9,1375.0,1394.0,1393.75,1395.96,618,86270610000.0,,521.0,0.843
2008-02-25,BRITANNIA,EQ,1393.75,1385.0,1425.0,1375.0,1391.0,1393.9,1390.45,425,59094255000.00001,,333.0,0.7835
2008-02-26,BRITANNIA,EQ,1393.9,1380.3,1429.65,1380.3,1394.0,1395.85,1395.88,506,70631385000.0,,389.0,0.7687999999999999
2008-02-27,BRITANNIA,EQ,1395.85,1400.0,1417.0,1381.0,1390.0,1388.4,1398.71,1093,152879345000.0,,956.0,0.8747
2008-02-28,BRITANNIA,EQ,1388.4,1381.05,1414.5,1375.15,1410.0,1405.9,1395.6,490,68384190000.0,,261.0,0.5327000000000001
2008-02-29,BRITANNIA,EQ,1405.9,1399.9,1417.8,1375.0,1380.0,1378.55,1393.91,1726,240588550000.0,,1245.0,0.7212999999999999
2008-03-03,BRITANNIA,EQ,1378.55,1384.0,1388.55,1351.1,1370.0,1360.55,1372.95,1550,212807275000.0,,1273.0,0.8212999999999999
2008-03-04,BRITANNIA,EQ,1360.55,1360.0,1360.1,1335.0,1360.0,1358.95,1347.6,3438,463305355000.0,,3127.0,0.9095000000000001
2008-03-05,BRITANNIA,EQ,1358.95,1345.35,1379.95,1345.0,1370.0,1374.2,1364.85,1039,141808270000.0,,718.0,0.691
2008-03-07,BRITANNIA,EQ,1374.2,1323.0,1384.9,1323.0,1384.9,1368.4,1357.63,2168,294334700000.0,,960.0,0.4428
2008-03-10,BRITANNIA,EQ,1368.4,1385.0,1390.0,1340.0,1375.0,1374.65,1364.86,2635,359639550000.0,,1571.0,0.5962
2008-03-11,BRITANNIA,EQ,1374.65,1375.0,1430.0,1342.25,1425.0,1421.2,1399.69,3320,464697155000.0,,2739.0,0.8250000000000001
2008-03-12,BRITANNIA,EQ,1421.2,1488.0,1510.0,1365.3,1384.0,1383.55,1424.06,677,96408910000.0,,393.0,0.5805
2008-03-13,BRITANNIA,EQ,1383.55,1420.0,1420.0,1340.0,1409.0,1389.65,1379.36,1977,272699320000.00003,,1489.0,0.7532
2008-03-14,BRITANNIA,EQ,1389.65,1351.5,1373.0,1351.5,1370.0,1367.9,1363.85,989,134885089999.99998,,627.0,0.634
2008-03-17,BRITANNIA,EQ,1367.9,1349.9,1360.0,1250.0,1280.3,1290.6,1307.14,6041,789646025000.0,,4434.0,0.7340000000000001
2008-03-18,BRITANNIA,EQ,1290.6,1291.0,1326.45,1290.0,1290.0,1299.8,1301.53,1382,179871075000.0,,1249.0,0.9037999999999999
2008-03-19,BRITANNIA,EQ,1299.8,1305.0,1348.95,1270.0,1270.0,1278.65,1295.01,1172,151775315000.0,,712.0,0.6075
2008-03-24,BRITANNIA,EQ,1278.65,1315.0,1315.0,1189.15,1261.0,1242.7,1219.95,4362,532140245000.0,,3119.0,0.715
2008-03-25,BRITANNIA,EQ,1242.7,1265.0,1290.0,1250.0,1250.0,1256.2,1267.61,2060,261127835000.0,,1478.0,0.7175
2008-03-26,BRITANNIA,EQ,1256.2,1265.0,1325.0,1251.1,1307.0,1312.55,1278.16,4569,583992020000.0,,3597.0,0.7873000000000001
2008-03-27,BRITANNIA,EQ,1312.55,1288.5,1310.9,1288.0,1290.0,1296.0,1296.6,387,50178540000.0,,207.0,0.5349
2008-03-28,BRITANNIA,EQ,1296.0,1344.85,1344.85,1295.05,1315.0,1315.95,1311.2,495,64904480000.00001,,210.0,0.4242
2008-03-31,BRITANNIA,EQ,1315.95,1349.0,1349.0,1302.0,1305.0,1323.5,1321.19,738,97503620000.0,,489.0,0.6626000000000001
2008-04-01,BRITANNIA,EQ,1323.5,1280.0,1355.0,1280.0,1332.0,1332.45,1331.29,726,96651335000.0,,514.0,0.708
2008-04-02,BRITANNIA,EQ,1332.45,1351.0,1357.0,1300.0,1300.0,1318.1,1323.8,2702,357690535000.0,,2454.0,0.9081999999999999
2008-04-03,BRITANNIA,EQ,1318.1,1315.0,1315.0,1283.0,1291.0,1289.9,1296.46,832,107865364999.99998,,633.0,0.7608
2008-04-04,BRITANNIA,EQ,1289.9,1329.0,1329.0,1282.0,1282.0,1292.2,1296.89,218,28272105000.0,,149.0,0.6835
2008-04-07,BRITANNIA,EQ,1292.2,1265.0,1333.85,1265.0,1294.25,1295.4,1301.63,1078,140315765000.0,,902.0,0.8367
2008-04-08,BRITANNIA,EQ,1295.4,1295.25,1309.9,1286.1,1307.0,1303.35,1298.66,401,52076425000.0,,350.0,0.8728
2008-04-09,BRITANNIA,EQ,1303.35,1281.0,1325.0,1281.0,1297.0,1295.55,1310.82,1409,184694235000.0,,669.0,0.4748
2008-04-10,BRITANNIA,EQ,1295.55,1319.9,1335.0,1285.0,1285.0,1294.4,1307.71,3342,437035234999.99994,,2202.0,0.6589
2008-04-11,BRITANNIA,EQ,1294.4,1305.0,1317.5,1265.0,1290.0,1290.6,1286.32,5479,704772260000.0,,4791.0,0.8744
2008-04-15,BRITANNIA,EQ,1290.6,1313.0,1314.95,1285.1,1286.0,1291.15,1292.78,371,47962090000.0,,187.0,0.504
2008-04-16,BRITANNIA,EQ,1291.15,1282.05,1329.9,1282.05,1304.0,1305.6,1315.24,1304,171507315000.0,,516.0,0.3957
2008-04-17,BRITANNIA,EQ,1305.6,1306.0,1318.0,1290.0,1290.0,1300.0,1298.52,2968,385400900000.0,,2199.0,0.7409
2008-04-21,BRITANNIA,EQ,1300.0,1290.0,1314.95,1290.0,1300.05,1300.9,1305.0,556,72557765000.0,,359.0,0.6456999999999999
2008-04-22,BRITANNIA,EQ,1300.9,1300.0,1323.0,1300.0,1320.05,1320.15,1313.18,1061,139328215000.0,,852.0,0.8029999999999999
2008-04-23,BRITANNIA,EQ,1320.15,1329.9,1329.9,1306.0,1320.0,1320.8,1319.23,1159,152899040000.0,,1004.0,0.8663
2008-04-24,BRITANNIA,EQ,1320.8,1325.0,1334.0,1320.05,1322.0,1322.55,1325.71,546,72383910000.0,,325.0,0.5952000000000001
2008-04-25,BRITANNIA,EQ,1322.55,1329.9,1435.0,1325.0,1365.1,1377.65,1402.21,7475,1048151660000.0,,1774.0,0.2373
2008-04-28,BRITANNIA,EQ,1377.65,1375.0,1379.85,1332.0,1335.0,1342.05,1353.78,1179,159611215000.0,,765.0,0.6489
2008-04-29,BRITANNIA,EQ,1342.05,1380.0,1399.0,1337.0,1340.0,1343.6,1358.64,639,86817115000.0,,314.0,0.4914
2008-04-30,BRITANNIA,EQ,1343.6,1350.0,1380.0,1345.0,1358.0,1354.1,1357.08,1463,198540905000.0,,739.0,0.5051
2008-05-02,BRITANNIA,EQ,1354.1,1367.6,1399.0,1350.0,1361.0,1359.35,1361.15,1898,258346610000.0,,1311.0,0.6907
2008-05-05,BRITANNIA,EQ,1359.35,1389.95,1389.95,1325.55,1355.0,1358.25,1360.79,1022,139072935000.0,,429.0,0.41979999999999995
2008-05-06,BRITANNIA,EQ,1358.25,1313.0,1399.0,1313.0,1360.0,1357.15,1359.41,1090,148175320000.0,,741.0,0.6798000000000001
2008-05-07,BRITANNIA,EQ,1357.15,1360.0,1400.0,1333.3,1387.85,1376.05,1380.51,3679,507888875000.0,,1668.0,0.4534
2008-05-08,BRITANNIA,EQ,1376.05,1375.0,1385.0,1355.55,1375.0,1376.6,1375.39,1739,239180004999.99997,,918.0,0.5279
2008-05-09,BRITANNIA,EQ,1376.6,1366.0,1385.0,1340.15,1380.0,1375.55,1364.49,2879,392837370000.0,,2234.0,0.7759999999999999
2008-05-12,BRITANNIA,EQ,1375.55,1352.5,1385.0,1350.0,1375.0,1377.7,1371.09,723,99129465000.0,,459.0,0.6349
2008-05-13,BRITANNIA,EQ,1377.7,1361.6,1380.0,1361.6,1375.0,1377.75,1376.3,1539,211813265000.0,,961.0,0.6244
2008-05-14,BRITANNIA,EQ,1377.75,1375.0,1379.95,1370.0,1375.0,1375.1,1373.13,1033,141844650000.0,,908.0,0.8790000000000001
2008-05-15,BRITANNIA,EQ,1375.1,1375.05,1413.0,1375.0,1409.9,1402.1,1394.14,3097,431765750000.0,,2797.0,0.9031
2008-05-16,BRITANNIA,EQ,1402.1,1408.0,1445.0,1402.0,1425.2,1426.35,1414.18,1718,242956329999.99997,,1414.0,0.8231
2008-05-20,BRITANNIA,EQ,1426.35,1377.45,1424.0,1377.45,1420.0,1420.5,1420.75,1977,280882160000.0,,1479.0,0.7481
2008-05-21,BRITANNIA,EQ,1420.5,1418.0,1444.7,1417.95,1430.0,1436.05,1430.76,1576,225488179999.99997,,1207.0,0.7659
2008-05-22,BRITANNIA,EQ,1436.05,1456.0,1456.0,1410.55,1425.0,1425.4,1425.35,2126,303030150000.0,,1855.0,0.8725
2008-05-23,BRITANNIA,EQ,1425.4,1412.05,1430.0,1412.05,1425.0,1425.5,1424.83,814,115980935000.00002,,709.0,0.871
2008-05-26,BRITANNIA,EQ,1425.5,1360.0,1479.0,1360.0,1473.1,1471.95,1437.91,3889,559203890000.0,,2960.0,0.7611
2008-05-27,BRITANNIA,EQ,1471.95,1480.0,1520.0,1421.0,1421.5,1433.95,1485.91,4754,706401310000.0,,2966.0,0.6239
2008-05-28,BRITANNIA,EQ,1433.95,1448.0,1448.0,1385.1,1396.0,1396.15,1415.43,2796,395755370000.0,,1662.0,0.5944
2008-05-29,BRITANNIA,EQ,1396.15,1450.0,1465.0,1402.1,1450.8,1452.1,1446.79,2501,361843345000.0,,895.0,0.3579
2008-05-30,BRITANNIA,EQ,1452.1,1475.0,1498.0,1431.0,1432.1,1447.2,1471.07,1361,200212070000.0,,803.0,0.59
2008-06-02,BRITANNIA,EQ,1447.2,1433.0,1480.0,1419.05,1443.5,1441.45,1448.77,1608,232962950000.0,,1127.0,0.7009000000000001
2008-06-03,BRITANNIA,EQ,1441.45,1439.0,1459.0,1375.55,1455.0,1447.0,1415.11,1738,245945529999.99997,,1209.0,0.6956
2008-06-04,BRITANNIA,EQ,1447.0,1477.95,1477.95,1425.0,1435.0,1438.55,1436.66,536,77005025000.0,,451.0,0.8414
2008-06-05,BRITANNIA,EQ,1438.55,1440.0,1460.0,1380.1,1451.0,1454.95,1440.04,1013,145876390000.0,,835.0,0.8243
2008-06-06,BRITANNIA,EQ,1454.95,1539.9,1539.9,1435.0,1450.05,1479.95,1479.96,451164,66770276445000.01,,450725.0,0.9990000000000001
2008-06-09,BRITANNIA,EQ,1479.95,1449.0,1514.0,1401.15,1489.0,1489.3,1450.69,106533,15454636219999.998,,103562.0,0.9721
2008-06-10,BRITANNIA,EQ,1489.3,1460.0,1489.0,1460.0,1481.0,1483.0,1480.64,2598,384671430000.0,,2256.0,0.8684000000000001
2008-06-11,BRITANNIA,EQ,1483.0,1498.8,1508.85,1425.0,1472.0,1477.65,1425.66,419165,59758595710000.0,,415497.0,0.9912000000000001
2008-06-12,BRITANNIA,EQ,1477.65,1433.0,1500.0,1433.0,1480.0,1490.55,1482.27,1061,157269280000.0,,727.0,0.6851999999999999
2008-06-13,BRITANNIA,EQ,1490.55,1519.0,1519.0,1455.0,1500.0,1487.6,1483.27,3309,490815070000.0,,2241.0,0.6772
2008-06-16,BRITANNIA,EQ,1487.6,1499.0,1518.0,1450.1,1450.1,1476.45,1494.49,2475,369887185000.0,,2011.0,0.8125
2008-06-17,BRITANNIA,EQ,1476.45,1461.65,1500.0,1461.65,1500.0,1497.95,1476.16,4777,705159615000.0,,4380.0,0.9169
2008-06-18,BRITANNIA,EQ,1497.95,1482.5,1492.0,1461.0,1469.0,1465.75,1477.63,1227,181305050000.0,,881.0,0.718
2008-06-19,BRITANNIA,EQ,1465.75,1441.0,1490.0,1421.0,1442.05,1451.35,1458.62,559,81536740000.0,,190.0,0.33990000000000004
2008-06-20,BRITANNIA,EQ,1451.35,1460.0,1490.0,1407.0,1465.0,1446.45,1436.9,966,138804315000.0,,698.0,0.7226
2008-06-23,BRITANNIA,EQ,1446.45,1402.0,1424.0,1395.0,1412.0,1412.05,1410.17,1113,156951475000.0,,719.0,0.6459999999999999
2008-06-24,BRITANNIA,EQ,1412.05,1420.0,1440.0,1400.0,1400.0,1402.35,1413.83,919,129931110000.00002,,353.0,0.3841
2008-06-25,BRITANNIA,EQ,1402.35,1400.0,1427.9,1364.0,1420.0,1420.0,1400.04,775,108502945000.0,,442.0,0.5703
2008-06-26,BRITANNIA,EQ,1420.0,1422.0,1449.9,1412.6,1433.25,1437.9,1426.62,568,81031935000.0,,414.0,0.7289
2008-06-27,BRITANNIA,EQ,1437.9,1353.0,1476.65,1353.0,1476.65,1450.7,1424.72,2152,306600180000.0,,1529.0,0.7105
2008-06-30,BRITANNIA,EQ,1450.7,1468.95,1468.95,1402.25,1450.0,1439.0,1434.94,1163,166883315000.0,,780.0,0.6707
2008-07-01,BRITANNIA,EQ,1439.0,1435.05,1449.8,1379.9,1379.9,1417.45,1423.37,763,108603330000.0,,501.0,0.6566
2008-07-02,BRITANNIA,EQ,1417.45,1373.5,1394.0,1355.25,1375.0,1382.35,1382.8,699,96657990000.0,,367.0,0.525
2008-07-03,BRITANNIA,EQ,1382.35,1399.0,1399.0,1320.0,1320.0,1333.05,1350.55,10074,1360539730000.0,,9886.0,0.9813
2008-07-04,BRITANNIA,EQ,1333.05,1301.0,1362.0,1301.0,1351.0,1354.95,1352.41,411,55583860000.0,,226.0,0.5499
2008-07-07,BRITANNIA,EQ,1354.95,1350.0,1389.95,1350.0,1364.0,1364.85,1374.82,11112,1527695215000.0,,10890.0,0.98
2008-07-08,BRITANNIA,EQ,1364.85,1355.0,1367.0,1352.25,1364.0,1364.65,1361.45,11638,1584453815000.0,,11262.0,0.9677
2008-07-09,BRITANNIA,EQ,1364.65,1399.0,1399.0,1371.0,1376.85,1372.85,1374.23,6901,948359144999.9999,,6091.0,0.8826
2008-07-10,BRITANNIA,EQ,1372.85,1377.0,1377.0,1329.2,1370.0,1368.0,1360.88,10055,1368361725000.0,,9885.0,0.9831000000000001
2008-07-11,BRITANNIA,EQ,1368.0,1400.0,1400.0,1352.25,1370.0,1368.1,1370.77,521,71417270000.0,,299.0,0.5739
2008-07-14,BRITANNIA,EQ,1368.1,1400.0,1400.0,1344.0,1344.0,1354.3,1374.21,558,76681050000.0,,271.0,0.4857
2008-07-15,BRITANNIA,EQ,1354.3,1320.3,1352.0,1317.5,1317.5,1321.4,1331.19,286,38071895000.0,,198.0,0.6923
2008-07-16,BRITANNIA,EQ,1321.4,1350.0,1350.0,1310.0,1320.0,1320.1,1319.29,550,72560745000.0,,419.0,0.7618
2008-07-17,BRITANNIA,EQ,1320.1,1340.0,1349.8,1315.0,1320.1,1318.9,1319.38,6337,836092680000.0,,6097.0,0.9621
2008-07-18,BRITANNIA,EQ,1318.9,1345.0,1370.0,1320.6,1325.0,1330.4,1331.12,656,87321330000.0,,226.0,0.34450000000000003
2008-07-21,BRITANNIA,EQ,1330.4,1325.0,1340.0,1312.1,1333.0,1333.0,1326.92,235,31182715000.000004,,163.0,0.6936
2008-07-22,BRITANNIA,EQ,1333.0,1303.0,1339.0,1303.0,1312.0,1318.75,1329.63,8338,1108646590000.0,,8144.0,0.9767
2008-07-23,BRITANNIA,EQ,1318.75,1320.0,1358.0,1320.0,1337.5,1338.65,1341.98,856,114873689999.99998,,404.0,0.47200000000000003
2008-07-24,BRITANNIA,EQ,1338.65,1350.0,1350.0,1325.35,1330.0,1333.25,1336.01,858,114629314999.99998,,452.0,0.5268
2008-07-25,BRITANNIA,EQ,1333.25,1340.0,1372.9,1332.0,1360.4,1362.75,1352.9,574,77656740000.0,,456.0,0.7944
2008-07-28,BRITANNIA,EQ,1362.75,1360.4,1395.0,1330.1,1366.1,1380.55,1372.55,838,115019710000.00002,,356.0,0.42479999999999996
2008-07-29,BRITANNIA,EQ,1380.55,1336.0,1374.95,1336.0,1350.5,1350.95,1354.33,265,35889800000.0,,122.0,0.4604
2008-07-30,BRITANNIA,EQ,1350.95,1345.0,1375.0,1330.0,1351.1,1362.1,1354.18,335,45364925000.0,,210.0,0.6269
2008-07-31,BRITANNIA,EQ,1362.1,1383.5,1395.0,1349.15,1371.0,1381.25,1375.24,787,108231310000.00002,,511.0,0.6493000000000001
2008-08-01,BRITANNIA,EQ,1381.25,1380.0,1380.0,1357.25,1377.0,1372.75,1372.45,142,19488830000.0,,72.0,0.507
2008-08-04,BRITANNIA,EQ,1372.75,1361.75,1385.0,1361.1,1361.1,1365.2,1378.55,1253,172732675000.0,,1112.0,0.8875000000000001
2008-08-05,BRITANNIA,EQ,1365.2,1374.0,1394.0,1370.0,1370.0,1373.4,1374.52,366,50307475000.0,,313.0,0.8552
2008-08-06,BRITANNIA,EQ,1373.4,1386.0,1390.0,1365.0,1365.5,1369.45,1374.82,1236,169928145000.0,,785.0,0.6351
2008-08-07,BRITANNIA,EQ,1369.45,1369.0,1384.0,1365.0,1374.8,1374.8,1374.04,194,26656345000.0,,141.0,0.7268000000000001
2008-08-08,BRITANNIA,EQ,1374.8,1378.1,1384.4,1333.1,1342.2,1350.6,1364.35,512,69854690000.0,,307.0,0.5996
2008-08-11,BRITANNIA,EQ,1350.6,1384.25,1384.4,1360.0,1374.0,1375.05,1375.72,669,92035445000.0,,450.0,0.6726000000000001
2008-08-12,BRITANNIA,EQ,1375.05,1366.0,1387.0,1350.15,1355.0,1362.35,1368.75,602,82398530000.0,,405.0,0.6728000000000001
2008-08-13,BRITANNIA,EQ,1362.35,1375.0,1385.0,1364.3,1380.0,1382.95,1379.05,994,137077485000.00002,,705.0,0.7093
2008-08-14,BRITANNIA,EQ,1382.95,1390.0,1395.0,1380.0,1390.0,1390.35,1387.82,500,69391055000.0,,428.0,0.856
2008-08-18,BRITANNIA,EQ,1390.35,1399.0,1399.0,1390.0,1390.0,1390.0,1390.55,741,103039645000.0,,721.0,0.973
2008-08-19,BRITANNIA,EQ,1390.0,1400.0,1400.0,1380.0,1397.0,1397.15,1394.54,1257,175293870000.0,,1164.0,0.9259999999999999
2008-08-20,BRITANNIA,EQ,1397.15,1391.0,1425.0,1390.0,1420.0,1419.95,1410.97,942,132913620000.0,,475.0,0.5042
2008-08-21,BRITANNIA,EQ,1419.95,1418.0,1430.0,1410.0,1425.0,1425.2,1421.27,762,108300850000.0,,640.0,0.8399
2008-08-22,BRITANNIA,EQ,1425.2,1429.9,1429.9,1400.1,1425.0,1424.7,1423.24,811,115424885000.00002,,711.0,0.8767
2008-08-25,BRITANNIA,EQ,1424.7,1465.25,1465.25,1423.0,1425.0,1425.05,1428.15,740,105682845000.0,,493.0,0.6662
2008-08-26,BRITANNIA,EQ,1425.05,1425.0,1438.5,1416.0,1425.0,1426.45,1422.98,660,93916960000.0,,512.0,0.7758
2008-08-27,BRITANNIA,EQ,1426.45,1417.0,1429.95,1395.05,1406.0,1427.0,1424.57,274,39033190000.0,,235.0,0.8577
2008-08-28,BRITANNIA,EQ,1427.0,1421.0,1427.5,1415.1,1425.0,1425.45,1423.43,123,17508215000.0,,83.0,0.6748000000000001
2008-08-29,BRITANNIA,EQ,1425.45,1434.0,1445.0,1413.1,1445.0,1440.9,1434.8,1789,256686490000.0,,1147.0,0.6411
2008-09-01,BRITANNIA,EQ,1440.9,1445.0,1458.0,1421.05,1445.0,1441.7,1436.26,1325,190304055000.0,,1048.0,0.7909
2008-09-02,BRITANNIA,EQ,1441.7,1445.0,1458.5,1426.0,1450.0,1448.0,1444.61,552,79742455000.0,,361.0,0.654
2008-09-04,BRITANNIA,EQ,1448.0,1460.0,1462.25,1441.0,1460.0,1460.3,1453.83,1020,148291095000.0,,929.0,0.9108
2008-09-05,BRITANNIA,EQ,1460.3,1420.25,1450.0,1391.5,1401.0,1408.55,1428.09,713,101823170000.0,,467.0,0.655
2008-09-08,BRITANNIA,EQ,1408.55,1428.0,1449.0,1410.1,1430.0,1428.5,1427.0,866,123578114999.99998,,620.0,0.7159000000000001
2008-09-09,BRITANNIA,EQ,1428.5,1420.0,1429.8,1389.0,1389.0,1398.1,1420.66,438,62224910000.0,,368.0,0.8402
2008-09-10,BRITANNIA,EQ,1398.1,1418.0,1418.0,1385.05,1392.25,1393.2,1396.56,247,34495055000.0,,182.0,0.7368000000000001
2008-09-11,BRITANNIA,EQ,1393.2,1395.0,1395.0,1370.0,1370.0,1371.5,1377.81,500,68890355000.0,,446.0,0.892
2008-09-12,BRITANNIA,EQ,1371.5,1385.0,1435.0,1338.1,1338.1,1345.15,1377.61,1110,152915180000.0,,604.0,0.5441
2008-09-15,BRITANNIA,EQ,1345.15,1310.25,1363.5,1290.0,1320.0,1312.05,1308.96,894,117021185000.00002,,614.0,0.6868000000000001
2008-09-16,BRITANNIA,EQ,1312.05,1300.0,1466.9,1280.0,1340.0,1340.35,1314.98,18421,2422331575000.0,,18121.0,0.9837
2008-09-17,BRITANNIA,EQ,1340.35,1375.0,1375.0,1321.0,1345.0,1345.0,1341.87,1042,139822815000.0,,630.0,0.6046
2008-09-18,BRITANNIA,EQ,1345.0,1349.45,1388.0,1281.0,1380.0,1373.55,1333.76,927,123639880000.0,,600.0,0.6472
2008-09-19,BRITANNIA,EQ,1373.55,1342.0,1413.0,1325.05,1395.0,1378.7,1364.69,1638,223535535000.0,,914.0,0.5579999999999999
2008-09-22,BRITANNIA,EQ,1378.7,1360.0,1368.75,1335.0,1353.2,1355.4,1350.9,243,32826920000.0,,147.0,0.6049
2008-09-23,BRITANNIA,EQ,1355.4,1326.0,1364.5,1311.0,1330.0,1330.3,1328.91,2111,280533645000.0,,1142.0,0.541
2008-09-24,BRITANNIA,EQ,1330.3,1340.0,1359.0,1340.0,1343.6,1350.6,1343.43,713,95786885000.0,,620.0,0.8695999999999999
2008-09-25,BRITANNIA,EQ,1350.6,1360.0,1360.0,1325.3,1325.4,1326.35,1332.43,227,30246184999.999996,,169.0,0.7445
2008-09-26,BRITANNIA,EQ,1326.35,1332.0,1345.0,1313.0,1316.1,1320.4,1324.21,188,24895145000.0,,126.0,0.6702
2008-09-29,BRITANNIA,EQ,1320.4,1311.0,1350.0,1282.0,1335.0,1335.5,1316.95,1757,231388729999.99997,,1421.0,0.8088
2008-09-30,BRITANNIA,EQ,1335.5,1320.0,1380.0,1281.15,1377.0,1350.35,1321.05,1483,195911255000.0,,855.0,0.5765
2008-10-01,BRITANNIA,EQ,1350.35,1321.0,1350.0,1321.0,1330.0,1327.05,1329.81,281,37367575000.0,,126.0,0.4484
2008-10-03,BRITANNIA,EQ,1327.05,1325.0,1350.0,1316.1,1329.8,1318.1,1324.86,396,52464335000.0,,258.0,0.6515000000000001
2008-10-06,BRITANNIA,EQ,1318.1,1315.0,1315.0,1254.0,1270.0,1268.8,1271.92,1243,158099835000.0,,775.0,0.6235
2008-10-07,BRITANNIA,EQ,1268.8,1307.0,1321.0,1250.05,1315.0,1302.2,1303.34,4132,538539955000.0,,2959.0,0.7161
2008-10-08,BRITANNIA,EQ,1302.2,1287.0,1287.0,1225.0,1247.05,1248.05,1241.69,990,122927005000.0,,588.0,0.5939
2008-10-10,BRITANNIA,EQ,1248.05,1170.0,1247.0,1150.0,1210.0,1199.15,1192.59,1028,122598380000.0,,513.0,0.499
2008-10-13,BRITANNIA,EQ,1199.15,1259.0,1259.0,1180.0,1180.0,1204.6,1216.92,789,96014615000.0,,429.0,0.5437
2008-10-14,BRITANNIA,EQ,1204.6,1240.0,1275.0,1200.0,1200.0,1211.6,1237.21,400,49488535000.0,,233.0,0.5825
2008-10-15,BRITANNIA,EQ,1211.6,1210.0,1219.9,1171.1,1190.0,1191.9,1200.25,288,34567080000.0,,163.0,0.5660000000000001
2008-10-16,BRITANNIA,EQ,1191.9,1135.1,1245.0,1135.1,1171.0,1161.3,1154.06,727,83900410000.0,,477.0,0.6561
2008-10-17,BRITANNIA,EQ,1161.3,1195.0,1205.0,1135.0,1136.0,1148.45,1171.82,745,87300830000.0,,545.0,0.7315
2008-10-20,BRITANNIA,EQ,1148.45,1165.0,1165.0,1121.0,1145.0,1145.4,1140.63,722,82353135000.0,,594.0,0.8227
2008-10-21,BRITANNIA,EQ,1145.4,1104.6,1168.75,1100.0,1150.0,1150.35,1150.18,661,76027045000.0,,495.0,0.7489
2008-10-22,BRITANNIA,EQ,1150.35,1127.1,1153.75,1120.0,1125.0,1127.2,1131.71,332,37572780000.0,,203.0,0.6114
2008-10-23,BRITANNIA,EQ,1127.2,1125.0,1137.0,1083.0,1135.0,1134.55,1112.42,1600,177987550000.0,,1031.0,0.6444
2008-10-24,BRITANNIA,EQ,1134.55,1101.1,1136.0,1085.0,1085.0,1101.4,1110.38,2698,299581740000.0,,2264.0,0.8391
2008-10-27,BRITANNIA,EQ,1101.4,1100.0,1150.0,980.25,1140.0,1109.25,1054.11,2708,285453955000.0,,2265.0,0.8364
2008-10-28,BRITANNIA,EQ,1109.25,1193.95,1193.95,1090.0,1116.0,1125.3,1142.33,157,17934505000.0,,125.0,0.7962
2008-10-29,BRITANNIA,EQ,1125.3,1116.0,1146.0,1090.05,1138.0,1136.5,1130.38,378,42728215000.0,,326.0,0.8623999999999999
2008-10-31,BRITANNIA,EQ,1136.5,1100.05,1180.0,1100.05,1175.0,1173.2,1165.66,1740,202824695000.0,,1381.0,0.7937000000000001
2008-11-03,BRITANNIA,EQ,1173.2,1173.0,1209.8,1165.0,1185.0,1184.25,1191.89,846,100833560000.0,,657.0,0.7766
2008-11-04,BRITANNIA,EQ,1184.25,1199.0,1200.0,1155.55,1200.0,1191.5,1187.34,724,85963095000.0,,442.0,0.6104999999999999
2008-11-05,BRITANNIA,EQ,1191.5,1224.0,1224.0,1169.0,1182.0,1182.0,1178.85,799,94190430000.0,,522.0,0.6533
2008-11-06,BRITANNIA,EQ,1182.0,1137.0,1175.0,1135.0,1175.0,1164.2,1149.36,581,66777805000.00001,,268.0,0.46130000000000004
2008-11-07,BRITANNIA,EQ,1164.2,1185.0,1185.0,1134.05,1165.15,1152.65,1146.24,1184,135715170000.0,,658.0,0.5557
2008-11-10,BRITANNIA,EQ,1152.65,1160.0,1179.5,1145.1,1152.0,1156.2,1152.01,5895,679111750000.0,,5643.0,0.9573
2008-11-11,BRITANNIA,EQ,1156.2,1165.0,1180.0,1160.0,1170.0,1166.6,1168.29,316,36917850000.0,,223.0,0.7057
2008-11-12,BRITANNIA,EQ,1166.6,1135.1,1163.9,1135.1,1151.1,1153.0,1153.73,143,16498345000.000002,,101.0,0.7062999999999999
2008-11-14,BRITANNIA,EQ,1153.0,1132.45,1159.9,1126.0,1126.0,1128.75,1134.89,119,13505220000.000002,,62.0,0.521
2008-11-17,BRITANNIA,EQ,1128.75,1126.0,1135.0,1111.0,1113.25,1115.1,1134.7,10260,1164198570000.0,,10128.0,0.9871
2008-11-18,BRITANNIA,EQ,1115.1,1110.0,1118.65,1089.95,1100.0,1105.6,1099.55,462,50799080000.0,,177.0,0.38310000000000005
2008-11-19,BRITANNIA,EQ,1105.6,1072.0,1114.0,1072.0,1109.5,1102.5,1098.67,1836,201716635000.0,,1432.0,0.78
2008-11-20,BRITANNIA,EQ,1102.5,1075.05,1101.0,1065.0,1100.0,1097.4,1082.24,386,41774285000.0,,201.0,0.5207
2008-11-21,BRITANNIA,EQ,1097.4,1110.0,1137.0,1060.25,1104.9,1103.0,1096.92,662,72616110000.0,,211.0,0.31870000000000004
2008-11-24,BRITANNIA,EQ,1103.0,1114.0,1136.0,1105.0,1135.0,1134.85,1122.81,463,51986130000.0,,411.0,0.8876999999999999
2008-11-25,BRITANNIA,EQ,1134.85,1130.05,1148.0,1115.0,1121.0,1121.0,1136.95,465,52867950000.0,,343.0,0.7376
2008-11-26,BRITANNIA,EQ,1121.0,1150.0,1150.0,1095.05,1095.05,1105.2,1119.54,281,31459120000.0,,168.0,0.5979
2008-11-28,BRITANNIA,EQ,1105.2,1080.2,1118.4,1080.2,1118.4,1108.6,1099.85,359,39484585000.0,,238.0,0.663
2008-12-01,BRITANNIA,EQ,1108.6,1102.5,1120.0,1100.0,1100.0,1101.8,1102.17,556,61280805000.00001,,370.0,0.6655
2008-12-02,BRITANNIA,EQ,1101.8,1150.0,1150.0,1100.0,1111.0,1110.75,1109.87,1106,122751545000.0,,789.0,0.7134
2008-12-03,BRITANNIA,EQ,1110.75,1149.0,1149.0,1105.5,1122.5,1123.75,1120.31,490,54895105000.00001,,308.0,0.6286
2008-12-04,BRITANNIA,EQ,1123.75,1108.05,1344.0,1108.05,1272.0,1254.3,1227.7,4561,559954075000.0,,3609.0,0.7913
2008-12-05,BRITANNIA,EQ,1254.3,1225.5,1275.0,1170.0,1170.0,1173.75,1201.03,36380,4369341879999.9995,,35986.0,0.9892000000000001
2008-12-08,BRITANNIA,EQ,1173.75,1275.0,1300.0,1180.1,1181.05,1188.85,1208.55,1782,215362979999.99997,,1128.0,0.633
2008-12-10,BRITANNIA,EQ,1188.85,1210.0,1210.0,1190.1,1206.0,1201.4,1200.04,16003,1920419420000.0,,15682.0,0.9799
2008-12-11,BRITANNIA,EQ,1201.4,1190.0,1288.0,1180.25,1225.25,1262.2,1217.91,2678,326156445000.0,,2038.0,0.761
2008-12-12,BRITANNIA,EQ,1262.2,1218.0,1248.8,1216.0,1230.0,1228.1,1229.79,697,85716710000.0,,393.0,0.5638000000000001
2008-12-15,BRITANNIA,EQ,1228.1,1210.1,1344.0,1210.0,1210.0,1220.75,1241.75,1803,223888135000.0,,1153.0,0.6395000000000001
2008-12-16,BRITANNIA,EQ,1220.75,1230.0,1235.0,1180.0,1204.0,1196.8,1222.42,1066,130310380000.0,,249.0,0.2336
2008-12-17,BRITANNIA,EQ,1196.8,1220.0,1220.0,1190.0,1190.0,1193.4,1206.21,522,62963994999.99999,,378.0,0.7241
2008-12-18,BRITANNIA,EQ,1193.4,1186.0,1205.0,1152.05,1188.0,1192.45,1192.99,1415,168808505000.0,,1117.0,0.7894
2008-12-19,BRITANNIA,EQ,1192.45,1193.0,1310.0,1187.0,1280.15,1298.9,1262.01,2869,362069265000.0,,2302.0,0.8024
2008-12-22,BRITANNIA,EQ,1298.9,1277.0,1370.0,1226.05,1276.0,1288.4,1309.56,5603,733744175000.0,,4221.0,0.7533
2008-12-23,BRITANNIA,EQ,1288.4,1288.0,1349.95,1266.0,1266.0,1273.9,1300.01,932,121160785000.00002,,413.0,0.44310000000000005
2008-12-24,BRITANNIA,EQ,1273.9,1290.0,1290.0,1221.25,1247.5,1237.25,1239.97,3433,425683095000.0,,2265.0,0.6598
2008-12-26,BRITANNIA,EQ,1237.25,1242.05,1267.0,1223.0,1261.8,1252.9,1254.6,51003,6398849295000.0,,49518.0,0.9709000000000001
2008-12-29,BRITANNIA,EQ,1252.9,1265.0,1286.8,1245.1,1266.0,1269.35,1272.18,414,52668375000.0,,171.0,0.413
2008-12-30,BRITANNIA,EQ,1269.35,1344.75,1344.75,1230.0,1280.0,1281.05,1279.34,823,105289764999.99998,,640.0,0.7776000000000001
2008-12-31,BRITANNIA,EQ,1281.05,1281.0,1330.3,1280.0,1325.0,1322.45,1305.72,2016,263233979999.99997,,1546.0,0.7669
2009-01-01,BRITANNIA,EQ,1322.45,1315.0,1344.0,1306.1,1306.1,1317.3,1328.18,1073,142513985000.0,,482.0,0.44920000000000004
2009-01-02,BRITANNIA,EQ,1317.3,1317.0,1335.95,1306.05,1330.0,1326.25,1321.79,573,75738825000.0,,278.0,0.4852
2009-01-05,BRITANNIA,EQ,1326.25,1349.0,1350.0,1321.05,1342.0,1342.35,1340.08,2366,317063215000.0,,2232.0,0.9434
2009-01-06,BRITANNIA,EQ,1342.35,1335.0,1349.5,1326.35,1340.0,1340.05,1340.13,1132,151703235000.0,,1008.0,0.8905
2009-01-07,BRITANNIA,EQ,1340.05,1340.0,1340.0,1275.15,1290.0,1291.35,1317.53,6184,814761810000.0,,5801.0,0.9381
2009-01-09,BRITANNIA,EQ,1291.35,1300.0,1300.0,1247.0,1265.0,1265.0,1255.54,49957,6272302970000.0,,49589.0,0.9926
2009-01-12,BRITANNIA,EQ,1265.0,1266.0,1295.0,1266.0,1278.5,1279.95,1280.22,11838,1515528560000.0,,11441.0,0.9665
2009-01-13,BRITANNIA,EQ,1279.95,1278.0,1288.95,1275.0,1285.0,1284.75,1283.96,998,128138910000.00002,,738.0,0.7395
2009-01-14,BRITANNIA,EQ,1284.75,1291.0,1305.0,1280.0,1300.0,1300.05,1298.42,362,47002850000.0,,267.0,0.7376
2009-01-15,BRITANNIA,EQ,1300.05,1290.0,1308.0,1260.0,1300.0,1301.55,1292.13,840,108539285000.00002,,639.0,0.7606999999999999
2009-01-16,BRITANNIA,EQ,1301.55,1299.0,1310.0,1290.0,1300.0,1301.0,1294.41,604,78182395000.0,,477.0,0.7897
2009-01-19,BRITANNIA,EQ,1301.0,1275.05,1324.5,1275.05,1324.5,1311.75,1306.9,872,113961814999.99998,,634.0,0.7271
2009-01-20,BRITANNIA,EQ,1311.75,1285.3,1313.0,1285.3,1305.0,1310.2,1302.5,413,53793055000.00001,,362.0,0.8765000000000001
2009-01-21,BRITANNIA,EQ,1310.2,1285.05,1335.0,1285.05,1311.0,1327.4,1310.77,20523,2690091760000.0,,20250.0,0.9867
2009-01-22,BRITANNIA,EQ,1327.4,1342.0,1342.0,1312.0,1320.0,1321.8,1321.02,1146,151389170000.0,,976.0,0.8517
2009-01-23,BRITANNIA,EQ,1321.8,1315.0,1320.0,1307.3,1319.0,1311.7,1312.72,344,45157605000.0,,214.0,0.6221
2009-01-27,BRITANNIA,EQ,1311.7,1300.05,1357.0,1300.05,1345.2,1351.65,1336.09,1287,171954765000.0,,1097.0,0.8523999999999999
2009-01-28,BRITANNIA,EQ,1351.65,1320.0,1335.0,1310.3,1325.0,1327.15,1324.23,1146,151756270000.0,,797.0,0.6955
2009-01-29,BRITANNIA,EQ,1327.15,1325.0,1359.0,1317.8,1336.5,1340.45,1346.32,2288,308038080000.0,,1336.0,0.5839
2009-01-30,BRITANNIA,EQ,1340.45,1330.0,1400.0,1310.05,1380.2,1390.65,1366.11,6137,838379295000.0,,4946.0,0.8059000000000001
2009-02-02,BRITANNIA,EQ,1390.65,1424.95,1429.0,1350.5,1400.0,1400.05,1401.28,2378,333223490000.0,,1875.0,0.7885
2009-02-03,BRITANNIA,EQ,1400.05,1381.05,1408.9,1380.0,1380.0,1384.1,1396.99,1178,164565325000.0,,804.0,0.6825
2009-02-04,BRITANNIA,EQ,1384.1,1390.0,1400.0,1360.1,1376.0,1375.65,1392.36,1172,163184190000.0,,876.0,0.7474
2009-02-05,BRITANNIA,EQ,1375.65,1365.5,1378.75,1352.05,1360.0,1360.1,1360.03,9326,1268363995000.0,,9194.0,0.9858
2009-02-06,BRITANNIA,EQ,1360.1,1375.0,1400.0,1360.0,1396.5,1397.25,1382.28,2105,290969845000.0,,1306.0,0.6204
2009-02-09,BRITANNIA,EQ,1397.25,1380.1,1399.0,1374.0,1389.0,1379.35,1388.52,586,81367300000.0,,272.0,0.4642
2009-02-10,BRITANNIA,EQ,1379.35,1390.0,1399.9,1361.3,1397.0,1397.1,1385.87,1719,238230704999.99997,,1012.0,0.5887
2009-02-11,BRITANNIA,EQ,1397.1,1400.15,1400.15,1370.3,1399.0,1396.25,1388.45,169,23464790000.0,,63.0,0.3728
2009-02-12,BRITANNIA,EQ,1396.25,1400.0,1404.95,1371.25,1382.0,1380.4,1385.7,674,93396490000.0,,238.0,0.3531
2009-02-13,BRITANNIA,EQ,1380.4,1375.1,1390.0,1353.1,1381.0,1387.95,1380.04,2105,290498885000.0,,1523.0,0.7234999999999999
2009-02-16,BRITANNIA,EQ,1387.95,1389.95,1389.95,1370.0,1370.0,1371.35,1382.25,410,56672269999.99999,,81.0,0.19760000000000003
2009-02-17,BRITANNIA,EQ,1371.35,1365.0,1369.0,1343.05,1343.05,1353.05,1355.26,304,41199885000.0,,195.0,0.6414
2009-02-18,BRITANNIA,EQ,1353.05,1360.0,1391.0,1352.05,1391.0,1383.2,1373.92,1720,236315040000.0,,1267.0,0.7366
2009-02-19,BRITANNIA,EQ,1383.2,1380.1,1396.9,1357.0,1357.0,1359.85,1370.1,327,44802145000.0,,132.0,0.4037
2009-02-20,BRITANNIA,EQ,1359.85,1379.95,1380.45,1350.5,1350.5,1357.35,1367.32,1180,161344190000.0,,552.0,0.4678
2009-02-24,BRITANNIA,EQ,1357.35,1375.0,1378.95,1302.1,1325.0,1340.5,1357.57,14779,2006351925000.0,,13758.0,0.9309000000000001
2009-02-25,BRITANNIA,EQ,1340.5,1343.9,1343.9,1311.0,1325.0,1327.15,1325.13,921,122044014999.99998,,348.0,0.3779
2009-02-26,BRITANNIA,EQ,1327.15,1315.05,1333.95,1311.0,1315.0,1314.9,1315.68,709,93281575000.0,,537.0,0.7574
2009-02-27,BRITANNIA,EQ,1314.9,1315.0,1324.85,1310.05,1314.0,1315.1,1315.98,129,16976200000.0,,57.0,0.44189999999999996
2009-03-02,BRITANNIA,EQ,1315.1,1320.0,1335.0,1315.0,1315.0,1315.0,1320.27,390,51490525000.0,,231.0,0.5922999999999999
2009-03-03,BRITANNIA,EQ,1315.0,1315.0,1324.1,1300.0,1315.0,1318.0,1317.52,1099,144795150000.0,,895.0,0.8144
2009-03-04,BRITANNIA,EQ,1318.0,1312.05,1319.85,1280.0,1298.0,1289.05,1309.19,1067,139690385000.0,,932.0,0.8734999999999999
2009-03-05,BRITANNIA,EQ,1289.05,1314.0,1314.0,1254.35,1265.0,1267.25,1278.18,3272,418220590000.0,,2922.0,0.893
2009-03-06,BRITANNIA,EQ,1267.25,1260.0,1284.5,1260.0,1265.0,1269.35,1269.98,489,62101780000.00001,,288.0,0.589
2009-03-09,BRITANNIA,EQ,1269.35,1279.8,1279.8,1220.0,1220.0,1224.9,1232.61,868,106990300000.0,,457.0,0.5265
2009-03-12,BRITANNIA,EQ,1224.9,1231.05,1244.75,1224.0,1244.75,1243.6,1234.56,605,74690650000.0,,499.0,0.8248000000000001
2009-03-13,BRITANNIA,EQ,1243.6,1250.0,1250.0,1225.0,1240.0,1237.95,1234.88,581,71746510000.0,,371.0,0.6386000000000001
2009-03-16,BRITANNIA,EQ,1237.95,1247.95,1320.0,1235.0,1285.0,1291.05,1278.71,3007,384507715000.0,,2574.0,0.856
2009-03-17,BRITANNIA,EQ,1291.05,1283.0,1295.25,1282.1,1290.2,1294.65,1290.06,5412,698178975000.0,,5286.0,0.9767
2009-03-18,BRITANNIA,EQ,1294.65,1304.0,1350.0,1285.2,1331.0,1341.5,1320.57,1475,194784050000.0,,966.0,0.6548999999999999
2009-03-19,BRITANNIA,EQ,1341.5,1320.05,1345.0,1291.0,1291.0,1301.8,1314.02,4145,544659430000.0,,3714.0,0.8959999999999999
2009-03-20,BRITANNIA,EQ,1301.8,1324.95,1363.7,1301.1,1355.0,1355.1,1354.5,43755,5926607320000.0,,42585.0,0.9733
2009-03-23,BRITANNIA,EQ,1355.1,1355.0,1368.9,1335.0,1340.0,1353.8,1355.68,6386,865739560000.0,,6038.0,0.9455
2009-03-24,BRITANNIA,EQ,1353.8,1364.8,1364.8,1306.0,1340.0,1337.6,1326.75,4632,614552430000.0,,4183.0,0.9031
2009-03-25,BRITANNIA,EQ,1337.6,1316.5,1329.6,1262.5,1308.7,1282.65,1304.01,7079,923110910000.0,,5782.0,0.8168000000000001
2009-03-26,BRITANNIA,EQ,1282.65,1348.95,1520.0,1313.25,1325.0,1327.85,1340.38,4563,611613565000.0,,3396.0,0.7442000000000001
2009-03-27,BRITANNIA,EQ,1327.85,1364.9,1364.9,1321.25,1322.25,1338.15,1346.56,3148,423896609999.99994,,2752.0,0.8742000000000001
2009-03-30,BRITANNIA,EQ,1338.15,1305.05,1390.0,1290.1,1390.0,1387.45,1364.34,5001,682304125000.0,,3206.0,0.6411
2009-03-31,BRITANNIA,EQ,1387.45,1400.0,1448.0,1365.0,1399.0,1400.05,1382.52,70106,9692275960000.0,,68656.0,0.9793000000000001
2009-04-01,BRITANNIA,EQ,1400.05,1385.0,1423.9,1384.0,1390.0,1399.85,1402.25,12951,1816048520000.0,,12420.0,0.9590000000000001
2009-04-02,BRITANNIA,EQ,1399.85,1427.7,1435.0,1390.1,1417.7,1427.3,1418.17,4913,696747050000.0,,3530.0,0.7184999999999999
2009-04-06,BRITANNIA,EQ,1427.3,1453.0,1688.0,1406.0,1458.8,1479.0,1540.88,91994,14175131975000.0,,11360.0,0.1235
2009-04-08,BRITANNIA,EQ,1479.0,1411.65,1484.8,1411.65,1472.5,1472.5,1461.93,6805,994841830000.0001,,2361.0,0.34700000000000003
2009-04-09,BRITANNIA,EQ,1472.5,1480.0,1519.0,1431.1,1447.4,1446.9,1479.5,5593,827484540000.0,,2632.0,0.4706
2009-04-13,BRITANNIA,EQ,1446.9,1454.8,1486.0,1450.0,1475.2,1475.3,1471.65,3881,571147710000.0,,2351.0,0.6058
2009-04-15,BRITANNIA,EQ,1475.3,1450.0,1525.0,1450.0,1519.0,1519.6,1516.22,36202,5489002940000.0,,34666.0,0.9576000000000001
2009-04-16,BRITANNIA,EQ,1519.6,1525.0,1535.0,1511.0,1520.0,1520.7,1522.1,7885,1200175655000.0,,5592.0,0.7092
2009-04-17,BRITANNIA,EQ,1520.7,1538.0,1550.0,1522.0,1536.0,1536.3,1545.06,13874,2143618795000.0,,12973.0,0.9351
2009-04-20,BRITANNIA,EQ,1536.3,1535.0,1601.0,1515.0,1600.0,1595.4,1557.43,13102,2040549085000.0002,,10815.0,0.8254000000000001
2009-04-21,BRITANNIA,EQ,1595.4,1640.0,1699.0,1517.0,1545.0,1556.7,1621.34,31719,5142741015000.0,,13158.0,0.4148
2009-04-22,BRITANNIA,EQ,1556.7,1569.0,1569.0,1500.0,1525.05,1519.85,1524.04,6622,1009220155000.0001,,4007.0,0.6051
2009-04-23,BRITANNIA,EQ,1519.85,1525.0,1525.0,1500.0,1525.0,1523.85,1517.04,1736,263357825000.0,,971.0,0.5593
2009-04-24,BRITANNIA,EQ,1523.85,1524.0,1560.0,1505.0,1525.0,1553.5,1550.03,65859,10208325555000.0,,63498.0,0.9642000000000001
2009-04-27,BRITANNIA,EQ,1553.5,1548.95,1617.0,1501.05,1560.0,1541.45,1569.6,11455,1797979414999.9998,,2824.0,0.2465
2009-04-28,BRITANNIA,EQ,1541.45,1560.0,1580.0,1525.0,1570.0,1562.85,1558.23,4599,716629900000.0,,2515.0,0.5468999999999999
2009-04-29,BRITANNIA,EQ,1562.85,1575.0,1615.0,1545.05,1600.0,1600.8,1586.51,7939,1259529355000.0,,5681.0,0.7156
2009-05-04,BRITANNIA,EQ,1600.8,1573.0,1620.0,1560.0,1580.0,1580.2,1589.81,2977,473286615000.00006,,1721.0,0.5781000000000001
2009-05-05,BRITANNIA,EQ,1580.2,1580.5,1590.0,1540.0,1540.1,1547.4,1559.74,2562,399605875000.0,,1206.0,0.4707
2009-05-06,BRITANNIA,EQ,1547.4,1558.0,1565.0,1508.0,1560.0,1559.5,1549.26,3024,468495675000.0,,1904.0,0.6296
2009-05-07,BRITANNIA,EQ,1559.5,1569.9,1595.0,1527.0,1560.05,1560.45,1551.25,2251,349185790000.0,,1546.0,0.6868000000000001
2009-05-08,BRITANNIA,EQ,1560.45,1544.85,1563.7,1528.0,1560.0,1560.35,1547.85,4613,714025425000.0,,4118.0,0.8926999999999999
2009-05-11,BRITANNIA,EQ,1560.35,1506.6,1577.0,1351.5,1569.6,1569.3,1562.14,13047,2038120455000.0,,11613.0,0.8901000000000001
2009-05-12,BRITANNIA,EQ,1569.3,1553.6,1578.5,1538.0,1570.0,1570.15,1565.72,2695,421960734999.99994,,2318.0,0.8601000000000001
2009-05-13,BRITANNIA,EQ,1570.15,1570.0,1575.0,1546.05,1575.0,1571.0,1569.42,6300,988731860000.0,,6009.0,0.9538
2009-05-14,BRITANNIA,EQ,1571.0,1545.0,1610.0,1531.0,1600.0,1600.6,1572.98,7758,1220319680000.0,,7246.0,0.934
2009-05-15,BRITANNIA,EQ,1600.6,1609.0,1652.0,1600.0,1650.0,1635.8,1632.8,17472,2852829640000.0,,16744.0,0.9583
2009-05-19,BRITANNIA,EQ,1635.8,1680.0,1788.0,1640.0,1670.0,1681.95,1739.63,53901,9376790195000.0,,42371.0,0.7861
2009-05-20,BRITANNIA,EQ,1681.95,1681.0,1790.0,1665.0,1745.0,1734.85,1738.08,21497,3736344275000.0,,18326.0,0.8525
2009-05-21,BRITANNIA,EQ,1734.85,1745.0,1785.0,1715.0,1725.0,1736.65,1749.65,4534,793289275000.0,,3115.0,0.687
2009-05-22,BRITANNIA,EQ,1736.65,1720.1,1740.0,1692.0,1706.0,1702.15,1714.91,641,109925585000.00002,,418.0,0.6520999999999999
2009-05-25,BRITANNIA,EQ,1702.15,1725.0,1725.0,1670.05,1703.0,1699.75,1700.12,970,164911965000.0,,762.0,0.7856000000000001
2009-05-26,BRITANNIA,EQ,1699.75,1703.0,1725.0,1675.0,1700.0,1698.15,1706.84,6479,1105858630000.0,,5045.0,0.7787000000000001
2009-05-27,BRITANNIA,EQ,1698.15,1799.95,2000.0,1710.0,1735.5,1739.05,1780.46,27860,4960349900000.0,,14987.0,0.5379
2009-05-28,BRITANNIA,EQ,1739.05,1982.2,1982.2,1656.25,1697.3,1698.45,1747.41,32713,5716311020000.0,,24417.0,0.7464000000000001
2009-05-29,BRITANNIA,EQ,1698.45,1795.0,1795.0,1660.0,1710.0,1714.4,1716.19,8079,1386511185000.0,,4725.0,0.5848
2009-06-01,BRITANNIA,EQ,1714.4,1709.0,1723.3,1660.0,1670.0,1682.8,1691.96,7063,1195033195000.0,,6032.0,0.8540000000000001
2009-06-02,BRITANNIA,EQ,1682.8,1645.0,1694.8,1645.0,1667.5,1669.5,1678.02,2673,448534084999.99994,,1724.0,0.645
2009-06-03,BRITANNIA,EQ,1669.5,1694.0,1694.0,1625.7,1648.0,1639.35,1656.35,3362,556863715000.0,,2419.0,0.7195
2009-06-04,BRITANNIA,EQ,1639.35,1631.2,1664.0,1620.0,1633.1,1631.8,1637.41,4368,715219390000.0,,3153.0,0.7218000000000001
2009-06-05,BRITANNIA,EQ,1631.8,1649.7,1653.0,1636.8,1640.8,1643.3,1647.08,7549,1243381995000.0,,4495.0,0.5954
2009-06-08,BRITANNIA,EQ,1643.3,1652.0,1680.0,1635.0,1640.0,1638.8,1645.6,3136,516061084999.99994,,2215.0,0.7062999999999999
2009-06-09,BRITANNIA,EQ,1638.8,1627.0,1630.0,1534.0,1615.25,1617.5,1609.01,4307,693000025000.0,,3027.0,0.7028
2009-06-10,BRITANNIA,EQ,1617.5,1608.0,1644.0,1600.0,1601.05,1603.05,1617.86,2185,353501410000.0,,1279.0,0.5854
2009-06-11,BRITANNIA,EQ,1603.05,1611.0,1634.0,1581.0,1600.0,1603.9,1599.6,1508,241219154999.99997,,1023.0,0.6784
2009-06-12,BRITANNIA,EQ,1603.9,1613.0,1613.25,1560.0,1560.0,1565.1,1581.15,1847,292039095000.0,,1077.0,0.5831000000000001
2009-06-15,BRITANNIA,EQ,1565.1,1586.0,1600.0,1555.1,1585.8,1587.1,1578.26,1406,221903745000.00003,,849.0,0.6038
2009-06-16,BRITANNIA,EQ,1587.1,1565.0,1582.8,1555.0,1576.95,1578.05,1570.35,2354,369660135000.0,,1495.0,0.6351
2009-06-17,BRITANNIA,EQ,1578.05,1599.9,1610.0,1586.95,1600.0,1599.8,1600.44,2016,322648680000.0,,1471.0,0.7297
2009-06-18,BRITANNIA,EQ,1599.8,1599.0,1619.8,1580.5,1602.95,1600.45,1599.75,1680,268758245000.00003,,1471.0,0.8756
2009-06-19,BRITANNIA,EQ,1600.45,1600.0,1600.0,1555.1,1570.4,1565.55,1575.7,1072,168915095000.0,,852.0,0.7948000000000001
2009-06-22,BRITANNIA,EQ,1565.55,1550.0,1599.0,1526.0,1565.0,1565.55,1565.99,925,144853880000.0,,717.0,0.7751000000000001
2009-06-23,BRITANNIA,EQ,1565.55,1545.05,1564.5,1527.1,1560.0,1559.95,1552.12,4305,668186930000.0,,3836.0,0.8911
2009-06-24,BRITANNIA,EQ,1559.95,1560.1,1575.0,1560.1,1570.0,1569.2,1571.87,1049,164889130000.0,,906.0,0.8637
2009-06-25,BRITANNIA,EQ,1569.2,1560.1,1574.8,1550.0,1551.0,1550.75,1554.52,1046,162602970000.0,,797.0,0.762
2009-06-26,BRITANNIA,EQ,1550.75,1560.0,1580.0,1545.0,1559.0,1559.3,1561.51,1531,239066429999.99997,,1121.0,0.7322
2009-06-29,BRITANNIA,EQ,1559.3,1575.0,1630.0,1551.05,1609.9,1610.05,1609.03,7224,1162361655000.0,,6645.0,0.9198999999999999
2009-06-30,BRITANNIA,EQ,1610.05,1609.9,1624.95,1573.05,1599.0,1595.35,1592.54,5755,916505519999.9999,,5252.0,0.9126000000000001
2009-07-01,BRITANNIA,EQ,1595.35,1600.0,1604.9,1561.3,1577.9,1570.15,1570.91,4354,683974005000.0,,3960.0,0.9095000000000001
2009-07-02,BRITANNIA,EQ,1570.15,1580.0,1600.0,1575.0,1581.0,1581.35,1582.95,1830,289679425000.0,,965.0,0.5273
2009-07-03,BRITANNIA,EQ,1581.35,1589.9,1597.95,1575.0,1581.1,1582.85,1586.08,3253,515951200000.0,,2987.0,0.9181999999999999
2009-07-06,BRITANNIA,EQ,1582.85,1581.1,1598.95,1555.5,1570.1,1581.7,1579.72,4560,720352025000.0,,3997.0,0.8765000000000001
2009-07-07,BRITANNIA,EQ,1581.7,1588.95,1659.0,1560.55,1640.0,1625.9,1607.54,5390,866464180000.0001,,4332.0,0.8037000000000001
2009-07-08,BRITANNIA,EQ,1625.9,1590.0,1620.0,1586.0,1600.0,1604.5,1604.37,1339,214825779999.99997,,1117.0,0.8342
2009-07-09,BRITANNIA,EQ,1604.5,1600.2,1600.2,1580.1,1596.5,1593.7,1592.29,474,75474495000.0,,293.0,0.6181
2009-07-10,BRITANNIA,EQ,1593.7,1596.5,1596.5,1570.2,1571.0,1578.75,1583.46,305,48295675000.0,,228.0,0.7475
2009-07-13,BRITANNIA,EQ,1578.75,1589.0,1625.0,1570.0,1600.1,1609.65,1600.07,4392,702751270000.0,,3225.0,0.7343000000000001
2009-07-14,BRITANNIA,EQ,1609.65,1609.65,1614.0,1585.5,1597.8,1598.25,1597.03,457,72984460000.0,,271.0,0.593
2009-07-15,BRITANNIA,EQ,1598.25,1608.5,1614.5,1584.0,1595.0,1593.2,1603.35,433,69425185000.0,,255.0,0.5889
2009-07-16,BRITANNIA,EQ,1593.2,1605.0,1605.0,1577.6,1584.4,1583.75,1589.88,517,82196840000.0,,374.0,0.7234
2009-07-17,BRITANNIA,EQ,1583.75,1580.0,1599.9,1580.0,1581.0,1585.2,1587.35,379,60160625000.0,,196.0,0.5172
2009-07-20,BRITANNIA,EQ,1585.2,1598.9,1685.0,1593.0,1645.0,1658.2,1628.55,25204,4104599190000.0,,23416.0,0.9291
2009-07-21,BRITANNIA,EQ,1658.2,1675.0,1675.0,1605.0,1655.0,1661.5,1650.68,1543,254700054999.99997,,1237.0,0.8017000000000001
2009-07-22,BRITANNIA,EQ,1661.5,1661.5,1730.0,1661.5,1715.0,1713.95,1699.64,4607,783025930000.0,,3454.0,0.7497
2009-07-23,BRITANNIA,EQ,1713.95,1720.0,1795.0,1706.0,1781.1,1781.75,1758.37,18202,3200580165000.0,,17085.0,0.9386
2009-07-24,BRITANNIA,EQ,1781.75,1795.0,1835.0,1790.0,1830.0,1820.1,1814.3,8339,1512941845000.0,,6425.0,0.7705
2009-07-27,BRITANNIA,EQ,1820.1,1819.4,1850.0,1800.0,1836.0,1843.35,1829.82,3694,675937315000.0,,2946.0,0.7975
2009-07-28,BRITANNIA,EQ,1843.35,1850.0,1850.0,1769.0,1800.0,1803.55,1806.24,1789,323136790000.0,,956.0,0.5344
2009-07-29,BRITANNIA,EQ,1803.55,1780.0,1834.85,1745.0,1820.0,1824.15,1795.13,2490,446986345000.0,,1462.0,0.5871000000000001
2009-07-30,BRITANNIA,EQ,1824.15,1801.1,1829.95,1801.0,1820.0,1816.9,1814.32,517,93800210000.0,,312.0,0.6035
2009-07-31,BRITANNIA,EQ,1816.9,1834.95,1894.0,1822.1,1866.55,1868.75,1861.13,8216,1529103855000.0,,4469.0,0.5439
2009-08-03,BRITANNIA,EQ,1868.75,1890.0,1890.0,1825.0,1845.0,1836.45,1848.72,13237,2447145900000.0,,11886.0,0.8979
2009-08-04,BRITANNIA,EQ,1836.45,1836.95,1850.0,1778.0,1789.5,1784.7,1814.06,1542,279727635000.0,,1150.0,0.7458
2009-08-05,BRITANNIA,EQ,1784.7,1820.0,1838.5,1797.0,1797.0,1805.8,1820.43,1742,317119205000.0,,867.0,0.49770000000000003
2009-08-06,BRITANNIA,EQ,1805.8,1810.0,1825.0,1712.3,1740.0,1746.2,1779.84,2957,526299330000.0,,1831.0,0.6192000000000001
2009-08-07,BRITANNIA,EQ,1746.2,1750.0,1750.0,1700.0,1700.05,1704.5,1716.03,1627,279197970000.0,,1175.0,0.7222
2009-08-10,BRITANNIA,EQ,1704.5,1748.95,1792.4,1680.0,1685.0,1690.95,1709.25,19846,3392182460000.0,,17468.0,0.8802
2009-08-11,BRITANNIA,EQ,1690.95,1710.0,1725.0,1649.45,1660.0,1657.05,1675.54,993,166380700000.0,,521.0,0.5246999999999999
2009-08-12,BRITANNIA,EQ,1657.05,1674.5,1674.5,1637.0,1637.0,1646.35,1649.25,4702,775476535000.0,,4075.0,0.8667
2009-08-13,BRITANNIA,EQ,1646.35,1661.0,1690.0,1635.0,1672.5,1676.15,1668.48,1230,205223170000.0,,797.0,0.648
2009-08-14,BRITANNIA,EQ,1676.15,1690.0,1749.95,1690.0,1715.0,1724.0,1723.55,7858,1354367505000.0,,6453.0,0.8212
2009-08-17,BRITANNIA,EQ,1724.0,1730.0,1730.0,1674.0,1685.0,1680.6,1684.14,1010,170098035000.0,,682.0,0.6752
2009-08-18,BRITANNIA,EQ,1680.6,1664.0,1694.95,1655.0,1669.0,1663.35,1669.46,1536,256428360000.0,,840.0,0.5468999999999999
2009-08-19,BRITANNIA,EQ,1663.35,1674.0,1685.0,1651.0,1668.1,1666.4,1665.09,1469,244602370000.00003,,693.0,0.4717
2009-08-20,BRITANNIA,EQ,1666.4,1668.0,1685.0,1642.05,1645.55,1647.9,1655.37,1105,182918740000.0,,747.0,0.6759999999999999
2009-08-21,BRITANNIA,EQ,1647.9,1670.0,1670.0,1625.0,1630.0,1636.9,1641.11,1646,270126760000.0,,1301.0,0.7904000000000001
2009-08-24,BRITANNIA,EQ,1636.9,1674.8,1674.8,1637.0,1650.0,1650.0,1650.11,66620,10993034400000.0,,65698.0,0.9862000000000001
2009-08-25,BRITANNIA,EQ,1650.0,1664.7,1731.0,1655.0,1679.9,1683.45,1686.54,3667,618453970000.0,,932.0,0.25420000000000004
2009-08-26,BRITANNIA,EQ,1683.45,1693.0,1694.0,1650.0,1662.5,1660.8,1670.79,1112,185791820000.0,,575.0,0.5171
2009-08-27,BRITANNIA,EQ,1660.8,1651.2,1690.0,1622.0,1627.0,1638.15,1659.29,4086,677987560000.0,,2540.0,0.6215999999999999
2009-08-28,BRITANNIA,EQ,1638.15,1640.0,1669.9,1640.0,1661.0,1658.95,1641.0,21755,3569999695000.0005,,20795.0,0.9559000000000001
2009-08-31,BRITANNIA,EQ,1658.95,1640.05,1685.0,1640.05,1669.0,1663.95,1645.56,43101,7092524350000.0,,42466.0,0.9853000000000001
2009-09-01,BRITANNIA,EQ,1663.95,1690.0,1786.1,1665.0,1671.0,1682.35,1722.21,6801,1171274595000.0,,2447.0,0.35979999999999995
2009-09-02,BRITANNIA,EQ,1682.35,1680.0,1690.0,1669.0,1672.1,1679.35,1678.05,859,144144655000.0,,584.0,0.6799
2009-09-03,BRITANNIA,EQ,1679.35,1670.0,1684.0,1670.0,1675.0,1677.3,1677.12,530,88887385000.0,,327.0,0.617
2009-09-04,BRITANNIA,EQ,1677.3,1665.0,1685.0,1650.0,1663.8,1655.1,1662.58,730,121368520000.0,,453.0,0.6204999999999999
2009-09-07,BRITANNIA,EQ,1655.1,1684.0,1689.0,1647.9,1648.3,1650.25,1650.93,28627,4726116550000.0,,27598.0,0.9641
2009-09-08,BRITANNIA,EQ,1650.25,1673.0,1673.0,1635.0,1663.75,1659.6,1660.16,1548,256992710000.0,,1036.0,0.6693000000000001
2009-09-09,BRITANNIA,EQ,1659.6,1659.0,1669.0,1640.0,1645.3,1647.7,1648.75,1114,183671260000.0,,783.0,0.7029000000000001
2009-09-10,BRITANNIA,EQ,1647.7,1621.0,1669.95,1621.0,1646.3,1646.05,1646.98,2484,409110765000.0,,2048.0,0.8245
2009-09-11,BRITANNIA,EQ,1646.05,1664.0,1664.0,1642.5,1644.55,1648.3,1651.43,8583,1417424020000.0,,8305.0,0.9676000000000001
2009-09-14,BRITANNIA,EQ,1648.3,1660.0,1660.0,1637.05,1641.25,1644.1,1645.6,608,100052265000.0,,341.0,0.5609000000000001
2009-09-15,BRITANNIA,EQ,1644.1,1654.0,1654.0,1636.1,1642.05,1646.75,1646.38,1430,235431854999.99997,,1105.0,0.7726999999999999
2009-09-16,BRITANNIA,EQ,1646.75,1660.0,1660.0,1591.0,1595.0,1598.95,1612.45,6395,1031159880000.0001,,5665.0,0.8858
2009-09-17,BRITANNIA,EQ,1598.95,1635.0,1635.35,1566.65,1569.9,1569.3,1570.93,126287,19838742340000.0,,124794.0,0.9882
2009-09-18,BRITANNIA,EQ,1569.3,1584.95,1584.95,1531.0,1548.25,1543.3,1557.21,11115,1730835425000.0,,9416.0,0.8471
2009-09-22,BRITANNIA,EQ,1543.3,1543.3,1564.95,1505.0,1516.0,1512.95,1517.8,21968,3334300860000.0,,21084.0,0.9598000000000001
2009-09-23,BRITANNIA,EQ,1512.95,1520.0,1540.0,1512.0,1514.95,1514.95,1516.85,25325,3841416545000.0005,,22903.0,0.9044
2009-09-24,BRITANNIA,EQ,1514.95,1520.0,1540.0,1506.05,1530.0,1531.05,1520.4,19345,2941217995000.0,,16554.0,0.8556999999999999
2009-09-25,BRITANNIA,EQ,1531.05,1523.3,1544.9,1521.0,1529.9,1527.9,1533.99,4188,642435625000.0,,2647.0,0.632
2009-09-29,BRITANNIA,EQ,1527.9,1548.0,1559.5,1510.0,1542.2,1547.0,1544.25,2477,382510035000.0,,1413.0,0.5704
2009-09-30,BRITANNIA,EQ,1547.0,1532.0,1581.0,1532.0,1565.0,1565.15,1551.82,43244,6710710480000.0,,40481.0,0.9361
2009-10-01,BRITANNIA,EQ,1565.15,1541.0,1580.0,1541.0,1554.0,1559.6,1567.16,3374,528760100000.0,,2121.0,0.6286
2009-10-05,BRITANNIA,EQ,1559.6,1560.0,1570.8,1545.0,1545.0,1551.95,1559.42,2928,456598534999.99994,,2113.0,0.7217
2009-10-06,BRITANNIA,EQ,1551.95,1595.0,1605.0,1520.1,1535.0,1536.8,1544.27,7312,1129173845000.0,,2747.0,0.37570000000000003
2009-10-07,BRITANNIA,EQ,1536.8,1545.0,1569.9,1540.5,1550.0,1548.95,1554.01,3304,513445400000.0,,2218.0,0.6713
2009-10-08,BRITANNIA,EQ,1548.95,1542.0,1578.9,1535.0,1572.0,1572.3,1554.52,8098,1258851485000.0,,7140.0,0.8817
2009-10-09,BRITANNIA,EQ,1572.3,1568.0,1655.0,1550.0,1630.0,1635.1,1624.81,16834,2735208350000.0,,12310.0,0.7313
2009-10-12,BRITANNIA,EQ,1635.1,1639.0,1660.05,1625.0,1636.0,1640.75,1642.67,4224,693864580000.0,,3132.0,0.7415
2009-10-14,BRITANNIA,EQ,1640.75,1640.0,1653.5,1612.5,1632.3,1631.65,1632.66,3592,586451410000.0,,1532.0,0.4265
2009-10-15,BRITANNIA,EQ,1631.65,1631.0,1648.0,1615.1,1640.0,1640.95,1634.85,2140,349856850000.0,,1804.0,0.843
2009-10-16,BRITANNIA,EQ,1640.95,1628.1,1655.8,1628.1,1643.0,1641.4,1641.83,2718,446249080000.0,,2325.0,0.8554
2009-10-17,BRITANNIA,EQ,1641.4,1675.0,1800.0,1675.0,1714.0,1734.8,1752.63,16235,2845392320000.0,,7378.0,0.4545
2009-10-20,BRITANNIA,EQ,1734.8,1735.0,1785.0,1735.0,1764.35,1763.05,1763.17,15618,2753722145000.0,,11759.0,0.7529000000000001
2009-10-21,BRITANNIA,EQ,1763.05,1720.0,1786.5,1720.0,1762.0,1758.4,1767.05,8718,1540511850000.0,,6826.0,0.783
2009-10-22,BRITANNIA,EQ,1758.4,1740.5,1750.0,1695.0,1705.0,1700.15,1718.18,1986,341231445000.0,,1188.0,0.5982000000000001
2009-10-23,BRITANNIA,EQ,1700.15,1710.0,1769.9,1710.0,1730.0,1730.5,1741.44,4594,800018655000.0,,2353.0,0.5122
2009-10-26,BRITANNIA,EQ,1730.5,1730.0,1750.0,1711.2,1715.45,1715.2,1724.24,2007,346055050000.0,,1126.0,0.561
2009-10-27,BRITANNIA,EQ,1715.2,1700.0,1728.95,1662.0,1674.8,1670.25,1676.89,1792,300499580000.0,,1382.0,0.7712000000000001
2009-10-28,BRITANNIA,EQ,1670.25,1650.0,1680.0,1640.0,1670.0,1672.8,1664.83,3097,515598680000.0,,2463.0,0.7953
2009-10-29,BRITANNIA,EQ,1672.8,1652.0,1689.0,1652.0,1680.0,1679.9,1677.42,1579,264863995000.00003,,916.0,0.5801
2009-10-30,BRITANNIA,EQ,1679.9,1710.0,1734.45,1655.5,1661.0,1663.75,1688.9,1667,281540195000.0,,1192.0,0.7151000000000001
2009-11-03,BRITANNIA,EQ,1663.75,1652.0,1678.95,1640.1,1655.0,1655.95,1658.87,981,162735610000.0,,624.0,0.6361
2009-11-04,BRITANNIA,EQ,1655.95,1669.5,1669.5,1642.35,1650.0,1657.85,1657.89,1449,240228495000.00003,,1218.0,0.8406
2009-11-05,BRITANNIA,EQ,1657.85,1618.0,1661.0,1618.0,1649.0,1645.25,1646.53,1150,189350510000.0,,786.0,0.6835
2009-11-06,BRITANNIA,EQ,1645.25,1650.0,1663.0,1620.0,1640.0,1640.1,1647.94,7397,1218984810000.0,,3762.0,0.5086
2009-11-09,BRITANNIA,EQ,1640.1,1635.0,1680.0,1624.0,1674.8,1671.75,1667.99,1652,275552180000.0,,1251.0,0.7573000000000001
2009-11-10,BRITANNIA,EQ,1671.75,1670.0,1689.9,1662.1,1674.0,1669.65,1675.25,1062,177911580000.0,,544.0,0.5122
2009-11-11,BRITANNIA,EQ,1669.65,1670.0,1700.0,1655.0,1685.0,1691.9,1689.66,1647,278286655000.0,,1048.0,0.6363000000000001
2009-11-12,BRITANNIA,EQ,1691.9,1700.0,1700.0,1670.0,1671.0,1676.65,1688.98,708,119579939999.99998,,374.0,0.5282
2009-11-13,BRITANNIA,EQ,1676.65,1689.0,1699.0,1660.05,1675.0,1671.4,1674.4,876,146677020000.0,,539.0,0.6153000000000001
2009-11-16,BRITANNIA,EQ,1671.4,1694.9,1694.9,1660.0,1673.0,1672.3,1671.2,1630,272405890000.0,,1161.0,0.7123
2009-11-17,BRITANNIA,EQ,1672.3,1680.0,1680.0,1562.25,1650.0,1637.1,1653.77,2454,405834090000.0,,2069.0,0.8431000000000001
2009-11-18,BRITANNIA,EQ,1637.1,1679.0,1689.0,1650.0,1672.0,1672.4,1670.55,8519,1423142665000.0,,7526.0,0.8834000000000001
2009-11-19,BRITANNIA,EQ,1672.4,1680.0,1691.0,1678.0,1689.5,1683.3,1685.53,987,166362175000.0,,669.0,0.6778000000000001
2009-11-20,BRITANNIA,EQ,1683.3,1661.25,1691.2,1661.25,1687.0,1688.4,1685.0,9220,1553570785000.0,,9002.0,0.9764
2009-11-23,BRITANNIA,EQ,1688.4,1673.0,1687.0,1640.1,1658.0,1649.3,1666.14,1552,258584579999.99997,,1061.0,0.6836
2009-11-24,BRITANNIA,EQ,1649.3,1670.0,1680.0,1661.1,1667.1,1672.85,1671.56,922,154117800000.0,,556.0,0.603
2009-11-25,BRITANNIA,EQ,1672.85,1683.95,1683.95,1665.0,1665.0,1667.05,1670.63,534,89211560000.0,,395.0,0.7397
2009-11-26,BRITANNIA,EQ,1667.05,1655.0,1675.0,1640.0,1660.95,1649.8,1654.75,1213,200721105000.0,,760.0,0.6265
2009-11-27,BRITANNIA,EQ,1649.8,1650.0,1650.0,1596.0,1628.5,1623.3,1622.64,2433,394787295000.0,,1731.0,0.7115
2009-11-30,BRITANNIA,EQ,1623.3,1626.0,1655.0,1590.0,1625.0,1603.1,1618.32,3485,563983955000.0,,2664.0,0.7644
2009-12-01,BRITANNIA,EQ,1603.1,1669.0,1669.0,1611.9,1622.0,1625.55,1623.48,1655,268685800000.0,,964.0,0.5825
2009-12-02,BRITANNIA,EQ,1625.55,1625.0,1649.0,1612.1,1630.0,1620.9,1620.76,11195,1814435650000.0,,10720.0,0.9576000000000001
2009-12-03,BRITANNIA,EQ,1620.9,1615.0,1647.9,1615.0,1637.75,1632.55,1636.47,1538,251689695000.00003,,1016.0,0.6606000000000001
2009-12-04,BRITANNIA,EQ,1632.55,1616.0,1668.0,1616.0,1637.5,1638.95,1646.05,2028,333819705000.0,,520.0,0.2564
2009-12-07,BRITANNIA,EQ,1638.95,1642.0,1670.0,1642.0,1663.25,1666.9,1662.3,2792,464113465000.00006,,2028.0,0.7264
2009-12-08,BRITANNIA,EQ,1666.9,1660.0,1680.0,1660.0,1673.0,1671.95,1671.59,1492,249400575000.0,,1041.0,0.6977
2009-12-09,BRITANNIA,EQ,1671.95,1661.0,1669.9,1652.0,1660.0,1658.1,1661.3,718,119281605000.0,,468.0,0.6518
2009-12-10,BRITANNIA,EQ,1658.1,1668.95,1670.0,1645.0,1654.8,1651.85,1660.2,1557,258492960000.0,,1205.0,0.7739
2009-12-11,BRITANNIA,EQ,1651.85,1660.0,1678.75,1650.0,1650.1,1660.35,1667.07,1989,331581040000.0,,958.0,0.4816
2009-12-14,BRITANNIA,EQ,1660.35,1660.0,1669.8,1635.0,1635.0,1639.55,1658.8,1286,213322240000.0,,961.0,0.7473000000000001
2009-12-15,BRITANNIA,EQ,1639.55,1630.05,1658.0,1620.0,1630.0,1622.4,1640.73,1916,314364665000.0,,1149.0,0.5997
2009-12-16,BRITANNIA,EQ,1622.4,1625.0,1648.8,1617.05,1640.0,1638.85,1635.95,622,101755910000.0,,372.0,0.5981000000000001
2009-12-17,BRITANNIA,EQ,1638.85,1659.9,1659.9,1610.0,1624.5,1620.65,1619.47,1235,200004120000.0,,827.0,0.6696
2009-12-18,BRITANNIA,EQ,1620.65,1622.0,1650.0,1622.0,1632.0,1633.3,1636.52,1267,207347595000.0,,781.0,0.6164000000000001
2009-12-21,BRITANNIA,EQ,1633.3,1645.0,1647.5,1627.5,1630.0,1630.55,1635.57,670,109583130000.0,,410.0,0.6119
2009-12-22,BRITANNIA,EQ,1630.55,1637.0,1638.7,1611.25,1612.0,1618.2,1623.63,1244,201980110000.0,,960.0,0.7717
2009-12-23,BRITANNIA,EQ,1618.2,1625.0,1640.0,1625.0,1640.0,1638.95,1634.28,1406,229779270000.00003,,1111.0,0.7902
2009-12-24,BRITANNIA,EQ,1638.95,1640.0,1642.0,1620.0,1626.0,1626.1,1635.69,677,110736285000.00002,,563.0,0.8316
2009-12-29,BRITANNIA,EQ,1626.1,1650.0,1665.0,1630.0,1660.0,1644.7,1640.73,1479,242664479999.99997,,1293.0,0.8742000000000001
2009-12-30,BRITANNIA,EQ,1644.7,1649.0,1670.0,1641.0,1667.5,1666.95,1663.06,1368,227505995000.00003,,1110.0,0.8114
2009-12-31,BRITANNIA,EQ,1666.95,1684.5,1684.5,1641.5,1681.0,1680.4,1671.43,2475,413679985000.0,,1957.0,0.7907
2010-01-04,BRITANNIA,EQ,1680.4,1669.0,1695.0,1661.05,1667.1,1668.55,1675.49,1869,313149700000.0,,1291.0,0.6907
2010-01-05,BRITANNIA,EQ,1668.55,1670.0,1694.2,1660.0,1665.2,1671.05,1676.57,2281,382425100000.0,,1442.0,0.6322
2010-01-06,BRITANNIA,EQ,1671.05,1685.0,1685.0,1645.0,1659.75,1655.85,1661.33,2150,357185890000.0,,1837.0,0.8544
2010-01-07,BRITANNIA,EQ,1655.85,1655.85,1665.0,1640.0,1641.5,1649.05,1640.27,82199,13482820094999.998,,81814.0,0.9953000000000001
2010-01-08,BRITANNIA,EQ,1649.05,1641.0,1669.85,1641.0,1652.1,1652.7,1659.54,14514,2408650200000.0,,13641.0,0.9399
2010-01-11,BRITANNIA,EQ,1652.7,1673.0,1673.0,1650.0,1657.8,1652.3,1655.0,111507,18454428775000.0,,109800.0,0.9847
2010-01-12,BRITANNIA,EQ,1652.3,1675.0,1695.0,1645.25,1668.9,1666.4,1653.4,53495,8844875235000.0,,52616.0,0.9836
2010-01-13,BRITANNIA,EQ,1666.4,1678.0,1678.0,1652.6,1660.0,1660.35,1661.9,1084,180149615000.0,,665.0,0.6135
2010-01-14,BRITANNIA,EQ,1660.35,1674.0,1692.0,1660.35,1680.0,1680.25,1678.27,3687,618779575000.0,,2290.0,0.6211
2010-01-15,BRITANNIA,EQ,1680.25,1672.25,1696.0,1672.0,1695.0,1693.7,1693.36,2294,388457210000.0,,1611.0,0.7023
2010-01-18,BRITANNIA,EQ,1693.7,1699.0,1714.0,1675.0,1684.9,1683.25,1694.88,3179,538801109999.99994,,2110.0,0.6637000000000001
2010-01-19,BRITANNIA,EQ,1683.25,1694.0,1703.75,1680.3,1695.45,1690.1,1697.06,2807,476365159999.99994,,1949.0,0.6943
2010-01-20,BRITANNIA,EQ,1690.1,1699.8,1708.95,1658.8,1660.6,1662.2,1676.84,1101,184620330000.0,,800.0,0.7266
2010-01-21,BRITANNIA,EQ,1662.2,1660.0,1669.9,1642.45,1655.0,1647.55,1654.8,2221,367531635000.0,,1775.0,0.7992
2010-01-22,BRITANNIA,EQ,1647.55,1616.0,1650.0,1608.0,1643.0,1641.7,1633.65,1850,302225640000.0,,1124.0,0.6076
2010-01-25,BRITANNIA,EQ,1641.7,1659.5,1659.5,1625.0,1637.4,1632.65,1644.35,1325,217876440000.0,,934.0,0.7049
2010-01-27,BRITANNIA,EQ,1632.65,1640.0,1654.8,1550.0,1554.0,1573.55,1601.76,2981,477483470000.0,,2413.0,0.8095
2010-01-28,BRITANNIA,EQ,1573.55,1600.0,1615.0,1575.0,1608.5,1595.55,1596.5,10190,1626835605000.0,,8491.0,0.8333
2010-01-29,BRITANNIA,EQ,1595.55,1589.0,1589.0,1545.1,1565.05,1566.5,1560.16,3312,516726325000.0,,2254.0,0.6806
2010-02-01,BRITANNIA,EQ,1566.5,1566.0,1605.0,1556.05,1595.0,1595.8,1588.42,1033,164083270000.0,,392.0,0.37950000000000006
2010-02-02,BRITANNIA,EQ,1595.8,1600.05,1609.8,1591.0,1600.0,1599.85,1600.88,1233,197388710000.0,,850.0,0.6894
2010-02-03,BRITANNIA,EQ,1599.85,1590.0,1614.4,1565.0,1604.0,1599.15,1587.17,2166,343781275000.0,,1346.0,0.6214000000000001
2010-02-04,BRITANNIA,EQ,1599.15,1600.0,1613.95,1591.0,1602.0,1595.9,1599.82,631,100948515000.0,,275.0,0.43579999999999997
2010-02-05,BRITANNIA,EQ,1595.9,1591.1,1614.0,1545.0,1610.0,1597.5,1586.1,2376,376857325000.0,,1594.0,0.6709
2010-02-06,BRITANNIA,EQ,1597.5,1624.5,1629.0,1586.0,1608.25,1617.85,1615.02,507,81881605000.0,,343.0,0.6765000000000001
2010-02-08,BRITANNIA,EQ,1617.85,1618.0,1633.0,1595.0,1600.25,1607.35,1605.23,3734,599392660000.0,,3241.0,0.868
2010-02-09,BRITANNIA,EQ,1607.35,1635.0,1635.0,1600.0,1610.0,1608.95,1606.08,1010,162214355000.0,,743.0,0.7356
2010-02-10,BRITANNIA,EQ,1608.95,1607.2,1633.4,1601.0,1623.9,1626.35,1622.45,2223,360669780000.0,,1608.0,0.7232999999999999
2010-02-11,BRITANNIA,EQ,1626.35,1615.0,1654.8,1615.0,1630.1,1630.3,1637.59,5281,864810135000.0,,3029.0,0.5736
2010-02-15,BRITANNIA,EQ,1630.3,1621.45,1667.0,1621.4,1635.1,1649.9,1640.55,2475,406035690000.0,,2147.0,0.8675
2010-02-16,BRITANNIA,EQ,1649.9,1635.0,1642.75,1626.0,1630.0,1630.0,1630.82,1640,267454979999.99997,,1300.0,0.7927
2010-02-17,BRITANNIA,EQ,1630.0,1627.05,1645.0,1627.0,1637.5,1631.4,1631.64,1840,300221225000.0,,1541.0,0.8375
2010-02-18,BRITANNIA,EQ,1631.4,1650.0,1785.0,1621.1,1640.0,1636.05,1642.95,1269,208490110000.0,,430.0,0.33880000000000005
2010-02-19,BRITANNIA,EQ,1636.05,1645.0,1650.0,1625.0,1630.0,1632.1,1634.6,2595,424177940000.00006,,1958.0,0.7545000000000001
2010-02-22,BRITANNIA,EQ,1632.1,1644.95,1644.95,1621.05,1635.9,1630.05,1632.02,581,94820230000.0,,459.0,0.79
2010-02-23,BRITANNIA,EQ,1630.05,1620.15,1637.8,1620.0,1630.0,1629.0,1631.96,1838,299953915000.0,,1308.0,0.7116
2010-02-24,BRITANNIA,EQ,1629.0,1620.05,1647.9,1602.0,1632.4,1640.0,1631.11,12516,2041500164999.9998,,11507.0,0.9194
2010-02-25,BRITANNIA,EQ,1640.0,1650.0,1670.0,1605.3,1649.9,1645.95,1639.4,3195,523788609999.99994,,2474.0,0.7743000000000001
2010-02-26,BRITANNIA,EQ,1645.95,1660.1,1676.95,1649.0,1675.0,1673.45,1666.46,6436,1072533450000.0,,5111.0,0.7941
2010-03-02,BRITANNIA,EQ,1673.45,1700.0,1700.0,1667.25,1693.0,1690.85,1680.39,12308,2068224635000.0002,,11843.0,0.9622
2010-03-03,BRITANNIA,EQ,1690.85,1678.0,1760.0,1678.0,1733.2,1742.7,1730.14,5455,943791300000.0,,3055.0,0.56
2010-03-04,BRITANNIA,EQ,1742.7,1749.7,1751.05,1722.05,1745.0,1746.0,1739.93,5536,963226675000.0,,3770.0,0.6809999999999999
2010-03-05,BRITANNIA,EQ,1746.0,1755.0,1774.0,1746.0,1771.0,1767.4,1761.04,14371,2530787255000.0,,12919.0,0.899
2010-03-08,BRITANNIA,EQ,1767.4,1697.7,1698.95,1610.05,1639.0,1640.1,1648.41,19115,3150931695000.0,,11885.0,0.6218
2010-03-09,BRITANNIA,EQ,1640.1,1660.0,1665.0,1575.0,1611.0,1609.95,1634.81,8859,1448275445000.0,,4116.0,0.4646
2010-03-10,BRITANNIA,EQ,1609.95,1620.0,1630.0,1591.0,1595.0,1596.25,1607.64,5786,930180735000.0,,3188.0,0.551
2010-03-11,BRITANNIA,EQ,1596.25,1608.0,1614.9,1565.05,1579.0,1576.85,1581.43,4936,780593990000.0,,3476.0,0.7042
2010-03-12,BRITANNIA,EQ,1576.85,1600.0,1600.0,1557.1,1580.0,1576.5,1573.89,4528,712655440000.0,,3039.0,0.6712
2010-03-15,BRITANNIA,EQ,1576.5,1588.75,1594.0,1575.2,1590.0,1589.3,1587.62,3806,604249585000.0,,2882.0,0.7572
2010-03-16,BRITANNIA,EQ,1589.3,1581.1,1605.0,1581.0,1605.0,1600.7,1599.11,3454,552333080000.0,,2919.0,0.8451000000000001
2010-03-17,BRITANNIA,EQ,1600.7,1600.0,1610.0,1591.2,1594.9,1595.3,1601.33,1793,287117765000.0,,1010.0,0.5633
2010-03-18,BRITANNIA,EQ,1595.3,1590.2,1607.0,1585.0,1585.0,1586.2,1589.39,2173,345373490000.0,,1585.0,0.7293999999999999
2010-03-19,BRITANNIA,EQ,1586.2,1599.5,1599.5,1560.0,1560.0,1581.85,1583.22,2516,398338690000.0,,1548.0,0.6153000000000001
2010-03-22,BRITANNIA,EQ,1581.85,1570.1,1586.0,1561.0,1581.0,1580.25,1578.25,2287,360945670000.0,,1913.0,0.8365
2010-03-23,BRITANNIA,EQ,1580.25,1575.25,1590.0,1561.35,1572.0,1573.05,1571.55,2196,345112225000.0,,1361.0,0.6198
2010-03-25,BRITANNIA,EQ,1573.05,1570.1,1604.0,1570.05,1591.0,1595.55,1588.42,4831,767365755000.0,,3176.0,0.6574
2010-03-26,BRITANNIA,EQ,1595.55,1591.0,1599.9,1580.0,1580.0,1582.7,1586.52,1003,159127650000.0,,730.0,0.7278
2010-03-29,BRITANNIA,EQ,1582.7,1581.0,1593.5,1565.0,1565.0,1568.5,1584.21,21422,3393694190000.0,,21147.0,0.9872
2010-03-30,BRITANNIA,EQ,1568.5,1570.0,1600.0,1570.0,1573.1,1573.9,1578.5,2200,347269735000.0,,1873.0,0.8514
2010-03-31,BRITANNIA,EQ,1573.9,1588.0,1605.0,1577.65,1600.1,1599.05,1598.35,29150,4659199060000.0,,28380.0,0.9736
2010-04-01,BRITANNIA,EQ,1599.05,1605.0,1617.8,1586.0,1600.0,1600.0,1599.89,16939,2710045395000.0,,16601.0,0.98
2010-04-05,BRITANNIA,EQ,1600.0,1609.0,1618.0,1595.1,1604.8,1601.3,1606.89,2055,330215450000.0,,1453.0,0.7071
2010-04-06,BRITANNIA,EQ,1601.3,1591.0,1623.0,1585.0,1621.0,1619.2,1605.83,11762,1888782100000.0,,11356.0,0.9655
2010-04-07,BRITANNIA,EQ,1619.2,1629.0,1668.0,1619.0,1655.0,1653.15,1649.77,7160,1181232765000.0,,4693.0,0.6554000000000001
2010-04-08,BRITANNIA,EQ,1653.15,1620.0,1736.0,1620.0,1657.0,1649.2,1702.16,20120,3424752554999.9995,,5591.0,0.2779
2010-04-09,BRITANNIA,EQ,1649.2,1669.75,1690.0,1651.0,1651.1,1657.4,1671.63,3100,518205190000.00006,,1363.0,0.4397
2010-04-12,BRITANNIA,EQ,1657.4,1679.0,1679.0,1643.4,1654.9,1650.85,1653.64,1551,256479025000.0,,912.0,0.588
2010-04-13,BRITANNIA,EQ,1650.85,1674.0,1695.0,1645.0,1645.0,1652.85,1670.76,12868,2149927855000.0,,11172.0,0.8682
2010-04-15,BRITANNIA,EQ,1652.85,1677.0,1677.0,1650.0,1650.0,1650.05,1658.81,8896,1475674465000.0,,8243.0,0.9266
2010-04-16,BRITANNIA,EQ,1650.05,1640.0,1669.0,1636.0,1664.0,1656.55,1644.57,1341,220536715000.0,,949.0,0.7077
2010-04-19,BRITANNIA,EQ,1656.55,1664.0,1664.0,1630.25,1634.5,1636.15,1640.15,695,113990150000.0,,511.0,0.7353000000000001
2010-04-20,BRITANNIA,EQ,1636.15,1630.25,1649.5,1630.25,1644.9,1641.75,1641.99,800,131358960000.00002,,518.0,0.6475
2010-04-21,BRITANNIA,EQ,1641.75,1649.8,1662.9,1625.1,1656.0,1652.3,1645.58,11880,1954949525000.0,,11445.0,0.9634
2010-04-22,BRITANNIA,EQ,1652.3,1668.95,1668.95,1652.0,1661.9,1655.95,1661.27,631,104826450000.0,,367.0,0.5816
2010-04-23,BRITANNIA,EQ,1655.95,1640.05,1700.0,1640.05,1662.05,1665.25,1674.14,2752,460723675000.0,,1491.0,0.5418000000000001
2010-04-26,BRITANNIA,EQ,1665.25,1674.4,1679.95,1657.1,1665.0,1664.2,1668.23,964,160817680000.0,,424.0,0.43979999999999997
2010-04-27,BRITANNIA,EQ,1664.2,1663.7,1665.95,1636.4,1644.5,1640.95,1647.61,1328,218801979999.99997,,998.0,0.7515000000000001
2010-04-28,BRITANNIA,EQ,1640.95,1645.0,1660.0,1626.1,1641.0,1641.85,1650.3,1340,221140460000.0,,698.0,0.5209
2010-04-29,BRITANNIA,EQ,1641.85,1640.0,1659.95,1630.0,1640.0,1632.4,1637.66,1391,227798790000.0,,1135.0,0.816
2010-04-30,BRITANNIA,EQ,1632.4,1659.0,1659.0,1635.05,1655.0,1654.85,1654.16,21958,3632212179999.9995,,21190.0,0.965
2010-05-03,BRITANNIA,EQ,1654.85,1639.0,1675.0,1638.0,1650.0,1650.05,1649.71,1073,177013890000.0,,712.0,0.6636
2010-05-04,BRITANNIA,EQ,1650.05,1659.5,1659.5,1650.0,1650.0,1650.0,1650.48,1177,194261830000.0,,982.0,0.8343
2010-05-05,BRITANNIA,EQ,1650.0,1610.0,1654.0,1610.0,1650.0,1650.0,1643.22,2849,468152055000.0,,2394.0,0.8403
2010-05-06,BRITANNIA,EQ,1650.0,1658.9,1659.9,1633.4,1656.0,1655.35,1651.2,1265,208877130000.0,,861.0,0.6806
2010-05-07,BRITANNIA,EQ,1655.35,1625.0,1654.0,1625.0,1630.0,1633.85,1635.72,960,157029525000.0,,779.0,0.8115000000000001
2010-05-10,BRITANNIA,EQ,1633.85,1645.0,1660.0,1645.0,1650.0,1650.1,1657.93,6426,1065386444999.9999,,6224.0,0.9686
2010-05-11,BRITANNIA,EQ,1650.1,1642.0,1660.0,1633.0,1650.0,1650.1,1651.04,1402,231475835000.0,,1178.0,0.8402
2010-05-12,BRITANNIA,EQ,1650.1,1650.0,1665.0,1650.0,1655.0,1650.65,1650.88,1467,242183375000.0,,1038.0,0.7076000000000001
2010-05-13,BRITANNIA,EQ,1650.65,1660.0,1663.95,1641.0,1658.0,1650.65,1652.67,2411,398459690000.0,,1418.0,0.5881000000000001
2010-05-14,BRITANNIA,EQ,1650.65,1658.0,1658.0,1650.0,1650.0,1650.8,1651.37,1165,192384875000.0,,898.0,0.7708
2010-05-17,BRITANNIA,EQ,1650.8,1650.0,1659.8,1622.55,1651.0,1655.65,1650.15,2810,463691920000.0,,2533.0,0.9014
2010-05-18,BRITANNIA,EQ,1655.65,1656.95,1695.0,1654.0,1690.0,1683.05,1673.89,5791,969349375000.0,,4943.0,0.8536
2010-05-19,BRITANNIA,EQ,1683.05,1655.0,1680.0,1651.4,1675.0,1673.05,1671.44,2941,491570780000.0,,2261.0,0.7687999999999999
2010-05-20,BRITANNIA,EQ,1673.05,1665.0,1684.9,1660.0,1675.0,1675.55,1671.77,1980,331010480000.0,,1643.0,0.8298000000000001
2010-05-21,BRITANNIA,EQ,1675.55,1670.0,1675.0,1645.0,1675.0,1673.35,1662.9,4435,737496215000.0,,3399.0,0.7664
2010-05-24,BRITANNIA,EQ,1673.35,1654.4,1687.95,1654.4,1675.0,1675.25,1674.38,1022,171121850000.0,,725.0,0.7094
2010-05-25,BRITANNIA,EQ,1675.25,1665.1,1676.5,1665.0,1675.0,1671.9,1670.21,7022,1172818920000.0,,6680.0,0.9512999999999999
2010-05-26,BRITANNIA,EQ,1671.9,1662.5,1694.95,1660.0,1675.0,1668.55,1678.31,7717,1295149575000.0,,7249.0,0.9394
2010-05-27,BRITANNIA,EQ,1668.55,1690.0,1690.0,1665.1,1675.0,1672.15,1670.56,6723,1123119345000.0,,5967.0,0.8876000000000001
2010-05-28,BRITANNIA,EQ,1672.15,1675.3,1719.0,1670.25,1690.55,1700.85,1698.07,7067,1200027150000.0,,4267.0,0.6038
2010-05-31,BRITANNIA,EQ,1700.85,1671.05,1725.0,1664.0,1718.0,1708.9,1685.54,2534,427116020000.0,,941.0,0.3713
2010-06-01,BRITANNIA,EQ,1708.9,1665.0,1708.75,1660.0,1679.4,1680.9,1689.69,1317,222532270000.00003,,802.0,0.609
2010-06-02,BRITANNIA,EQ,1680.9,1685.0,1704.9,1680.0,1690.0,1690.4,1689.34,1048,177042575000.0,,840.0,0.8015000000000001
2010-06-03,BRITANNIA,EQ,1690.4,1690.4,1725.0,1690.4,1710.15,1714.05,1711.05,2303,394054275000.0,,1803.0,0.7829
2010-06-04,BRITANNIA,EQ,1714.05,1720.0,1724.0,1695.55,1710.0,1716.4,1712.96,1609,275615950000.0,,1251.0,0.7775
2010-06-07,BRITANNIA,EQ,1716.4,1700.0,1713.95,1675.85,1700.0,1702.65,1697.49,2290,388725685000.0,,1741.0,0.7603
2010-06-08,BRITANNIA,EQ,1702.65,1686.1,1705.0,1686.1,1700.0,1695.0,1695.67,882,149557765000.0,,615.0,0.6973
2010-06-09,BRITANNIA,EQ,1695.0,1695.0,1740.0,1695.0,1723.0,1724.1,1718.25,2428,417190675000.0,,2101.0,0.8653000000000001
2010-06-10,BRITANNIA,EQ,1724.1,1720.0,1748.0,1720.0,1735.0,1726.75,1735.46,2172,376942550000.0,,1653.0,0.761
2010-06-11,BRITANNIA,EQ,1726.75,1735.0,1764.0,1725.15,1750.0,1756.2,1750.68,1966,344184390000.0,,996.0,0.5065999999999999
2010-06-14,BRITANNIA,EQ,1756.2,1730.0,1775.0,1730.0,1770.0,1768.4,1761.95,1076,189585290000.0,,742.0,0.6896
2010-06-15,BRITANNIA,EQ,1768.4,1750.0,1790.0,1750.0,1770.0,1779.5,1773.54,1613,286071460000.0,,1394.0,0.8642000000000001
2010-06-16,BRITANNIA,EQ,1779.5,1781.0,1824.95,1775.0,1810.0,1813.4,1800.01,3852,693364135000.0,,2841.0,0.7375
2010-06-17,BRITANNIA,EQ,1813.4,1810.0,1848.35,1802.0,1810.0,1816.35,1831.87,2630,481782990000.00006,,1221.0,0.4643
2010-06-18,BRITANNIA,EQ,1816.35,1825.0,1860.0,1825.0,1845.0,1851.4,1852.92,5787,1072286430000.0001,,5122.0,0.8851000000000001
2010-06-21,BRITANNIA,EQ,1851.4,1850.0,1869.95,1843.0,1869.5,1860.9,1855.88,3562,661062930000.0,,2200.0,0.6176
2010-06-22,BRITANNIA,EQ,1860.9,1868.0,1868.0,1826.0,1855.0,1852.3,1855.2,1214,225221575000.0,,704.0,0.5799000000000001
2010-06-23,BRITANNIA,EQ,1852.3,1855.0,1863.95,1845.3,1860.0,1853.45,1853.27,599,111010835000.00002,,369.0,0.616
2010-06-24,BRITANNIA,EQ,1853.45,1863.45,1905.95,1850.05,1885.0,1869.35,1881.59,2411,453650725000.0,,910.0,0.3774
2010-06-25,BRITANNIA,EQ,1869.35,1850.05,1888.65,1850.05,1851.5,1859.45,1874.76,1836,344205690000.0,,1004.0,0.5468000000000001
2010-06-28,BRITANNIA,EQ,1859.45,1855.05,1869.0,1845.35,1846.1,1850.45,1854.38,2339,433740265000.00006,,1705.0,0.7289
2010-06-29,BRITANNIA,EQ,1850.45,1855.1,1900.0,1840.1,1852.05,1858.2,1873.41,3342,626092710000.0,,1803.0,0.5395000000000001
2010-06-30,BRITANNIA,EQ,1858.2,1840.0,1868.8,1840.0,1860.0,1856.75,1857.36,1608,298664245000.0,,1192.0,0.7413
2010-07-01,BRITANNIA,EQ,1856.75,1884.0,1885.0,1832.1,1868.0,1864.85,1863.0,22620,4214097350000.0,,21876.0,0.9671
2010-07-02,BRITANNIA,EQ,1864.85,1861.0,1880.0,1853.0,1865.0,1860.5,1858.25,656,121901089999.99998,,566.0,0.8628
2010-07-05,BRITANNIA,EQ,1860.5,1865.1,1872.8,1857.5,1858.15,1860.3,1864.29,349,65063865000.0,,194.0,0.5559000000000001
2010-07-06,BRITANNIA,EQ,1860.3,1994.0,1994.0,1851.0,1865.0,1865.65,1862.93,1324,246652265000.0,,1067.0,0.8059000000000001
2010-07-07,BRITANNIA,EQ,1865.65,1864.0,1959.0,1860.0,1914.3,1922.55,1912.99,6862,1312694925000.0,,3713.0,0.5411
2010-07-08,BRITANNIA,EQ,1922.55,1960.0,1960.0,1896.0,1900.0,1902.6,1907.16,7003,1335582800000.0,,5119.0,0.731
2010-07-09,BRITANNIA,EQ,1902.6,1891.1,1940.0,1891.1,1900.0,1900.25,1904.69,4687,892729705000.0001,,3621.0,0.7726000000000001
2010-07-12,BRITANNIA,EQ,1900.25,1951.65,1951.65,1907.1,1922.0,1919.6,1918.16,2178,417774730000.0,,1198.0,0.55
2010-07-13,BRITANNIA,EQ,1919.6,1911.0,1949.0,1911.0,1920.0,1933.25,1935.2,2139,413939565000.0,,1079.0,0.5044
2010-07-14,BRITANNIA,EQ,1933.25,1944.0,1990.0,1936.0,1940.0,1949.95,1955.8,3302,645805400000.0,,1908.0,0.5778
2010-07-15,BRITANNIA,EQ,1949.95,1970.0,1975.0,1932.0,1949.5,1942.45,1945.61,1154,224522870000.00003,,685.0,0.5936
2010-07-16,BRITANNIA,EQ,1942.45,1940.0,1968.0,1925.1,1947.0,1945.8,1949.2,1927,375611750000.0,,1299.0,0.6741
2010-07-19,BRITANNIA,EQ,1945.8,1940.0,1948.0,1930.35,1931.0,1934.35,1941.06,829,160913940000.0,,446.0,0.538
2010-07-20,BRITANNIA,EQ,1934.35,1944.8,1947.0,1846.0,1865.0,1859.3,1888.5,4308,813564460000.0,,2907.0,0.6748000000000001
2010-07-21,BRITANNIA,EQ,1859.3,1940.0,1970.0,1881.0,1885.0,1885.7,1895.93,3001,568968920000.0,,1677.0,0.5588000000000001
2010-07-22,BRITANNIA,EQ,1885.7,1880.0,1964.0,1840.0,1941.95,1937.4,1939.65,16231,3148242540000.0,,12088.0,0.7447
2010-07-23,BRITANNIA,EQ,1937.4,1910.0,1990.0,1910.0,1974.9,1958.9,1964.92,29599,5815953855000.0,,9197.0,0.31070000000000003
2010-07-26,BRITANNIA,EQ,1958.9,1960.0,1969.95,1915.0,1928.0,1923.85,1944.15,1417,275486310000.0,,955.0,0.674
2010-07-27,BRITANNIA,EQ,1923.85,1881.2,1942.0,1881.2,1920.9,1919.3,1926.33,940,181074590000.0,,521.0,0.5543
2010-07-28,BRITANNIA,EQ,1919.3,1920.0,1938.95,1901.0,1903.0,1908.15,1918.51,1699,325955600000.0,,1067.0,0.628
2010-07-29,BRITANNIA,EQ,1908.15,1910.0,1930.0,1881.0,1882.05,1885.5,1894.98,1194,226260825000.0,,751.0,0.629
2010-07-30,BRITANNIA,EQ,1885.5,1885.0,1980.0,1885.0,1968.0,1968.35,1957.94,11918,2333466940000.0,,8124.0,0.6817000000000001
2010-08-02,BRITANNIA,EQ,1968.35,2026.1,2147.2,1990.25,2097.0,2089.65,2103.81,71019,14941025255000.002,,22600.0,0.3182
2010-08-03,BRITANNIA,EQ,2089.65,2100.0,2145.0,2080.0,2116.0,2119.8,2127.13,43150,9178556670000.0,,12648.0,0.29309999999999997
2010-08-04,BRITANNIA,EQ,2119.8,2129.0,2185.0,2109.0,2184.0,2172.05,2145.22,34004,7294603459999.999,,18074.0,0.5315
2010-08-05,BRITANNIA,EQ,2172.05,2188.0,2376.6,2180.0,2285.1,2297.95,2309.16,122010,28174074250000.0,,32056.0,0.2627
2010-08-06,BRITANNIA,EQ,2297.95,2320.0,2335.0,2244.95,2293.0,2283.0,2297.95,44151,10145695555000.0,,14920.0,0.3379
2010-08-09,BRITANNIA,EQ,2283.0,2290.0,2347.0,2130.0,2170.0,2150.5,2225.81,95797,21322576450000.0,,22242.0,0.2322
2010-08-10,BRITANNIA,EQ,2150.5,2055.0,2140.0,1820.6,2050.0,2049.7,2059.59,36027,7420074755000.0,,10938.0,0.3036
2010-08-11,BRITANNIA,EQ,2049.7,2040.05,2134.0,2040.05,2091.5,2080.5,2095.46,26567,5567011430000.0,,11752.0,0.4424
2010-08-12,BRITANNIA,EQ,2080.5,2055.1,2135.0,2045.0,2098.15,2099.75,2096.82,18207,3817680715000.0,,6712.0,0.3686
2010-08-13,BRITANNIA,EQ,2099.75,2134.0,2135.0,2082.1,2097.0,2103.4,2123.77,60989,12952651150000.0,,54573.0,0.8948
2010-08-16,BRITANNIA,EQ,2103.4,2098.0,2104.0,2003.0,2040.0,2051.4,2069.7,11209,2319931875000.0,,4848.0,0.4325
2010-08-17,BRITANNIA,EQ,2051.4,2094.95,2094.95,2008.0,2024.95,2019.45,2044.42,5908,1207845995000.0,,3204.0,0.5423
2010-08-18,BRITANNIA,EQ,2019.45,2050.0,2075.0,1991.1,2005.0,2004.7,2024.55,11278,2283288350000.0,,4252.0,0.37700000000000006
2010-08-19,BRITANNIA,EQ,2004.7,2021.0,2048.75,1997.3,2008.0,2004.25,2016.78,5643,1138067975000.0,,2309.0,0.4092
2010-08-20,BRITANNIA,EQ,2004.25,1984.0,2054.0,1984.0,2040.3,2043.95,2028.19,10331,2095326005000.0,,3839.0,0.3716
2010-08-23,BRITANNIA,EQ,2043.95,2024.0,2091.0,2024.0,2034.0,2036.6,2060.37,15695,3233745615000.0,,5829.0,0.3714
2010-08-24,BRITANNIA,EQ,2036.6,2040.0,2075.0,2024.0,2025.0,2029.1,2048.86,11269,2308860280000.0,,5886.0,0.5223
2010-08-25,BRITANNIA,EQ,2029.1,2039.9,2058.95,2000.0,2014.1,2012.1,2029.21,6436,1306000670000.0,,2465.0,0.383
2010-08-26,BRITANNIA,EQ,2012.1,2048.0,2048.0,2005.0,2021.0,2022.3,2024.54,3987,807184610000.0,,1409.0,0.35340000000000005
2010-08-27,BRITANNIA,EQ,2022.3,2037.95,2037.95,2000.0,2008.95,2005.6,2014.27,3907,786974210000.0,,2246.0,0.5749000000000001
2010-08-30,BRITANNIA,EQ,2005.6,2018.0,2050.0,2002.0,2038.0,2022.0,2019.32,11736,2369879480000.0,,8018.0,0.6831999999999999
2010-08-31,BRITANNIA,EQ,2022.0,2015.0,2069.4,2005.0,2064.0,2049.75,2037.51,11902,2425044955000.0,,7849.0,0.6595000000000001
2010-09-01,BRITANNIA,EQ,2049.75,2064.0,2075.0,2040.35,2051.0,2055.9,2057.7,7328,1507884935000.0,,3164.0,0.4318
2010-09-02,BRITANNIA,EQ,2055.9,2060.0,2072.0,2040.0,2045.0,2053.25,2055.79,3033,623520335000.0,,1464.0,0.4827
2010-09-03,BRITANNIA,EQ,2053.25,2048.1,2075.0,2048.1,2055.1,2056.7,2063.74,3881,800937420000.0,,2066.0,0.5323
2010-09-06,BRITANNIA,EQ,2056.7,2067.95,2097.0,2060.0,2089.9,2081.8,2086.25,6851,1429290890000.0,,4175.0,0.6093999999999999
2010-09-07,BRITANNIA,EQ,2081.8,2090.0,2155.1,2090.0,2117.0,2123.25,2124.35,17984,3820428275000.0,,7735.0,0.4301
2010-09-08,BRITANNIA,EQ,2123.25,430.25,499.0,425.15,484.0,482.75,477.62,532286,25423010595000.0,,93059.0,0.1748
2010-09-09,BRITANNIA,EQ,482.75,490.1,534.9,478.15,487.0,482.6,507.53,1312230,66600235540000.0,,298464.0,0.2274
2010-09-13,BRITANNIA,EQ,482.6,475.0,494.65,451.6,472.5,472.25,477.87,278551,13311142800000.0,,86583.0,0.31079999999999997
2010-09-14,BRITANNIA,EQ,472.25,473.0,474.8,445.0,450.0,448.05,455.34,245092,11160032465000.0,,116786.0,0.4765
2010-09-15,BRITANNIA,EQ,448.05,450.0,455.0,440.1,444.0,445.75,448.41,234394,10510354255000.0,,91333.0,0.3897
2010-09-16,BRITANNIA,EQ,445.75,449.5,452.85,431.25,433.05,433.45,441.23,139548,6157313470000.0,,60431.0,0.433
2010-09-17,BRITANNIA,EQ,433.45,435.0,437.95,425.0,427.0,428.25,429.33,199780,8577181370000.0,,78176.0,0.39130000000000004
2010-09-20,BRITANNIA,EQ,428.25,431.75,446.0,429.0,440.0,435.95,436.94,228410,9980149030000.0,,73675.0,0.3226
2010-09-21,BRITANNIA,EQ,435.95,439.75,446.0,432.1,434.0,434.65,438.92,199802,8769754830000.0,,80132.0,0.4011
2010-09-22,BRITANNIA,EQ,434.65,434.1,444.0,431.05,432.6,434.05,436.7,132221,5774148265000.0,,51002.0,0.3857
2010-09-23,BRITANNIA,EQ,434.05,437.9,437.9,427.0,428.0,428.1,429.78,69280,2977548965000.0,,35515.0,0.5126
2010-09-24,BRITANNIA,EQ,428.1,430.0,434.0,426.05,429.0,428.7,432.39,360592,15591777344999.998,,302562.0,0.8391
2010-09-27,BRITANNIA,EQ,428.7,434.9,434.9,427.0,428.0,428.7,431.03,69731,3005582525000.0,,36359.0,0.5214
2010-09-28,BRITANNIA,EQ,428.7,425.0,443.0,425.0,435.0,434.45,437.49,287856,12593545135000.0,,80539.0,0.2798
2010-09-29,BRITANNIA,EQ,434.45,434.45,439.95,429.0,431.1,430.5,434.63,112035,4869384235000.0,,63976.0,0.5710000000000001
2010-09-30,BRITANNIA,EQ,430.5,431.0,440.0,427.0,438.0,437.95,434.21,100252,4353084065000.0,,57879.0,0.5773
2010-10-01,BRITANNIA,EQ,437.95,435.15,443.95,435.0,436.0,436.65,438.35,75416,3305839385000.0,,29084.0,0.38560000000000005
2010-10-04,BRITANNIA,EQ,436.65,437.0,439.75,431.0,432.2,432.05,434.32,53150,2308415580000.0,,28779.0,0.5415
2010-10-05,BRITANNIA,EQ,432.05,431.5,439.5,430.05,431.6,432.6,435.4,64986,2829481690000.0,,22088.0,0.33990000000000004
2010-10-06,BRITANNIA,EQ,432.6,436.0,438.0,433.1,436.0,435.05,435.4,53764,2340879265000.0,,32057.0,0.5963
2010-10-07,BRITANNIA,EQ,435.05,436.0,452.9,435.1,441.0,441.1,445.46,294521,13119661875000.0,,141642.0,0.48090000000000005
2010-10-08,BRITANNIA,EQ,441.1,441.5,445.7,439.55,440.25,441.0,442.01,91180,4030232704999.9995,,43222.0,0.474
2010-10-11,BRITANNIA,EQ,441.0,441.0,446.0,439.0,445.1,445.15,443.98,57923,2571647695000.0,,32293.0,0.5575
2010-10-12,BRITANNIA,EQ,445.15,445.0,447.5,440.1,446.95,445.95,444.42,46973,2087577489999.9998,,34991.0,0.7449
2010-10-13,BRITANNIA,EQ,445.95,445.0,446.0,435.6,436.0,437.45,440.03,35353,1555637940000.0,,21868.0,0.6186
2010-10-14,BRITANNIA,EQ,437.45,440.6,442.9,435.0,435.95,435.45,438.21,25909,1135351470000.0,,14470.0,0.5585
2010-10-15,BRITANNIA,EQ,435.45,435.5,440.95,426.05,429.0,429.55,434.18,37862,1643889055000.0,,14493.0,0.38280000000000003
2010-10-18,BRITANNIA,EQ,429.55,431.0,431.8,420.4,423.15,423.9,424.93,22280,946739975000.0,,11044.0,0.49570000000000003
2010-10-19,BRITANNIA,EQ,423.9,425.2,429.9,420.25,424.3,424.35,426.78,20157,860253140000.0,,10160.0,0.504
2010-10-20,BRITANNIA,EQ,424.35,424.05,429.4,424.05,426.1,426.1,425.7,55762,2373798605000.0,,44183.0,0.7923
2010-10-21,BRITANNIA,EQ,426.1,428.7,433.8,425.0,428.0,430.45,428.73,30470,1306344620000.0,,9682.0,0.3178
2010-10-22,BRITANNIA,EQ,430.45,430.0,431.9,425.0,426.5,425.8,427.43,19085,815758175000.0,,11368.0,0.5957
2010-10-25,BRITANNIA,EQ,425.8,426.0,429.0,422.6,423.1,425.05,425.44,30330,1290371005000.0,,18129.0,0.5977
2010-10-26,BRITANNIA,EQ,425.05,425.5,427.9,418.5,420.0,419.45,422.06,30780,1299095605000.0,,19251.0,0.6254
2010-10-27,BRITANNIA,EQ,419.45,423.9,424.7,415.0,416.6,415.9,418.65,26321,1101931690000.0,,13286.0,0.5048
2010-10-28,BRITANNIA,EQ,415.9,415.0,424.85,415.0,421.4,421.15,419.69,24339,1021483410000.0,,11359.0,0.4667
2010-10-29,BRITANNIA,EQ,421.15,418.1,424.75,411.1,412.9,413.65,416.52,21535,896977960000.0,,13552.0,0.6293
2010-11-01,BRITANNIA,EQ,413.65,414.0,419.9,409.2,412.0,413.15,415.7,19842,824829685000.0,,12016.0,0.6056
2010-11-02,BRITANNIA,EQ,413.15,416.9,416.9,408.0,413.05,413.6,413.06,27041,1116963420000.0,,12471.0,0.4612
2010-11-03,BRITANNIA,EQ,413.6,414.35,418.0,414.0,415.1,415.75,415.1,15320,635931750000.0,,8334.0,0.544
2010-11-04,BRITANNIA,EQ,415.75,415.1,417.8,410.0,414.0,413.75,413.5,22006,909937765000.0,,13409.0,0.6093000000000001
2010-11-05,BRITANNIA,EQ,413.75,416.0,423.9,416.0,421.25,421.9,420.78,12741,536115955000.0,,8476.0,0.6653
2010-11-08,BRITANNIA,EQ,421.9,420.0,422.0,415.0,420.0,418.75,418.88,217100,9093793460000.0,,209463.0,0.9648000000000001
2010-11-09,BRITANNIA,EQ,418.75,420.0,448.0,418.75,440.0,440.35,436.88,194901,8514872640000.001,,56797.0,0.2914
2010-11-10,BRITANNIA,EQ,440.35,441.65,452.0,436.6,438.95,438.65,444.27,125288,5566114155000.0,,55721.0,0.4447
2010-11-11,BRITANNIA,EQ,438.65,427.5,444.7,412.3,429.5,431.65,434.27,173533,7536037680000.0,,54172.0,0.3122
2010-11-12,BRITANNIA,EQ,431.65,434.0,436.85,422.05,423.0,423.9,430.65,65289,2811669260000.0,,38218.0,0.5854
2010-11-15,BRITANNIA,EQ,423.9,425.0,427.0,410.1,415.0,413.95,417.08,39828,1661159715000.0,,30045.0,0.7544
2010-11-16,BRITANNIA,EQ,413.95,418.0,422.75,408.1,409.0,410.45,414.89,33183,1376726890000.0,,18422.0,0.5552
2010-11-18,BRITANNIA,EQ,410.45,415.0,450.0,406.2,409.6,410.1,413.6,44138,1825557689999.9998,,22926.0,0.5194
2010-11-19,BRITANNIA,EQ,410.1,410.5,413.9,398.35,405.0,406.15,406.22,73684,2993183200000.0,,36936.0,0.5013000000000001
2010-11-22,BRITANNIA,EQ,406.15,410.0,411.0,403.05,405.0,405.4,406.58,13419,545589450000.0,,7108.0,0.5297
2010-11-23,BRITANNIA,EQ,405.4,410.0,410.0,397.0,400.0,398.5,401.56,36731,1474963335000.0,,19225.0,0.5234000000000001
2010-11-24,BRITANNIA,EQ,398.5,405.5,405.5,395.0,398.0,398.25,401.05,17037,683276070000.0,,9996.0,0.5867
2010-11-25,BRITANNIA,EQ,398.25,398.25,402.0,390.1,393.9,393.0,396.78,19411,770180280000.0,,9623.0,0.49570000000000003
2010-11-26,BRITANNIA,EQ,393.0,393.0,399.0,391.05,392.5,392.6,392.51,30766,1207595405000.0,,23687.0,0.7698999999999999
2010-11-29,BRITANNIA,EQ,392.6,398.9,409.9,395.0,403.0,402.85,403.69,43257,1746229595000.0,,17986.0,0.4158
2010-11-30,BRITANNIA,EQ,402.85,402.0,410.8,391.05,398.0,402.45,405.1,34896,1413623025000.0,,19791.0,0.5671
2010-12-01,BRITANNIA,EQ,402.45,403.0,413.85,398.0,412.0,410.3,409.48,36559,1497033245000.0,,18699.0,0.5115
2010-12-02,BRITANNIA,EQ,410.3,414.0,414.9,410.05,412.6,412.45,412.36,15437,636565865000.0,,11905.0,0.7712000000000001
2010-12-03,BRITANNIA,EQ,412.45,413.0,415.0,390.0,396.65,398.9,402.18,29864,1201055470000.0,,22457.0,0.752
2010-12-06,BRITANNIA,EQ,398.9,405.0,407.0,397.0,400.6,404.55,404.62,27961,1131366840000.0,,18397.0,0.658
2010-12-07,BRITANNIA,EQ,404.55,405.65,405.85,398.1,400.2,400.45,400.73,12394,496669759999.99994,,7637.0,0.6162
2010-12-08,BRITANNIA,EQ,400.45,400.1,413.0,398.0,413.0,411.15,408.14,33409,1363545600000.0,,20270.0,0.6067
2010-12-09,BRITANNIA,EQ,411.15,407.0,415.65,398.0,401.8,400.05,401.22,126020,5056139390000.0,,116185.0,0.922
2010-12-10,BRITANNIA,EQ,400.05,400.0,405.0,397.85,403.0,402.35,402.02,17315,696101460000.0,,11964.0,0.691
2010-12-13,BRITANNIA,EQ,402.35,403.0,411.0,402.7,406.0,405.6,406.18,11124,451834175000.0,,7634.0,0.6863
2010-12-14,BRITANNIA,EQ,405.6,405.0,410.0,404.0,405.0,405.3,406.13,6200,251800370000.00003,,4289.0,0.6918000000000001
2010-12-15,BRITANNIA,EQ,405.3,409.0,409.0,405.0,407.5,405.75,405.57,6415,260172179999.99997,,4453.0,0.6942
2010-12-16,BRITANNIA,EQ,405.75,408.0,408.0,403.0,408.0,404.55,404.84,33958,1374743530000.0,,31610.0,0.9309000000000001
2010-12-20,BRITANNIA,EQ,404.55,401.0,407.95,397.4,397.4,399.5,399.54,1054029,42113115070000.0,,1047620.0,0.9939
2010-12-21,BRITANNIA,EQ,399.5,401.0,408.65,399.0,403.9,404.0,404.59,134750,5451792315000.0,,115483.0,0.8570000000000001
2010-12-22,BRITANNIA,EQ,404.0,405.0,407.85,400.05,400.05,401.1,403.94,87901,3550633604999.9995,,82696.0,0.9408
2010-12-23,BRITANNIA,EQ,401.1,401.5,403.3,397.0,399.95,397.85,399.41,6463,258140590000.0,,4075.0,0.6305
2010-12-24,BRITANNIA,EQ,397.85,398.5,401.0,395.0,396.0,396.75,398.35,7115,283428170000.0,,4347.0,0.611
2010-12-27,BRITANNIA,EQ,396.75,400.4,406.0,394.0,396.35,395.35,397.62,9353,371893285000.0,,6350.0,0.6789000000000001
2010-12-28,BRITANNIA,EQ,395.35,401.0,401.0,396.1,399.0,398.9,398.11,6971,277525745000.0,,4928.0,0.7069
2010-12-29,BRITANNIA,EQ,398.9,396.7,404.0,396.7,399.95,399.8,401.01,53631,2150655235000.0002,,47450.0,0.8847
2010-12-30,BRITANNIA,EQ,399.8,399.8,408.0,396.8,401.0,401.4,402.87,23164,933198500000.0,,15733.0,0.6792
2010-12-31,BRITANNIA,EQ,401.4,401.8,422.0,399.0,420.0,413.5,411.04,31872,1310069775000.0,,22518.0,0.7065
2011-01-03,BRITANNIA,EQ,413.5,412.0,423.7,406.0,409.7,409.35,412.57,21101,870557219999.9999,,11678.0,0.5534
2011-01-04,BRITANNIA,EQ,409.35,409.0,417.0,408.1,409.85,409.6,412.17,229832,9473072050000.0,,221170.0,0.9623
2011-01-05,BRITANNIA,EQ,409.6,408.0,413.2,404.95,411.05,410.0,407.66,229777,9367102855000.0,,209942.0,0.9137000000000001
2011-01-06,BRITANNIA,EQ,410.0,410.0,410.0,395.05,401.5,401.65,402.88,17709,713468280000.0,,7197.0,0.40640000000000004
2011-01-07,BRITANNIA,EQ,401.65,401.65,403.7,395.0,398.0,395.8,398.2,10147,404054730000.0,,7021.0,0.6919
2011-01-10,BRITANNIA,EQ,395.8,397.0,397.0,385.0,385.1,385.95,388.93,17943,697863155000.0,,12493.0,0.6962999999999999
2011-01-11,BRITANNIA,EQ,385.95,390.0,390.0,373.0,375.0,374.8,380.18,20761,789282360000.0,,13255.0,0.6385000000000001
2011-01-12,BRITANNIA,EQ,374.8,378.0,379.95,368.0,372.0,373.85,372.83,41881,1561444350000.0,,27300.0,0.6518
2011-01-13,BRITANNIA,EQ,373.85,371.0,378.0,370.0,370.0,372.0,374.46,14998,561618845000.0,,9886.0,0.6592
2011-01-14,BRITANNIA,EQ,372.0,376.45,376.45,365.2,365.2,368.3,372.72,35977,1340925975000.0,,24545.0,0.6822
2011-01-17,BRITANNIA,EQ,368.3,368.55,373.95,352.0,353.0,354.9,359.54,25405,913410644999.9999,,15184.0,0.5977
2011-01-18,BRITANNIA,EQ,354.9,365.0,365.0,354.0,354.0,355.95,358.04,20290,726462000000.0,,12533.0,0.6177
2011-01-19,BRITANNIA,EQ,355.95,363.1,368.45,351.0,356.2,354.3,357.18,23745,848124710000.0,,13137.0,0.5533
2011-01-20,BRITANNIA,EQ,354.3,358.0,398.7,351.0,383.9,388.15,380.18,73826,2806753490000.0,,24237.0,0.3283
2011-01-21,BRITANNIA,EQ,388.15,390.0,390.0,370.0,371.85,372.85,381.49,56705,2163263625000.0,,24478.0,0.43170000000000003
2011-01-24,BRITANNIA,EQ,372.85,370.2,383.0,369.0,372.8,373.2,372.53,45725,1703381130000.0,,33100.0,0.7239
2011-01-25,BRITANNIA,EQ,373.2,376.0,380.95,372.9,375.1,373.85,375.44,10539,395675285000.0,,5929.0,0.5626
2011-01-27,BRITANNIA,EQ,373.85,373.0,379.95,368.15,373.0,371.8,374.01,16534,618383670000.0,,11497.0,0.6954000000000001
2011-01-28,BRITANNIA,EQ,371.8,373.95,375.0,365.1,365.15,368.35,373.19,47161,1760002420000.0,,39764.0,0.8432
2011-01-31,BRITANNIA,EQ,368.35,371.9,382.0,365.0,380.95,378.3,375.88,40928,1538416130000.0,,26049.0,0.6365
2011-02-01,BRITANNIA,EQ,378.3,372.0,381.9,368.1,376.0,376.15,376.83,9467,356741995000.0,,4433.0,0.4683
2011-02-02,BRITANNIA,EQ,376.15,379.0,394.7,364.65,367.0,366.15,377.08,45538,1717134070000.0,,18700.0,0.4106
2011-02-03,BRITANNIA,EQ,366.15,366.3,373.9,364.0,371.0,369.35,370.64,24309,900991360000.0,,20802.0,0.8556999999999999
2011-02-04,BRITANNIA,EQ,369.35,372.0,372.0,361.0,362.9,362.8,367.87,19720,725449195000.0,,14901.0,0.7556
2011-02-07,BRITANNIA,EQ,362.8,361.5,365.9,355.0,357.35,356.8,358.51,9882,354281475000.0,,5344.0,0.5408
2011-02-08,BRITANNIA,EQ,356.8,356.0,372.8,351.05,354.1,359.05,365.2,89832,3280639695000.0,,18404.0,0.2049
2011-02-09,BRITANNIA,EQ,359.05,359.5,365.0,345.3,362.0,355.55,354.2,97675,3459638950000.0,,80702.0,0.8262
2011-02-10,BRITANNIA,EQ,355.55,353.0,360.0,345.2,345.25,345.8,350.37,36412,1275773270000.0,,26539.0,0.7289
2011-02-11,BRITANNIA,EQ,345.8,346.0,352.0,341.0,350.0,349.45,346.51,19303,668860970000.0,,9941.0,0.515
2011-02-14,BRITANNIA,EQ,349.45,350.0,374.0,350.0,361.15,362.55,365.87,57994,2121801689999.9998,,9426.0,0.1625
2011-02-15,BRITANNIA,EQ,362.55,365.0,369.0,360.2,363.0,362.9,362.95,69850,2535205070000.0,,61926.0,0.8865999999999999
2011-02-16,BRITANNIA,EQ,362.9,366.0,366.9,360.0,362.95,362.4,363.68,10504,382012620000.0,,4413.0,0.4201
2011-02-17,BRITANNIA,EQ,362.4,362.95,366.05,361.0,362.8,361.75,363.15,13237,480698550000.0,,5807.0,0.4387
2011-02-18,BRITANNIA,EQ,361.75,364.0,372.0,360.0,372.0,368.1,367.04,43744,1605584630000.0,,34901.0,0.7978000000000001
2011-02-21,BRITANNIA,EQ,368.1,366.0,370.4,358.2,361.3,360.05,363.85,8741,318044865000.0,,4848.0,0.5546
2011-02-22,BRITANNIA,EQ,360.05,362.0,365.65,357.6,359.0,359.4,361.29,9121,329531610000.0,,3255.0,0.3569
2011-02-23,BRITANNIA,EQ,359.4,360.0,366.25,356.5,357.55,358.1,360.54,16085,579933390000.0,,5066.0,0.315
2011-02-24,BRITANNIA,EQ,358.1,362.0,365.0,354.0,360.0,355.65,357.85,15407,551336125000.0,,8193.0,0.5318
2011-02-25,BRITANNIA,EQ,355.65,356.0,358.3,346.0,346.0,346.6,349.69,13749,480786625000.0,,8146.0,0.5925
2011-02-28,BRITANNIA,EQ,346.6,347.0,357.0,333.0,336.95,336.35,339.86,49593,1685489120000.0,,29863.0,0.6022
2011-03-01,BRITANNIA,EQ,336.35,340.0,348.0,339.05,343.85,343.1,343.14,22451,770381775000.0,,11524.0,0.5133
2011-03-03,BRITANNIA,EQ,343.1,344.0,350.0,344.0,346.0,346.5,346.43,18219,631169515000.0,,13199.0,0.7245
2011-03-04,BRITANNIA,EQ,346.5,346.95,350.95,343.0,345.0,344.45,346.64,9778,338946710000.0,,4834.0,0.4944
2011-03-07,BRITANNIA,EQ,344.45,345.5,347.7,342.1,347.6,345.75,346.63,31901,1105786975000.0,,26872.0,0.8423999999999999
2011-03-08,BRITANNIA,EQ,345.75,347.0,350.9,346.15,349.7,347.9,348.58,6654,231947150000.0,,3165.0,0.4757
2011-03-09,BRITANNIA,EQ,347.9,347.9,353.0,347.9,349.2,349.85,350.33,10038,351661745000.0,,5647.0,0.5626
2011-03-10,BRITANNIA,EQ,349.85,349.2,353.0,346.5,351.4,350.8,349.93,6100,213459820000.00003,,3899.0,0.6392
2011-03-11,BRITANNIA,EQ,350.8,345.0,363.6,345.0,354.0,355.55,355.61,56809,2020211010000.0002,,37327.0,0.6570999999999999
2011-03-14,BRITANNIA,EQ,355.55,356.1,357.85,353.0,355.0,355.75,355.4,9303,330624020000.0,,6478.0,0.6962999999999999
2011-03-15,BRITANNIA,EQ,355.75,354.0,364.5,351.0,360.4,359.05,357.67,28105,1005229225000.0,,16403.0,0.5836
2011-03-16,BRITANNIA,EQ,359.05,362.0,364.8,358.8,361.0,360.35,360.88,8437,304474115000.0,,6205.0,0.7354999999999999
2011-03-17,BRITANNIA,EQ,360.35,360.0,362.0,357.0,359.75,359.9,360.07,17550,631915300000.0,,15042.0,0.8571
2011-03-18,BRITANNIA,EQ,359.9,357.05,363.8,351.65,356.5,355.4,355.17,8252,293084390000.0,,4937.0,0.5982999999999999
2011-03-21,BRITANNIA,EQ,355.4,356.7,359.6,348.2,352.5,352.75,355.27,8075,286878590000.0,,4284.0,0.5305
2011-03-22,BRITANNIA,EQ,352.75,354.0,356.05,349.0,350.0,350.65,352.91,26640,940149610000.0,,17573.0,0.6596
2011-03-23,BRITANNIA,EQ,350.65,351.0,352.65,345.2,345.2,349.35,349.93,17932,627487540000.0,,7909.0,0.4411
2011-03-24,BRITANNIA,EQ,349.35,350.05,353.5,344.5,350.5,350.8,350.09,23510,823072900000.0,,13633.0,0.5799000000000001
2011-03-25,BRITANNIA,EQ,350.8,352.0,359.0,346.1,353.0,354.4,354.65,125099,4436585875000.0,,116149.0,0.9285
2011-03-28,BRITANNIA,EQ,354.4,356.05,361.0,355.0,358.5,360.1,358.75,11723,420565134999.99994,,6361.0,0.5426
2011-03-29,BRITANNIA,EQ,360.1,357.15,361.9,353.2,353.2,354.85,357.68,9914,354605725000.0,,6921.0,0.6981
2011-03-30,BRITANNIA,EQ,354.85,357.9,367.0,355.5,365.15,366.0,362.33,17668,640166785000.0,,12483.0,0.7065
2011-03-31,BRITANNIA,EQ,366.0,366.0,375.2,360.0,371.9,372.5,370.18,43774,1620411315000.0,,29778.0,0.6803
2011-04-01,BRITANNIA,EQ,372.5,369.5,375.0,366.0,372.85,372.1,369.95,11058,409087930000.0,,5263.0,0.47590000000000005
2011-04-04,BRITANNIA,EQ,372.1,372.3,374.0,370.0,372.9,371.75,371.33,6939,257663254999.99997,,3576.0,0.5153
2011-04-05,BRITANNIA,EQ,371.75,376.8,376.8,362.6,363.0,365.8,368.25,15335,564715435000.0,,8823.0,0.5754
2011-04-06,BRITANNIA,EQ,365.8,363.55,369.85,363.0,365.0,366.05,367.0,8185,300385755000.0,,4431.0,0.5414
2011-04-07,BRITANNIA,EQ,366.05,366.3,370.0,366.1,367.85,366.95,368.12,5848,215279100000.0,,2957.0,0.5056
2011-04-08,BRITANNIA,EQ,366.95,369.9,388.65,366.1,375.5,376.05,380.9,96261,3666614229999.9995,,29112.0,0.3024
2011-04-11,BRITANNIA,EQ,376.05,370.0,387.25,370.0,378.75,378.4,380.74,49224,1874154564999.9998,,29882.0,0.6071
2011-04-13,BRITANNIA,EQ,378.4,381.0,402.0,376.1,384.15,385.7,390.48,229263,8952289440000.0,,79516.0,0.3468
2011-04-15,BRITANNIA,EQ,385.7,388.0,395.0,382.9,388.15,389.25,389.89,59626,2324748035000.0,,30006.0,0.5032
2011-04-18,BRITANNIA,EQ,389.25,388.0,393.9,374.6,379.0,377.1,385.45,38522,1484847675000.0,,23336.0,0.6058
2011-04-19,BRITANNIA,EQ,377.1,380.85,380.9,372.5,373.75,374.0,376.1,19236,723466645000.0,,9450.0,0.4913
2011-04-20,BRITANNIA,EQ,374.0,376.85,391.8,376.85,380.0,380.6,385.94,107018,4130200885000.0,,27544.0,0.25739999999999996
2011-04-21,BRITANNIA,EQ,380.6,385.0,389.75,380.0,382.1,381.45,385.31,46163,1778700510000.0002,,19653.0,0.4257
2011-04-25,BRITANNIA,EQ,381.45,382.1,385.7,376.5,378.55,379.9,381.9,36523,1394795245000.0,,15598.0,0.42710000000000004
2011-04-26,BRITANNIA,EQ,379.9,383.9,383.9,379.6,380.0,380.4,380.69,20304,772944085000.0,,12822.0,0.6315
2011-04-27,BRITANNIA,EQ,380.4,384.9,384.9,375.0,378.0,378.2,380.26,22760,865460690000.0,,16186.0,0.7112
2011-04-28,BRITANNIA,EQ,378.2,380.05,382.8,377.05,378.0,379.75,378.95,15649,593016020000.0,,10846.0,0.6931
2011-04-29,BRITANNIA,EQ,379.75,379.1,381.0,368.0,370.0,369.3,374.59,88787,3325890935000.0,,77270.0,0.8703000000000001
2011-05-02,BRITANNIA,EQ,369.3,371.8,371.8,363.3,364.75,364.8,367.36,10441,383561105000.0,,6529.0,0.6253000000000001
2011-05-03,BRITANNIA,EQ,364.8,362.3,367.45,360.15,366.0,362.85,364.12,17735,645765770000.0,,11304.0,0.6374000000000001
2011-05-04,BRITANNIA,EQ,362.85,365.25,365.8,358.0,361.1,362.65,360.79,16216,585051035000.0,,9319.0,0.5747
2011-05-05,BRITANNIA,EQ,362.65,362.15,367.6,358.3,363.0,363.4,363.45,14358,521845230000.0,,10710.0,0.7459
2011-05-06,BRITANNIA,EQ,363.4,367.9,372.2,362.6,372.0,370.65,366.42,9934,363999015000.0,,6610.0,0.6654000000000001
2011-05-09,BRITANNIA,EQ,370.65,371.2,374.45,367.5,369.75,368.95,370.26,7504,277846655000.0,,3900.0,0.5197
2011-05-10,BRITANNIA,EQ,368.95,370.0,442.75,295.2,383.5,367.9,368.03,879188,32356925055000.0,,118284.0,0.1345
2011-05-11,BRITANNIA,EQ,367.9,388.8,404.4,373.0,377.0,377.2,390.16,343593,13405578880000.0,,67247.0,0.1957
2011-05-12,BRITANNIA,EQ,377.2,377.0,380.9,370.5,371.5,372.65,376.02,37796,1421200260000.0,,11947.0,0.3161
2011-05-13,BRITANNIA,EQ,372.65,370.05,375.0,370.0,371.8,371.2,372.69,17087,636811215000.0,,7867.0,0.4604
2011-05-16,BRITANNIA,EQ,371.2,370.0,382.8,367.0,377.0,375.1,374.39,51145,1914821870000.0,,33413.0,0.6533
2011-05-17,BRITANNIA,EQ,375.1,384.0,384.0,371.6,375.0,374.95,372.79,53852,2007568745000.0,,43211.0,0.8024
2011-05-18,BRITANNIA,EQ,374.95,378.85,380.0,373.0,377.0,377.35,376.88,107413,4048173729999.9995,,101952.0,0.9492
2011-05-19,BRITANNIA,EQ,377.35,378.0,384.0,376.0,381.3,382.25,380.98,35234,1342357525000.0,,27787.0,0.7886
2011-05-20,BRITANNIA,EQ,382.25,384.95,384.95,378.5,382.95,382.05,382.7,14534,556222625000.0,,8731.0,0.6007
2011-05-23,BRITANNIA,EQ,382.05,372.35,397.0,372.35,384.35,385.05,386.65,61579,2380935985000.0,,32629.0,0.5299
2011-05-24,BRITANNIA,EQ,385.05,381.25,399.7,381.25,395.0,394.1,393.34,82362,3239622320000.0,,40732.0,0.49450000000000005
2011-05-25,BRITANNIA,EQ,394.1,390.1,399.5,390.1,395.0,395.4,394.87,72893,2878313000000.0,,54051.0,0.7415
2011-05-26,BRITANNIA,EQ,395.4,393.25,395.8,388.05,391.0,391.75,391.69,9032,353775080000.0,,4638.0,0.5135000000000001
2011-05-27,BRITANNIA,EQ,391.75,391.75,398.35,382.7,386.0,391.05,393.84,133216,5246620050000.0,,32590.0,0.2446
2011-05-30,BRITANNIA,EQ,391.05,395.85,412.0,385.5,410.0,409.75,402.89,215272,8673129905000.0,,121266.0,0.5633
2011-05-31,BRITANNIA,EQ,409.75,412.0,425.0,408.3,422.0,420.5,416.18,132505,5514634765000.0,,68898.0,0.52
2011-06-01,BRITANNIA,EQ,420.5,422.0,429.0,417.1,420.95,421.15,422.76,100155,4234167740000.0,3553.0,40154.0,0.40090000000000003
2011-06-02,BRITANNIA,EQ,421.15,416.9,436.3,414.4,435.0,431.9,427.9,135819,5811711870000.0,3816.0,78060.0,0.5747
2011-06-03,BRITANNIA,EQ,431.9,434.8,451.0,434.75,445.55,445.05,444.82,219260,9753128685000.0,8911.0,70825.0,0.32299999999999995
2011-06-06,BRITANNIA,EQ,445.05,447.25,452.0,433.15,448.05,447.65,445.76,90153,4018641079999.9995,3540.0,36602.0,0.406
2011-06-07,BRITANNIA,EQ,447.65,448.4,448.4,441.1,446.9,445.95,445.28,42569,1895502485000.0002,1688.0,25938.0,0.6093000000000001
2011-06-08,BRITANNIA,EQ,445.95,440.1,447.85,440.1,445.0,445.0,444.61,21300,947015690000.0,1085.0,14293.0,0.6709999999999999
2011-06-09,BRITANNIA,EQ,445.0,447.0,450.0,439.0,441.9,442.9,448.24,77374,3468249954999.9995,1338.0,67777.0,0.876
2011-06-10,BRITANNIA,EQ,442.9,444.8,447.0,436.0,445.0,443.5,440.58,21588,951133100000.0,1287.0,12057.0,0.5585
2011-06-13,BRITANNIA,EQ,443.5,442.5,450.0,439.05,447.0,447.05,445.44,41073,1829561355000.0,1561.0,23809.0,0.5797
2011-06-14,BRITANNIA,EQ,447.05,444.05,485.0,444.0,472.05,470.7,469.9,379196,17818467155000.0,15159.0,86936.0,0.2293
2011-06-15,BRITANNIA,EQ,470.7,471.95,481.0,461.0,469.0,465.45,472.0,77680,3666517400000.0,3604.0,27380.0,0.3525
2011-06-16,BRITANNIA,EQ,465.45,461.0,477.0,459.0,472.2,471.6,469.64,151549,7117390475000.0,3724.0,111485.0,0.7356
2011-06-17,BRITANNIA,EQ,471.6,474.0,487.0,467.0,470.0,470.35,478.01,167180,7991383384999.999,4393.0,73165.0,0.4376
2011-06-20,BRITANNIA,EQ,470.35,470.0,479.0,460.15,470.8,470.45,469.1,67815,3181184180000.0,3822.0,36978.0,0.5453
2011-06-21,BRITANNIA,EQ,470.45,474.4,480.0,464.0,472.0,472.05,473.81,104662,4958964080000.0,3584.0,63193.0,0.6038
2011-06-22,BRITANNIA,EQ,472.05,475.0,475.0,456.6,458.0,460.2,466.16,83845,3908500029999.9995,4292.0,58359.0,0.696
2011-06-23,BRITANNIA,EQ,460.2,460.7,464.9,448.0,457.9,456.15,454.96,47095,2142638989999.9998,2747.0,25431.0,0.54
2011-06-24,BRITANNIA,EQ,456.15,451.1,467.8,430.25,464.3,465.4,461.61,46265,2135637514999.9998,2074.0,15722.0,0.3398
2011-06-27,BRITANNIA,EQ,465.4,451.0,473.9,451.0,465.0,466.0,466.49,37449,1746960495000.0,2007.0,15375.0,0.4106
2011-06-28,BRITANNIA,EQ,466.0,470.0,473.0,465.0,467.0,467.9,469.55,22232,1043913944999.9999,941.0,12658.0,0.5694
2011-06-29,BRITANNIA,EQ,467.9,467.95,484.0,467.95,473.0,473.45,474.51,94930,4504542430000.0,2531.0,49563.0,0.5221
2011-06-30,BRITANNIA,EQ,473.45,478.0,483.8,475.05,479.0,479.2,479.61,74300,3563504045000.0005,2070.0,33952.0,0.457
2011-07-01,BRITANNIA,EQ,479.2,479.2,498.2,479.2,487.8,487.6,489.48,99371,4863973965000.0,5139.0,33309.0,0.33520000000000005
2011-07-04,BRITANNIA,EQ,487.6,491.9,497.5,485.25,487.4,487.25,490.88,59786,2934757620000.0,3990.0,31431.0,0.5257000000000001
2011-07-05,BRITANNIA,EQ,487.25,487.05,491.05,482.55,484.5,483.9,486.85,21543,1048814805000.0001,1420.0,12038.0,0.5588000000000001
2011-07-06,BRITANNIA,EQ,483.9,483.05,490.0,482.45,483.0,485.05,486.1,41321,2008633410000.0002,1049.0,29669.0,0.718
2011-07-07,BRITANNIA,EQ,485.05,486.0,494.6,483.0,484.0,484.55,489.23,35805,1751671789999.9998,1898.0,15769.0,0.4404
2011-07-08,BRITANNIA,EQ,484.55,485.5,489.4,473.3,478.5,477.3,482.49,50777,2449924765000.0,1427.0,26374.0,0.5194
2011-07-11,BRITANNIA,EQ,477.3,477.2,482.0,474.6,477.5,477.1,477.82,13406,640565105000.0,745.0,7228.0,0.5392
2011-07-12,BRITANNIA,EQ,477.1,477.7,478.5,468.6,472.7,471.4,474.04,22317,1057919330000.0001,1209.0,14653.0,0.6566
2011-07-13,BRITANNIA,EQ,471.4,478.0,479.4,470.0,472.0,474.65,475.59,42901,2040348750000.0,1165.0,28825.0,0.6718999999999999
2011-07-14,BRITANNIA,EQ,474.65,437.65,484.5,437.65,480.0,479.45,479.53,26223,1257477520000.0,1062.0,10281.0,0.3921
2011-07-15,BRITANNIA,EQ,479.45,488.8,488.8,475.1,475.1,478.9,482.41,17094,824639280000.0,912.0,6694.0,0.39159999999999995
2011-07-18,BRITANNIA,EQ,478.9,475.0,484.65,475.0,482.05,482.3,482.07,42947,2070363410000.0002,740.0,36290.0,0.845
2011-07-19,BRITANNIA,EQ,482.3,479.0,493.75,476.55,490.0,489.55,489.14,76581,3745875915000.0,2397.0,32663.0,0.4265
2011-07-20,BRITANNIA,EQ,489.55,490.2,491.95,478.0,479.0,479.5,481.62,46724,2250303795000.0,887.0,35977.0,0.77
2011-07-21,BRITANNIA,EQ,479.5,481.0,484.7,475.3,481.05,482.6,480.65,18937,910216219999.9999,550.0,13937.0,0.736
2011-07-22,BRITANNIA,EQ,482.6,485.0,486.9,476.55,481.0,480.0,481.49,27978,1347110005000.0,1157.0,17944.0,0.6414
2011-07-25,BRITANNIA,EQ,480.0,484.9,488.0,478.1,480.0,481.45,483.65,64723,3130309145000.0,1767.0,46419.0,0.7172
2011-07-26,BRITANNIA,EQ,481.45,478.6,483.25,472.05,473.45,473.35,475.0,42516,2019518055000.0,1430.0,33242.0,0.7819
2011-07-27,BRITANNIA,EQ,473.35,476.0,476.0,461.5,472.3,468.4,468.67,43630,2044790595000.0,1641.0,31695.0,0.7264
2011-07-28,BRITANNIA,EQ,468.4,464.15,479.0,463.05,479.0,476.0,469.33,35863,1683165330000.0,1581.0,23497.0,0.6552
2011-07-29,BRITANNIA,EQ,476.0,479.0,485.9,473.0,482.0,481.95,480.42,21329,1024679040000.0,1088.0,13943.0,0.6537000000000001
2011-08-01,BRITANNIA,EQ,481.95,482.5,489.9,470.95,480.2,478.2,480.1,21029,1009597885000.0,1552.0,9877.0,0.4697
2011-08-02,BRITANNIA,EQ,478.2,484.9,484.9,472.55,480.5,480.1,477.71,27351,1306579695000.0,1447.0,14859.0,0.5433
2011-08-03,BRITANNIA,EQ,480.1,479.0,480.0,471.4,480.0,479.8,477.29,28676,1368686060000.0,1517.0,22026.0,0.7681
2011-08-04,BRITANNIA,EQ,479.8,482.0,482.0,474.0,475.0,478.25,479.5,82610,3961188385000.0,2025.0,72259.0,0.8747
2011-08-05,BRITANNIA,EQ,478.25,470.0,479.0,460.0,471.25,469.95,472.92,59704,2823523770000.0,3261.0,44607.0,0.7471
2011-08-08,BRITANNIA,EQ,469.95,460.0,476.0,459.0,474.7,474.55,472.25,120624,5696480715000.0,4160.0,93244.0,0.773
2011-08-09,BRITANNIA,EQ,474.55,432.35,474.6,432.35,474.0,472.15,470.53,131664,6195144095000.0,2509.0,120783.0,0.9174
2011-08-10,BRITANNIA,EQ,472.15,435.35,479.0,435.35,470.1,469.45,474.8,112539,5343403215000.0,912.0,106474.0,0.9461
2011-08-11,BRITANNIA,EQ,469.45,471.0,476.65,464.0,464.3,465.1,469.9,31990,1503194675000.0,1552.0,24852.0,0.7769
2011-08-12,BRITANNIA,EQ,465.1,466.5,473.0,466.5,472.05,471.75,469.94,13505,634653000000.0,847.0,10253.0,0.7592
2011-08-16,BRITANNIA,EQ,471.75,472.5,472.5,463.05,467.0,467.1,466.88,17215,803737600000.0,1294.0,11772.0,0.6838
2011-08-17,BRITANNIA,EQ,467.1,461.0,476.0,461.0,476.0,473.1,471.19,16864,794615595000.0,1498.0,9986.0,0.5921000000000001
2011-08-18,BRITANNIA,EQ,473.1,471.1,474.7,463.2,463.5,464.85,469.77,65445,3074403995000.0,2372.0,58985.0,0.9013
2011-08-19,BRITANNIA,EQ,464.85,452.0,473.75,452.0,460.0,460.75,460.38,17955,826603465000.0,2379.0,11147.0,0.6208
2011-08-22,BRITANNIA,EQ,460.75,477.65,477.65,459.0,460.05,460.65,462.35,174318,8059631684999.999,1203.0,157288.0,0.9023000000000001
2011-08-23,BRITANNIA,EQ,460.65,461.5,468.0,459.0,466.0,463.95,463.2,38805,1797445595000.0,1127.0,31219.0,0.8045
2011-08-24,BRITANNIA,EQ,463.95,474.9,479.0,461.05,476.0,475.15,472.91,29843,1411296295000.0,2178.0,16028.0,0.5371
2011-08-25,BRITANNIA,EQ,475.15,480.0,480.0,468.0,474.0,473.1,474.74,37034,1758137330000.0,1569.0,21216.0,0.5729
2011-08-26,BRITANNIA,EQ,473.1,474.95,479.5,468.0,477.0,473.65,475.94,23936,1139217865000.0,1292.0,12917.0,0.5396
2011-08-29,BRITANNIA,EQ,473.65,478.0,478.0,468.05,470.0,469.85,471.79,13141,619979810000.0,945.0,8056.0,0.613
2011-08-30,BRITANNIA,EQ,469.85,470.85,492.0,470.5,490.55,489.05,484.16,81460,3943998720000.0005,3696.0,41762.0,0.5127
2011-09-02,BRITANNIA,EQ,489.05,490.0,494.7,476.0,480.0,479.75,487.48,41494,2022730635000.0002,1927.0,20363.0,0.4907
2011-09-05,BRITANNIA,EQ,479.75,482.1,486.65,478.1,478.2,479.55,483.33,12957,626251290000.0,845.0,7166.0,0.5531
2011-09-06,BRITANNIA,EQ,479.55,479.55,483.0,475.0,477.5,477.65,478.09,7659,366165705000.0,517.0,4460.0,0.5822999999999999
2011-09-07,BRITANNIA,EQ,477.65,480.0,483.85,477.0,477.65,477.9,478.89,13627,652583140000.0,961.0,9186.0,0.6741
2011-09-08,BRITANNIA,EQ,477.9,477.15,482.0,471.15,475.75,475.25,476.55,7714,367609710000.0,533.0,5342.0,0.6925
2011-09-09,BRITANNIA,EQ,475.25,389.0,482.0,389.0,468.8,470.2,474.83,60897,2891572245000.0,680.0,57465.0,0.9436
2011-09-12,BRITANNIA,EQ,470.2,473.75,478.75,466.15,478.0,476.5,470.72,62058,2921179090000.0,890.0,54648.0,0.8806
2011-09-13,BRITANNIA,EQ,476.5,477.55,479.75,466.0,469.7,468.55,470.8,14925,702673305000.0,1100.0,10082.0,0.6755
2011-09-14,BRITANNIA,EQ,468.55,470.15,474.95,462.1,469.0,465.1,468.73,41821,1960260655000.0,1058.0,34560.0,0.8264
2011-09-15,BRITANNIA,EQ,465.1,470.0,474.0,464.4,469.0,469.45,468.63,6775,317498270000.0,532.0,3176.0,0.46880000000000005
2011-09-16,BRITANNIA,EQ,469.45,460.0,472.45,452.0,466.0,464.75,466.17,11328,528073090000.00006,758.0,9227.0,0.8145
2011-09-19,BRITANNIA,EQ,464.75,464.0,464.0,455.0,456.0,456.1,458.7,43289,1985679855000.0,1167.0,40125.0,0.9269
2011-09-20,BRITANNIA,EQ,456.1,458.0,470.0,455.1,458.45,458.45,461.71,25285,1167428645000.0,1786.0,13746.0,0.5436
2011-09-21,BRITANNIA,EQ,458.45,459.15,464.95,459.1,464.05,463.45,462.94,18910,875413519999.9999,2448.0,14777.0,0.7814
2011-09-22,BRITANNIA,EQ,463.45,460.45,463.4,453.0,453.0,455.0,456.45,13462,614466865000.0,1227.0,8918.0,0.6625
2011-09-23,BRITANNIA,EQ,455.0,455.0,467.0,450.0,455.05,463.4,459.54,19557,898726980000.0001,1541.0,10993.0,0.5621
2011-09-26,BRITANNIA,EQ,463.4,452.0,460.0,446.6,456.0,455.1,454.82,26754,1216838505000.0,1200.0,20508.0,0.7665000000000001
2011-09-27,BRITANNIA,EQ,455.1,448.4,469.9,448.4,469.0,465.4,466.01,15722,732663420000.0,1433.0,7604.0,0.48369999999999996
2011-09-28,BRITANNIA,EQ,465.4,473.7,473.7,455.0,456.1,455.85,462.77,9120,422043650000.0,1058.0,3969.0,0.43520000000000003
2011-09-29,BRITANNIA,EQ,455.85,453.25,471.45,453.25,461.0,461.3,464.48,16303,757249435000.0,1573.0,5174.0,0.3174
2011-09-30,BRITANNIA,EQ,461.3,457.4,471.6,457.4,468.2,469.8,467.5,21086,985773775000.0,1878.0,14587.0,0.6918000000000001
2011-10-03,BRITANNIA,EQ,469.8,465.0,467.65,449.0,460.8,461.35,462.33,7323,338567920000.0,725.0,3327.0,0.4543
2011-10-04,BRITANNIA,EQ,461.35,457.0,468.95,456.0,458.0,459.95,460.78,30178,1390551750000.0,2326.0,27698.0,0.9178000000000001
2011-10-05,BRITANNIA,EQ,459.95,458.1,467.8,450.0,451.0,450.85,454.04,9004,408819200000.0,681.0,3479.0,0.3864
2011-10-07,BRITANNIA,EQ,450.85,456.0,464.0,443.45,450.0,450.8,450.18,35392,1593287790000.0,1229.0,25447.0,0.7190000000000001
2011-10-10,BRITANNIA,EQ,450.8,435.1,457.0,435.0,446.9,446.35,452.01,45554,2059095175000.0,3638.0,28784.0,0.6319
2011-10-11,BRITANNIA,EQ,446.35,453.0,453.0,440.1,448.7,446.2,446.58,19437,868016305000.0001,2058.0,12413.0,0.6386000000000001
2011-10-12,BRITANNIA,EQ,446.2,460.0,460.0,446.45,450.0,450.05,449.89,22714,1021877290000.0,709.0,20332.0,0.8951000000000001
2011-10-13,BRITANNIA,EQ,450.05,453.1,459.85,447.1,448.8,448.4,452.92,24785,1122557465000.0,1516.0,13125.0,0.5296000000000001
2011-10-14,BRITANNIA,EQ,448.4,449.8,452.0,440.0,450.0,447.7,445.61,19918,887559940000.0,1810.0,12945.0,0.6498999999999999
2011-10-17,BRITANNIA,EQ,447.7,451.0,452.8,445.0,447.95,448.1,447.7,7411,331793330000.0,993.0,4475.0,0.6038
2011-10-18,BRITANNIA,EQ,448.1,448.0,448.0,441.1,444.4,445.2,444.62,4701,209016620000.0,672.0,2884.0,0.6135
2011-10-19,BRITANNIA,EQ,445.2,447.7,454.4,445.0,452.0,452.55,450.0,59304,2668692870000.0,672.0,56811.0,0.958
2011-10-20,BRITANNIA,EQ,452.55,452.0,456.0,441.05,441.9,443.0,448.34,23162,1038440044999.9999,3141.0,16826.0,0.7264
2011-10-21,BRITANNIA,EQ,443.0,444.0,454.0,439.1,445.05,444.3,446.46,64629,2885425220000.0,2478.0,50891.0,0.7874
2011-10-24,BRITANNIA,EQ,444.3,444.3,455.0,444.3,450.0,451.05,450.57,16232,731367290000.0,1053.0,12465.0,0.7679
2011-10-25,BRITANNIA,EQ,451.05,446.0,456.85,446.0,456.0,455.55,453.99,9805,445139040000.00006,665.0,7264.0,0.7408
2011-10-26,BRITANNIA,EQ,455.55,459.95,463.9,459.0,462.0,462.9,462.2,6826,315496500000.0,422.0,4457.0,0.6529
2011-10-28,BRITANNIA,EQ,462.9,465.0,473.5,462.0,471.0,470.05,469.28,75542,3545022515000.0,3011.0,52703.0,0.6977
2011-10-31,BRITANNIA,EQ,470.05,469.55,474.45,465.0,469.5,469.05,470.35,31004,1458283945000.0,1084.0,26832.0,0.8654000000000001
2011-11-01,BRITANNIA,EQ,469.05,470.0,481.0,470.0,475.0,474.7,475.52,20588,978995300000.0,1106.0,14644.0,0.7112999999999999
2011-11-02,BRITANNIA,EQ,474.7,477.0,478.0,470.0,475.0,474.8,475.16,7981,379227390000.0,627.0,5926.0,0.7425
2011-11-03,BRITANNIA,EQ,474.8,474.0,477.7,465.0,471.5,471.25,470.57,7248,341070515000.0,791.0,3606.0,0.4975
2011-11-04,BRITANNIA,EQ,471.25,462.0,473.4,462.0,468.0,468.9,470.86,7278,342694640000.0,667.0,3886.0,0.5339
2011-11-08,BRITANNIA,EQ,468.9,468.0,474.3,468.0,472.85,472.05,470.44,14545,684258905000.0,423.0,12242.0,0.8417
2011-11-09,BRITANNIA,EQ,472.05,475.1,484.0,474.1,478.0,476.35,478.32,47605,2277043105000.0,2224.0,31763.0,0.6672
2011-11-11,BRITANNIA,EQ,476.35,475.0,493.0,471.15,482.65,484.6,485.95,93310,4534439780000.0,5794.0,47192.0,0.5058
2011-11-14,BRITANNIA,EQ,484.6,485.0,493.0,470.95,471.5,473.55,482.11,21478,1035469130000.0001,1403.0,8615.0,0.4011
2011-11-15,BRITANNIA,EQ,473.55,475.0,479.85,469.0,477.0,477.6,475.0,27452,1303982925000.0,1605.0,18585.0,0.677
2011-11-16,BRITANNIA,EQ,477.6,478.0,487.6,473.0,487.6,486.1,481.04,230955,11109941680000.0,3047.0,193361.0,0.8372
2011-11-17,BRITANNIA,EQ,486.1,486.0,487.1,480.0,484.9,484.45,485.39,122140,5928573065000.0,1002.0,115424.0,0.9450000000000001
2011-11-18,BRITANNIA,EQ,484.45,482.0,485.0,463.2,472.95,471.1,473.34,16619,786639195000.0,1515.0,10108.0,0.6082
2011-11-21,BRITANNIA,EQ,471.1,473.0,481.95,466.0,478.95,478.0,477.73,22643,1081725230000.0001,2124.0,14225.0,0.6282
2011-11-22,BRITANNIA,EQ,478.0,473.65,480.0,470.25,475.25,475.4,475.68,30245,1438689590000.0,1229.0,25621.0,0.8471
2011-11-23,BRITANNIA,EQ,475.4,478.9,478.9,460.0,465.5,465.1,468.29,16858,789447885000.0,2628.0,8462.0,0.502
2011-11-24,BRITANNIA,EQ,465.1,465.05,472.95,459.0,470.0,468.65,465.55,7923,368858020000.0,1055.0,2931.0,0.3699
2011-11-25,BRITANNIA,EQ,468.65,464.0,478.3,461.15,475.0,474.55,475.27,18652,886474810000.0,1318.0,4303.0,0.23070000000000002
2011-11-28,BRITANNIA,EQ,474.55,476.0,480.0,466.0,466.35,468.1,470.36,13131,617628695000.0,1004.0,8114.0,0.6179
2011-11-29,BRITANNIA,EQ,468.1,465.0,472.25,465.0,470.9,470.15,470.19,12422,584064450000.0,1277.0,9154.0,0.7369
2011-11-30,BRITANNIA,EQ,470.15,470.0,474.0,467.0,467.0,469.05,469.73,323706,15205306450000.0,4291.0,290182.0,0.8964
2011-12-01,BRITANNIA,EQ,469.05,470.2,478.0,466.5,467.0,468.5,471.03,416804,19632791145000.0,1401.0,410216.0,0.9842000000000001
2011-12-02,BRITANNIA,EQ,468.5,466.0,472.0,460.0,464.85,465.05,465.01,72919,3390790850000.0,1724.0,66461.0,0.9114
2011-12-05,BRITANNIA,EQ,465.05,466.0,470.0,465.0,466.9,466.3,467.97,56031,2622090660000.0,503.0,53724.0,0.9588
2011-12-07,BRITANNIA,EQ,466.3,469.8,470.0,462.0,468.7,468.15,467.32,9429,440638655000.0,1207.0,6043.0,0.6409
2011-12-08,BRITANNIA,EQ,468.15,471.0,475.0,458.8,459.0,461.8,466.84,54453,2542097550000.0,5785.0,33318.0,0.6119
2011-12-09,BRITANNIA,EQ,461.8,465.0,469.75,451.15,460.0,457.2,464.42,46515,2160257595000.0,4721.0,21315.0,0.4582
2011-12-12,BRITANNIA,EQ,457.2,464.0,469.7,455.0,456.0,459.45,463.01,189296,8764599400000.0,4528.0,165628.0,0.875
2011-12-13,BRITANNIA,EQ,459.45,455.0,466.0,454.0,458.8,460.0,460.56,22239,1024231730000.0001,1752.0,16513.0,0.7425
2011-12-14,BRITANNIA,EQ,460.0,458.5,462.5,444.4,447.0,446.45,452.09,17154,775515285000.0,1960.0,10565.0,0.6159
2011-12-15,BRITANNIA,EQ,446.45,445.0,455.5,439.05,453.05,453.65,446.66,8766,391541170000.0,1088.0,4721.0,0.5386
2011-12-16,BRITANNIA,EQ,453.65,457.0,460.95,449.05,454.95,454.1,455.94,7710,351531640000.0,1113.0,4022.0,0.5217
2011-12-19,BRITANNIA,EQ,454.1,457.0,461.8,441.0,441.0,445.2,453.21,27082,1227370550000.0,1510.0,14325.0,0.5289
2011-12-20,BRITANNIA,EQ,445.2,445.0,448.0,439.0,441.85,440.7,442.67,8037,355773700000.0,559.0,3600.0,0.4479
2011-12-21,BRITANNIA,EQ,440.7,447.95,447.95,435.95,440.5,439.7,440.58,10943,482128950000.0,751.0,4814.0,0.4399
2011-12-22,BRITANNIA,EQ,439.7,442.8,444.5,432.1,444.5,441.55,440.79,9921,437310130000.0,575.0,6110.0,0.6159
2011-12-23,BRITANNIA,EQ,441.55,444.9,454.0,440.0,441.7,440.15,440.83,87110,3840074710000.0,1909.0,79106.0,0.9081
2011-12-26,BRITANNIA,EQ,440.15,443.1,448.95,438.0,439.95,440.15,442.39,13142,581392410000.0,976.0,5507.0,0.419
2011-12-27,BRITANNIA,EQ,440.15,437.0,453.75,437.0,446.3,447.05,447.0,34041,1521637010000.0,1815.0,12755.0,0.3747
2011-12-28,BRITANNIA,EQ,447.05,451.0,452.0,441.05,448.55,450.35,448.55,12554,563113805000.0,760.0,5952.0,0.47409999999999997
2011-12-29,BRITANNIA,EQ,450.35,450.35,453.5,439.8,440.0,442.65,444.47,11645,517584170000.0,781.0,4416.0,0.37920000000000004
2011-12-30,BRITANNIA,EQ,442.65,447.65,450.9,443.3,448.05,448.6,447.78,12553,562101350000.0,725.0,9365.0,0.746
2012-01-02,BRITANNIA,EQ,448.6,445.0,450.8,441.25,446.0,446.3,445.19,8327,370712100000.0,519.0,4531.0,0.5441
2012-01-03,BRITANNIA,EQ,446.3,449.0,455.85,445.0,445.3,447.3,449.91,23619,1062630625000.0,987.0,16165.0,0.6844
2012-01-04,BRITANNIA,EQ,447.3,442.0,450.95,442.0,448.0,448.2,448.12,6325,283437810000.0,361.0,4115.0,0.6506000000000001
2012-01-05,BRITANNIA,EQ,448.2,446.0,451.0,428.55,439.0,439.5,439.21,11999,527002180000.0,813.0,6023.0,0.502
2012-01-06,BRITANNIA,EQ,439.5,443.0,446.0,440.1,445.0,443.15,443.84,6923,307268875000.0,773.0,2937.0,0.4242
2012-01-07,BRITANNIA,EQ,443.15,443.05,445.95,443.0,443.55,444.0,443.93,325,14427625000.0,27.0,178.0,0.5477000000000001
2012-01-09,BRITANNIA,EQ,444.0,446.0,450.95,440.0,450.0,450.05,448.06,18130,812337915000.0,680.0,11852.0,0.6537000000000001
2012-01-10,BRITANNIA,EQ,450.05,446.1,452.5,445.0,448.25,447.0,448.77,10934,490681520000.0,598.0,6470.0,0.5917
2012-01-11,BRITANNIA,EQ,447.0,447.0,449.9,441.0,443.75,442.35,445.36,10994,489624265000.00006,775.0,5545.0,0.5044
2012-01-12,BRITANNIA,EQ,442.35,447.5,447.5,435.5,436.0,438.1,440.2,19508,858741430000.0001,1731.0,12108.0,0.6207
2012-01-13,BRITANNIA,EQ,438.1,438.5,455.35,436.0,439.0,438.95,446.29,39951,1782957250000.0,2503.0,13479.0,0.33740000000000003
2012-01-16,BRITANNIA,EQ,438.95,443.7,449.0,435.6,442.5,438.5,441.84,14989,662277855000.0,877.0,5521.0,0.3683
2012-01-17,BRITANNIA,EQ,438.5,445.0,445.0,438.0,443.95,444.15,443.2,9896,438590655000.0,1393.0,5939.0,0.6001
2012-01-18,BRITANNIA,EQ,444.15,447.5,450.0,443.0,445.8,445.2,447.35,23788,1064154205000.0001,773.0,15250.0,0.6411
2012-01-19,BRITANNIA,EQ,445.2,444.05,455.0,444.05,455.0,452.3,449.76,28444,1279288840000.0,1070.0,20746.0,0.7293999999999999
2012-01-20,BRITANNIA,EQ,452.3,451.5,465.3,451.5,458.35,455.95,461.27,25487,1175642525000.0,2805.0,10689.0,0.4194
2012-01-23,BRITANNIA,EQ,455.95,471.1,471.1,447.0,451.65,451.05,451.52,21169,955823119999.9999,622.0,18158.0,0.8578
2012-01-24,BRITANNIA,EQ,451.05,450.0,458.7,450.0,454.8,454.4,455.24,7139,324998420000.0,536.0,3071.0,0.4302
2012-01-25,BRITANNIA,EQ,454.4,451.05,458.9,447.0,455.0,456.5,453.25,81432,3690927820000.0005,1038.0,75587.0,0.9281999999999999
2012-01-27,BRITANNIA,EQ,456.5,458.0,462.1,451.5,457.05,459.35,456.51,12439,567858165000.0,1420.0,7268.0,0.5843
2012-01-30,BRITANNIA,EQ,459.35,460.0,460.1,440.1,445.55,445.95,449.94,10146,456513509999.99994,841.0,5016.0,0.4944
2012-01-31,BRITANNIA,EQ,445.95,449.85,455.8,447.7,455.8,453.55,451.61,10752,485567265000.00006,644.0,6386.0,0.5939
2012-02-01,BRITANNIA,EQ,453.55,447.15,465.0,447.15,465.0,464.35,461.59,15476,714355275000.0,1740.0,7565.0,0.4888
2012-02-02,BRITANNIA,EQ,464.35,469.8,469.8,459.0,465.0,464.15,463.64,15019,696337195000.0,1018.0,10691.0,0.7118000000000001
2012-02-03,BRITANNIA,EQ,464.15,469.0,476.8,460.0,475.0,475.15,469.56,28736,1349329020000.0,3698.0,18293.0,0.6365999999999999
2012-02-06,BRITANNIA,EQ,475.15,475.0,479.9,441.65,475.0,475.1,475.53,26063,1239386780000.0,992.0,18161.0,0.6968000000000001
2012-02-07,BRITANNIA,EQ,475.1,488.0,488.0,474.0,475.0,475.45,476.74,47052,2243176575000.0,1149.0,35428.0,0.753
2012-02-08,BRITANNIA,EQ,475.45,480.25,484.0,472.1,483.0,482.0,479.14,13965,669112635000.0,700.0,10546.0,0.7552
2012-02-09,BRITANNIA,EQ,482.0,480.0,487.9,480.0,487.0,485.8,485.03,24695,1197779855000.0,878.0,18893.0,0.7651000000000001
2012-02-10,BRITANNIA,EQ,485.8,497.0,501.0,488.5,495.0,493.75,494.34,167445,8277489970000.0,2709.0,142318.0,0.8499
2012-02-13,BRITANNIA,EQ,493.75,501.0,528.0,501.0,518.0,517.85,517.49,330362,17095981990000.0,6966.0,230239.0,0.6969
2012-02-14,BRITANNIA,EQ,517.85,527.95,527.95,512.4,518.0,518.65,517.52,132040,6833297659999.999,2421.0,105945.0,0.8024
2012-02-15,BRITANNIA,EQ,518.65,524.0,529.9,520.0,528.0,527.0,525.03,120651,6334558960000.0,2600.0,96607.0,0.8007
2012-02-16,BRITANNIA,EQ,527.0,530.0,535.0,524.5,529.0,529.4,528.44,47864,2529305610000.0,1908.0,35587.0,0.7434999999999999
2012-02-17,BRITANNIA,EQ,529.4,533.5,542.45,521.0,530.0,525.35,529.97,87471,4635719555000.0,3604.0,64079.0,0.7326
2012-02-21,BRITANNIA,EQ,525.35,532.2,549.5,525.0,526.0,527.65,532.8,174407,9292349625000.0,6049.0,119935.0,0.6877
2012-02-22,BRITANNIA,EQ,527.65,532.8,532.8,510.0,510.6,512.0,517.86,60916,3154586360000.0,1605.0,49190.0,0.8075
2012-02-23,BRITANNIA,EQ,512.0,523.0,523.0,502.0,516.95,514.25,512.66,108158,5544835050000.0,4420.0,89242.0,0.8251000000000001
2012-02-24,BRITANNIA,EQ,514.25,515.8,529.75,511.1,520.0,517.95,519.23,52376,2719539995000.0,1747.0,34332.0,0.6555
2012-02-27,BRITANNIA,EQ,517.95,526.95,527.0,504.0,510.0,507.65,510.59,26873,1372108285000.0,1588.0,17152.0,0.6383
2012-02-28,BRITANNIA,EQ,507.65,510.0,516.9,505.15,511.7,510.45,510.46,22416,1144237135000.0,981.0,17418.0,0.777
2012-02-29,BRITANNIA,EQ,510.45,514.0,534.9,508.0,520.2,520.4,521.98,80830,4219130470000.0005,4755.0,30541.0,0.3778
2012-03-01,BRITANNIA,EQ,520.4,515.1,529.9,429.9,523.0,523.65,521.75,80910,4221465500000.0,2669.0,61489.0,0.76
2012-03-02,BRITANNIA,EQ,523.65,525.0,546.2,517.0,540.0,538.4,537.45,306805,16489264255000.002,11330.0,190868.0,0.6221
2012-03-03,BRITANNIA,EQ,538.4,538.4,549.4,534.0,534.2,535.05,536.09,6172,330875440000.0,248.0,4824.0,0.7816
2012-03-05,BRITANNIA,EQ,535.05,530.0,553.0,529.95,541.0,542.35,541.43,125964,6820088775000.0,1253.0,111874.0,0.8881
2012-03-06,BRITANNIA,EQ,542.35,534.0,551.45,533.5,535.05,537.35,537.24,441983,23745057855000.0,1869.0,423196.0,0.9575
2012-03-07,BRITANNIA,EQ,537.35,537.35,537.35,528.05,531.0,532.4,530.76,71739,3807629075000.0,904.0,65197.0,0.9087999999999999
2012-03-09,BRITANNIA,EQ,532.4,539.0,555.0,538.15,554.1,554.3,550.43,180935,9959133150000.0,5237.0,156530.0,0.8651000000000001
2012-03-12,BRITANNIA,EQ,554.3,560.0,572.95,555.0,566.0,567.05,566.92,128948,7310299145000.0,2945.0,97410.0,0.7554000000000001
2012-03-13,BRITANNIA,EQ,567.05,570.0,578.9,568.1,570.25,573.95,574.29,408450,23456834475000.0,4555.0,377790.0,0.9248999999999999
2012-03-14,BRITANNIA,EQ,573.95,575.0,575.0,560.45,562.0,567.5,569.37,106148,6043721275000.0,1985.0,90215.0,0.8499
2012-03-15,BRITANNIA,EQ,567.5,561.0,572.0,553.8,571.5,566.35,562.32,115760,6509423210000.0,3644.0,96732.0,0.8356
2012-03-16,BRITANNIA,EQ,566.35,569.8,578.5,567.0,571.9,572.15,575.6,43721,2516593110000.0,1497.0,29423.0,0.6729999999999999
2012-03-19,BRITANNIA,EQ,572.15,570.05,574.7,552.6,570.0,565.55,564.16,66909,3774747325000.0,4057.0,26784.0,0.40030000000000004
2012-03-20,BRITANNIA,EQ,565.55,569.95,574.8,555.1,558.45,558.7,565.92,93002,5263194020000.0,4322.0,58178.0,0.6256
2012-03-21,BRITANNIA,EQ,558.7,558.5,568.0,558.25,567.0,566.2,563.95,38861,2191575514999.9998,5279.0,11483.0,0.29550000000000004
2012-03-22,BRITANNIA,EQ,566.2,563.3,572.5,563.3,571.0,570.6,569.4,24367,1387453620000.0,1393.0,12830.0,0.5265
2012-03-23,BRITANNIA,EQ,570.6,570.0,576.9,561.3,568.5,565.5,571.08,49235,2811719935000.0,2995.0,19822.0,0.4026
2012-03-26,BRITANNIA,EQ,565.5,566.0,575.0,564.05,573.0,573.0,572.05,39307,2248549700000.0,951.0,31167.0,0.7929
2012-03-27,BRITANNIA,EQ,573.0,575.0,576.0,571.85,573.0,573.05,573.23,28748,1647926335000.0,2530.0,16025.0,0.5574
2012-03-28,BRITANNIA,EQ,573.05,567.0,574.75,562.0,564.05,563.55,568.56,35194,2000985039999.9998,2480.0,26688.0,0.7583
2012-03-29,BRITANNIA,EQ,563.55,566.95,575.0,556.95,575.0,567.5,564.1,62470,3523954629999.9995,3669.0,52003.0,0.8323999999999999
2012-03-30,BRITANNIA,EQ,567.5,574.0,594.6,569.05,593.0,593.0,591.83,716178,42385564920000.0,4613.0,685263.0,0.9568000000000001
2012-04-02,BRITANNIA,EQ,593.0,590.0,599.0,583.0,598.55,591.8,588.33,28153,1656314640000.0,2090.0,8736.0,0.3103
2012-04-03,BRITANNIA,EQ,591.8,596.75,599.9,591.05,593.0,595.8,596.14,33035,1969339335000.0002,1752.0,19101.0,0.5782
2012-04-04,BRITANNIA,EQ,595.8,594.95,596.0,585.1,593.5,593.35,594.29,43545,2587850755000.0,1580.0,25967.0,0.5963
2012-04-09,BRITANNIA,EQ,593.35,591.0,598.9,577.6,593.35,594.65,594.79,11300,672111570000.0,703.0,3360.0,0.2973
2012-04-10,BRITANNIA,EQ,594.65,589.0,595.05,589.0,589.55,590.05,593.46,13134,779444880000.0,656.0,6831.0,0.5201
2012-04-11,BRITANNIA,EQ,590.05,593.0,593.0,575.2,584.85,584.8,585.02,8789,514170934999.99994,751.0,3909.0,0.4448
2012-04-12,BRITANNIA,EQ,584.8,590.0,592.2,582.0,584.0,583.9,586.79,9342,548175495000.0,670.0,5104.0,0.5463
2012-04-13,BRITANNIA,EQ,583.9,581.0,597.0,575.05,580.3,582.95,586.16,14536,852036619999.9999,1164.0,5375.0,0.36979999999999996
2012-04-16,BRITANNIA,EQ,582.95,583.0,595.0,573.95,588.0,589.55,578.98,137461,7958769955000.0,1410.0,125091.0,0.91
2012-04-17,BRITANNIA,EQ,589.55,576.0,591.9,530.1,576.75,576.75,578.97,24682,1429015530000.0,984.0,14344.0,0.5811999999999999
2012-04-18,BRITANNIA,EQ,576.75,580.0,583.95,568.1,571.05,570.6,577.23,20355,1174957760000.0,1237.0,9667.0,0.47490000000000004
2012-04-19,BRITANNIA,EQ,570.6,570.05,580.0,566.3,572.0,570.2,573.41,27494,1576529360000.0,1475.0,12677.0,0.4611
2012-04-20,BRITANNIA,EQ,570.2,576.95,576.95,560.0,568.0,565.75,568.24,24226,1376627920000.0,1503.0,14193.0,0.5859000000000001
2012-04-23,BRITANNIA,EQ,565.75,562.3,571.0,560.0,562.45,562.6,565.25,10101,570962205000.0,732.0,3154.0,0.3122
2012-04-24,BRITANNIA,EQ,562.6,561.15,573.95,551.0,570.0,568.45,560.22,214048,11991443510000.0,3070.0,183045.0,0.8552
2012-04-25,BRITANNIA,EQ,568.45,559.85,571.95,557.05,568.0,569.5,565.07,16159,913103219999.9999,932.0,7949.0,0.4919
2012-04-26,BRITANNIA,EQ,569.5,566.3,569.75,557.1,558.2,561.05,563.93,12644,713029885000.0,1455.0,5377.0,0.4253
2012-04-27,BRITANNIA,EQ,561.05,568.0,568.5,553.0,560.7,560.45,562.1,16407,922235515000.0,989.0,9264.0,0.5646
2012-04-28,BRITANNIA,EQ,560.45,565.0,566.0,558.0,561.25,559.7,560.83,648,36341830000.0,67.0,569.0,0.8781
2012-04-30,BRITANNIA,EQ,559.7,564.1,564.1,557.3,560.45,561.8,560.36,13560,759850845000.0,1485.0,8949.0,0.66
2012-05-02,BRITANNIA,EQ,561.8,560.6,562.9,555.55,562.0,561.55,560.27,10429,584303415000.0,1034.0,7057.0,0.6767000000000001
2012-05-03,BRITANNIA,EQ,561.55,562.9,566.1,554.0,557.85,556.6,560.81,14002,785243140000.0,898.0,6477.0,0.4626
2012-05-04,BRITANNIA,EQ,556.6,560.3,560.3,542.0,546.0,550.5,550.39,8814,485110115000.00006,622.0,6359.0,0.7215
2012-05-07,BRITANNIA,EQ,550.5,534.3,554.95,534.3,549.3,550.4,543.34,7993,434287925000.0,734.0,3490.0,0.4366
2012-05-08,BRITANNIA,EQ,550.4,557.75,557.75,540.0,540.5,541.65,549.79,10985,603944510000.0,1529.0,2331.0,0.2122
2012-05-09,BRITANNIA,EQ,541.65,540.5,548.0,530.1,536.0,533.25,537.57,9943,534507540000.00006,1146.0,4732.0,0.47590000000000005
2012-05-10,BRITANNIA,EQ,533.25,539.0,559.0,532.4,558.0,553.65,545.44,16439,896654400000.0,1382.0,9028.0,0.5492
2012-05-11,BRITANNIA,EQ,553.65,559.0,563.0,535.9,537.5,538.6,539.98,311525,16821773835000.0,2304.0,298047.0,0.9567
2012-05-14,BRITANNIA,EQ,538.6,538.0,544.9,531.65,535.0,535.8,538.5,8082,435214475000.0,673.0,3314.0,0.41000000000000003
2012-05-15,BRITANNIA,EQ,535.8,535.3,538.0,530.0,530.1,530.5,533.8,18120,967249744999.9999,1146.0,12542.0,0.6922
2012-05-16,BRITANNIA,EQ,530.5,530.0,533.95,522.35,525.0,523.95,524.54,77983,4090511520000.0005,544.0,4683.0,0.0601
2012-05-17,BRITANNIA,EQ,523.95,526.9,527.45,518.0,518.5,521.2,522.34,26940,1407185230000.0,1950.0,17732.0,0.6581999999999999
2012-05-18,BRITANNIA,EQ,521.2,521.4,536.0,506.5,526.1,527.2,521.88,27392,1429544055000.0,1820.0,13496.0,0.4927
2012-05-21,BRITANNIA,EQ,527.2,527.95,533.65,525.0,529.0,528.45,529.1,5193,274760400000.0,393.0,2171.0,0.4181
2012-05-22,BRITANNIA,EQ,528.45,528.0,538.85,528.0,530.1,531.15,533.01,3376,179944035000.0,386.0,1315.0,0.3895
2012-05-23,BRITANNIA,EQ,531.15,541.9,541.9,525.25,535.0,531.35,529.52,15322,811329865000.0,1352.0,11242.0,0.7337
2012-05-24,BRITANNIA,EQ,531.35,530.0,531.5,520.3,526.0,525.6,525.08,17430,915208810000.0,1471.0,13276.0,0.7617
2012-05-25,BRITANNIA,EQ,525.6,529.0,537.85,519.95,527.0,528.75,529.16,11109,587849355000.0,525.0,8588.0,0.7731
2012-05-28,BRITANNIA,EQ,528.75,534.9,544.25,533.05,536.0,537.45,539.15,24651,1329056110000.0,1366.0,10561.0,0.42840000000000006
2012-05-29,BRITANNIA,EQ,537.45,540.0,544.95,522.0,522.0,526.95,531.66,65571,3486131854999.9995,2780.0,42810.0,0.6529
2012-05-30,BRITANNIA,EQ,526.95,513.75,526.95,513.75,514.9,518.1,518.88,489087,25377916250000.0,1906.0,479722.0,0.9809000000000001
2012-05-31,BRITANNIA,EQ,518.1,514.95,540.0,513.95,537.0,534.65,520.51,285292,14849674744999.998,2441.0,265495.0,0.9306000000000001
2012-06-01,BRITANNIA,EQ,534.65,535.0,535.0,523.1,524.15,526.2,530.32,7807,414020135000.0,685.0,3381.0,0.43310000000000004
2012-06-04,BRITANNIA,EQ,526.2,530.0,530.0,511.7,518.0,516.95,519.41,7875,409032765000.0,700.0,3578.0,0.4543
2012-06-05,BRITANNIA,EQ,516.95,518.0,526.0,501.15,518.05,518.75,519.76,6770,351877940000.0,693.0,3831.0,0.5659000000000001
2012-06-06,BRITANNIA,EQ,518.75,525.0,531.6,522.0,523.7,524.5,525.42,22831,1199577225000.0,1683.0,13669.0,0.5987
2012-06-07,BRITANNIA,EQ,524.5,528.5,528.5,520.1,521.1,523.65,525.46,25827,1357112680000.0,2033.0,18611.0,0.7206
2012-06-08,BRITANNIA,EQ,523.65,527.15,529.0,520.0,521.0,521.55,523.06,22556,1179808890000.0,2140.0,12978.0,0.5754
2012-06-11,BRITANNIA,EQ,521.55,527.8,527.8,519.0,520.0,519.85,522.24,13755,718346975000.0,1477.0,7437.0,0.5407000000000001
2012-06-12,BRITANNIA,EQ,519.85,520.0,522.0,511.5,517.6,518.5,516.93,24109,1246275595000.0,2585.0,16600.0,0.6885
2012-06-13,BRITANNIA,EQ,518.5,515.0,540.0,515.0,538.95,539.3,533.73,96466,5148633330000.0,3185.0,62440.0,0.6473000000000001
2012-06-14,BRITANNIA,EQ,539.3,536.0,547.9,525.0,527.2,527.65,539.21,49932,2692385620000.0,2593.0,18961.0,0.3797
2012-06-15,BRITANNIA,EQ,527.65,523.65,532.4,520.2,527.0,525.4,525.22,30386,1595928500000.0,1253.0,19131.0,0.6296
2012-06-18,BRITANNIA,EQ,525.4,525.0,533.9,513.0,517.0,517.55,521.68,16217,846013490000.0,1940.0,8504.0,0.5244
2012-06-19,BRITANNIA,EQ,517.55,524.0,524.0,513.0,520.25,520.65,518.29,18971,983244405000.0001,1141.0,9947.0,0.5243
2012-06-20,BRITANNIA,EQ,520.65,526.0,530.0,520.0,523.0,522.75,525.29,22707,1192771495000.0,1274.0,12529.0,0.5518
2012-06-21,BRITANNIA,EQ,522.75,522.05,529.25,520.0,521.75,522.1,524.66,39305,2062173620000.0,3593.0,27365.0,0.6962
2012-06-22,BRITANNIA,EQ,522.1,520.5,526.0,520.0,524.0,522.85,523.41,9000,471067675000.0,718.0,5272.0,0.5858
2012-06-25,BRITANNIA,EQ,522.85,494.95,534.0,494.95,527.1,527.95,527.97,158407,8363392980000.0,3218.0,11173.0,0.0705
2012-06-26,BRITANNIA,EQ,527.95,530.0,531.0,520.0,523.4,521.85,523.8,16046,840492855000.0001,1488.0,8579.0,0.5347
2012-06-27,BRITANNIA,EQ,521.85,520.55,528.0,520.3,521.3,522.85,523.6,7053,369294550000.0,629.0,4524.0,0.6414
2012-06-28,BRITANNIA,EQ,522.85,521.5,526.45,520.9,521.95,524.8,524.14,11616,608846485000.0,931.0,7745.0,0.6668000000000001
2012-06-29,BRITANNIA,EQ,524.8,526.0,530.0,522.8,525.0,525.35,525.57,19778,1039470494999.9999,1325.0,13631.0,0.6892
2012-07-02,BRITANNIA,EQ,525.35,517.0,552.15,517.0,540.0,538.6,536.68,159636,8567417025000.0,5946.0,102723.0,0.6435
2012-07-03,BRITANNIA,EQ,538.6,536.1,544.65,532.6,537.0,537.2,539.53,28795,1553585630000.0,1093.0,19120.0,0.664
2012-07-04,BRITANNIA,EQ,537.2,537.2,541.95,535.5,538.15,538.1,538.72,15963,859966269999.9999,741.0,11161.0,0.6992
2012-07-05,BRITANNIA,EQ,538.1,542.0,542.0,530.55,533.8,534.8,536.64,41652,2235222540000.0,612.0,37798.0,0.9075
2012-07-06,BRITANNIA,EQ,534.8,532.05,538.95,526.25,529.65,533.8,533.15,73977,3944049704999.9995,1562.0,66405.0,0.8976000000000001
2012-07-09,BRITANNIA,EQ,533.8,531.65,532.15,516.5,517.0,520.55,523.66,20142,1054756385000.0,1661.0,14658.0,0.7277
2012-07-10,BRITANNIA,EQ,520.55,526.0,528.3,521.25,525.1,525.8,525.43,16029,842209315000.0,946.0,11399.0,0.7111
2012-07-11,BRITANNIA,EQ,525.8,526.05,528.0,520.45,523.0,522.4,524.88,87730,4604795785000.0,1294.0,83061.0,0.9468000000000001
2012-07-12,BRITANNIA,EQ,522.4,522.0,523.85,516.0,522.0,522.0,521.82,18407,960519815000.0,1058.0,14184.0,0.7706000000000001
2012-07-13,BRITANNIA,EQ,522.0,527.0,530.0,522.0,522.0,524.85,526.26,18672,982641205000.0001,1705.0,11684.0,0.6257
2012-07-16,BRITANNIA,EQ,524.85,527.9,527.9,513.5,515.0,514.95,516.55,74262,3835992970000.0005,5112.0,65429.0,0.8811
2012-07-17,BRITANNIA,EQ,514.95,513.5,516.55,508.0,513.0,513.9,512.76,34534,1770757780000.0,4383.0,21958.0,0.6358
2012-07-18,BRITANNIA,EQ,513.9,514.0,515.05,505.0,510.85,511.2,510.11,17317,883361269999.9999,1628.0,11515.0,0.665
2012-07-19,BRITANNIA,EQ,511.2,515.0,515.0,495.95,498.0,499.9,502.98,239492,12046061495000.0,3372.0,223688.0,0.934
2012-07-20,BRITANNIA,EQ,499.9,501.8,502.9,495.0,499.6,497.7,499.83,42774,2137956205000.0,1066.0,35475.0,0.8294
2012-07-23,BRITANNIA,EQ,497.7,499.95,500.0,492.05,494.55,496.05,496.41,25629,1272240665000.0,2496.0,17807.0,0.6948000000000001
2012-07-24,BRITANNIA,EQ,496.05,494.15,497.95,481.55,492.2,491.65,489.13,61002,2983765175000.0,4169.0,42311.0,0.6936
2012-07-25,BRITANNIA,EQ,491.65,491.15,513.7,477.1,477.1,480.55,486.0,68212,3315106325000.0,2036.0,51606.0,0.7565999999999999
2012-07-26,BRITANNIA,EQ,480.55,484.2,485.0,472.15,473.0,475.45,479.5,180333,8647026390000.001,2655.0,172961.0,0.9591
2012-07-27,BRITANNIA,EQ,475.45,477.0,484.25,468.05,469.05,471.15,475.89,34071,1621394515000.0,2127.0,26514.0,0.7782
2012-07-30,BRITANNIA,EQ,471.15,475.9,476.45,465.55,466.75,468.15,471.0,34882,1642946685000.0,2752.0,24889.0,0.7134999999999999
2012-07-31,BRITANNIA,EQ,468.15,482.0,482.0,462.05,463.95,464.65,466.33,53305,2485766730000.0,3013.0,42919.0,0.8052
2012-08-01,BRITANNIA,EQ,464.65,468.9,468.9,461.0,464.0,463.2,465.2,54299,2525964795000.0,3396.0,43492.0,0.8009999999999999
2012-08-02,BRITANNIA,EQ,463.2,466.9,478.75,463.1,463.8,466.5,471.51,210205,9911327545000.0,6444.0,146071.0,0.6949
2012-08-03,BRITANNIA,EQ,466.5,380.0,474.5,380.0,474.0,473.15,468.84,168582,7903744059999.999,5020.0,123922.0,0.7351000000000001
2012-08-06,BRITANNIA,EQ,473.15,475.05,482.0,458.1,459.9,460.7,469.56,302273,14193636350000.0,10357.0,91436.0,0.3025
2012-08-07,BRITANNIA,EQ,460.7,460.7,465.55,451.0,454.1,453.1,460.19,86825,3995631975000.0,3270.0,54883.0,0.6321
2012-08-08,BRITANNIA,EQ,453.1,453.25,463.7,451.7,453.95,453.2,457.24,63992,2925974450000.0,4391.0,33938.0,0.5303
2012-08-09,BRITANNIA,EQ,453.2,453.0,459.65,452.95,455.2,454.8,457.18,29433,1345630515000.0,1698.0,16237.0,0.5517000000000001
2012-08-10,BRITANNIA,EQ,454.8,451.5,458.0,449.75,451.9,452.25,452.42,28764,1301352975000.0,1385.0,20719.0,0.7203
2012-08-13,BRITANNIA,EQ,452.25,455.0,468.85,454.0,456.0,456.6,457.26,30876,1411827740000.0,1482.0,17150.0,0.5554
2012-08-14,BRITANNIA,EQ,456.6,456.9,467.45,456.85,465.75,465.15,460.65,75853,3494151200000.0,2493.0,62309.0,0.8214
2012-08-16,BRITANNIA,EQ,465.15,465.8,472.0,463.95,467.0,467.85,467.74,61355,2869847260000.0,1777.0,50463.0,0.8225
2012-08-17,BRITANNIA,EQ,467.85,469.95,475.4,465.0,470.0,469.95,469.09,90448,4242841470000.0005,2034.0,68947.0,0.7623000000000001
2012-08-21,BRITANNIA,EQ,469.95,474.85,475.0,470.05,474.0,473.75,472.95,143575,6790429355000.0,2839.0,134394.0,0.9361
2012-08-22,BRITANNIA,EQ,473.75,473.0,477.35,468.0,477.0,474.15,473.86,76630,3631196804999.9995,1489.0,69274.0,0.904
2012-08-23,BRITANNIA,EQ,474.15,474.15,479.65,474.15,478.3,478.4,477.72,31830,1520585540000.0,1313.0,24068.0,0.7561
2012-08-24,BRITANNIA,EQ,478.4,486.4,498.0,480.0,482.15,484.85,485.32,194293,9429366735000.0,5360.0,146997.0,0.7565999999999999
2012-08-27,BRITANNIA,EQ,484.85,485.1,493.7,482.05,489.5,489.55,489.01,46474,2272614045000.0,2430.0,34815.0,0.7491
2012-08-28,BRITANNIA,EQ,489.55,490.05,493.1,485.1,489.35,488.45,487.48,25862,1260719445000.0,1781.0,17699.0,0.6844
2012-08-29,BRITANNIA,EQ,488.45,489.0,491.65,486.0,488.0,487.95,487.97,10912,532474900000.0,590.0,7220.0,0.6617000000000001
2012-08-30,BRITANNIA,EQ,487.95,488.0,490.9,483.0,489.15,489.5,488.01,182864,8924032815000.0,1103.0,179045.0,0.9791
2012-08-31,BRITANNIA,EQ,489.5,489.5,505.0,485.0,500.0,501.0,491.82,217330,10688626535000.0,4983.0,189981.0,0.8742000000000001
2012-09-03,BRITANNIA,EQ,501.0,502.5,509.5,501.0,504.6,504.35,504.92,141278,7133476959999.999,2111.0,123889.0,0.8769
2012-09-04,BRITANNIA,EQ,504.35,508.0,510.0,503.25,504.0,506.65,505.99,37504,1897676050000.0,733.0,31357.0,0.8361000000000001
2012-09-05,BRITANNIA,EQ,506.65,503.05,507.0,500.65,503.0,502.9,503.35,51495,2592012150000.0,898.0,47836.0,0.9289000000000001
2012-09-06,BRITANNIA,EQ,502.9,505.0,509.65,500.0,502.4,505.0,506.66,125453,6356164410000.0,2747.0,84098.0,0.6704000000000001
2012-09-07,BRITANNIA,EQ,505.0,506.7,509.65,494.6,499.0,497.5,499.99,34308,1715374745000.0,1595.0,23307.0,0.6793000000000001
2012-09-08,BRITANNIA,EQ,497.5,497.8,499.0,495.0,498.0,497.95,497.04,1644,81713345000.0,165.0,1058.0,0.6436000000000001
2012-09-10,BRITANNIA,EQ,497.95,498.15,499.95,490.0,494.95,496.15,497.33,16057,798564255000.0,1141.0,11944.0,0.7439
2012-09-11,BRITANNIA,EQ,496.15,490.0,503.0,488.1,490.45,490.05,494.61,18557,917855630000.0001,1478.0,10420.0,0.5615
2012-09-12,BRITANNIA,EQ,490.05,490.05,497.9,487.0,490.0,490.95,491.62,25868,1271728500000.0,1819.0,17490.0,0.6761
2012-09-13,BRITANNIA,EQ,490.95,490.2,498.5,486.6,488.1,487.95,491.39,57307,2816002635000.0,3241.0,39361.0,0.6868000000000001
2012-09-14,BRITANNIA,EQ,487.95,489.25,496.8,487.5,487.55,488.8,490.45,20285,994878040000.0,2347.0,15023.0,0.7406
2012-09-17,BRITANNIA,EQ,488.8,504.0,504.0,489.1,490.5,490.65,491.06,27899,1369998305000.0,1892.0,22796.0,0.8170999999999999
2012-09-18,BRITANNIA,EQ,490.65,489.05,493.75,476.2,488.1,488.15,486.27,49741,2418736795000.0,2394.0,33813.0,0.6798000000000001
2012-09-20,BRITANNIA,EQ,488.15,487.0,493.0,482.8,484.0,484.1,488.33,18454,901158905000.0001,1430.0,10468.0,0.5672
2012-09-21,BRITANNIA,EQ,484.1,486.65,490.2,477.6,480.4,480.15,485.24,118073,5729429980000.0,2357.0,107570.0,0.9109999999999999
2012-09-24,BRITANNIA,EQ,480.15,482.0,493.3,472.25,474.0,474.0,480.52,51206,2460545280000.0,3040.0,36105.0,0.7051000000000001
2012-09-25,BRITANNIA,EQ,474.0,475.0,478.0,468.0,470.15,470.2,470.24,102674,4828107960000.0,3485.0,91771.0,0.8937999999999999
2012-09-26,BRITANNIA,EQ,470.2,474.85,488.0,470.0,485.0,478.25,474.47,72948,3461184604999.9995,2641.0,54060.0,0.7411
2012-09-27,BRITANNIA,EQ,478.25,485.0,485.0,470.0,479.95,480.45,477.07,58468,2789324715000.0,2716.0,41452.0,0.7090000000000001
2012-09-28,BRITANNIA,EQ,480.45,482.8,488.85,473.4,479.4,475.75,478.41,99615,4765650335000.0,6378.0,77429.0,0.7773000000000001
2012-10-01,BRITANNIA,EQ,475.75,479.65,483.0,475.0,477.0,477.0,475.37,112073,5327622365000.0,2023.0,104640.0,0.9337000000000001
2012-10-03,BRITANNIA,EQ,477.0,480.0,480.0,470.6,474.0,472.95,475.63,104689,4979273120000.0,4482.0,88533.0,0.8456999999999999
2012-10-04,BRITANNIA,EQ,472.95,475.95,481.45,473.25,477.6,477.7,477.98,62309,2978229345000.0,5713.0,41053.0,0.6589
2012-10-05,BRITANNIA,EQ,477.7,483.0,498.0,480.05,486.1,486.25,485.47,308474,14975540505000.002,4286.0,262896.0,0.8522
2012-10-08,BRITANNIA,EQ,486.25,489.0,496.0,486.0,492.1,492.3,492.86,234309,11548203825000.0,5882.0,201937.0,0.8618000000000001
2012-10-09,BRITANNIA,EQ,492.3,494.2,524.9,494.15,509.95,509.8,512.81,380940,19534951595000.0,12685.0,187868.0,0.4932
2012-10-10,BRITANNIA,EQ,509.8,511.0,514.4,501.1,502.0,504.35,509.5,116475,5934458140000.0,7140.0,66338.0,0.5695
2012-10-11,BRITANNIA,EQ,504.35,505.0,507.75,495.2,499.5,500.6,501.82,77259,3877038915000.0,5538.0,49161.0,0.6363000000000001
2012-10-12,BRITANNIA,EQ,500.6,501.0,505.4,492.0,495.0,493.55,499.89,37695,1884336430000.0,2717.0,22558.0,0.5984
2012-10-15,BRITANNIA,EQ,493.55,500.0,500.0,486.0,489.5,490.55,492.4,22524,1109090560000.0,1334.0,15588.0,0.6920999999999999
2012-10-16,BRITANNIA,EQ,490.55,491.0,502.0,488.15,497.1,495.6,495.4,80508,3988402600000.0,3597.0,47067.0,0.5846
2012-10-17,BRITANNIA,EQ,495.6,495.2,499.4,487.4,488.0,488.5,490.94,98098,4816024635000.0,15729.0,82226.0,0.8382
2012-10-18,BRITANNIA,EQ,488.5,490.4,494.0,486.1,489.0,488.45,488.47,75943,3709610275000.0,2310.0,61267.0,0.8067000000000001
2012-10-19,BRITANNIA,EQ,488.45,488.55,490.55,485.0,485.55,485.5,485.35,170699,8284820275000.0,1872.0,164015.0,0.9608
2012-10-22,BRITANNIA,EQ,485.5,485.5,490.9,482.0,487.7,488.85,488.22,29507,1440594220000.0,1679.0,23575.0,0.799
2012-10-23,BRITANNIA,EQ,488.85,488.8,488.8,479.0,482.45,482.45,482.93,64847,3131676275000.0,4381.0,45784.0,0.706
2012-10-25,BRITANNIA,EQ,482.45,486.85,495.0,482.0,491.3,490.9,489.3,46354,2268116975000.0,2467.0,33899.0,0.7313
2012-10-26,BRITANNIA,EQ,490.9,495.0,495.0,485.15,486.75,486.75,488.83,10605,518402309999.99994,1073.0,5144.0,0.4851
2012-10-29,BRITANNIA,EQ,486.75,492.0,494.8,485.45,491.95,489.1,490.45,32421,1590095900000.0,2498.0,19395.0,0.5982000000000001
2012-10-30,BRITANNIA,EQ,489.1,494.0,494.0,481.0,485.75,484.35,486.62,21478,1045160850000.0,1395.0,15763.0,0.7339
2012-10-31,BRITANNIA,EQ,484.35,481.95,486.75,475.45,483.2,483.65,483.58,13110,633974890000.0,929.0,9351.0,0.7133
2012-11-01,BRITANNIA,EQ,483.65,484.05,485.0,476.3,477.85,477.0,479.32,56430,2704827830000.0,2130.0,41032.0,0.7271
2012-11-02,BRITANNIA,EQ,477.0,479.05,483.9,473.1,475.45,474.9,477.48,41454,1979348650000.0,2365.0,30759.0,0.742
2012-11-05,BRITANNIA,EQ,474.9,475.1,477.9,470.4,474.0,472.55,475.05,46097,2189829630000.0,1891.0,37688.0,0.8176000000000001
2012-11-06,BRITANNIA,EQ,472.55,479.85,482.75,475.0,479.0,479.95,480.0,135113,6485373030000.0,5834.0,45643.0,0.33780000000000004
2012-11-07,BRITANNIA,EQ,479.95,483.0,485.0,467.5,469.0,468.9,472.73,159605,7545064590000.001,5647.0,107473.0,0.6734
2012-11-08,BRITANNIA,EQ,468.9,468.0,475.0,465.8,470.9,469.65,471.38,83304,3926820645000.0005,2858.0,50291.0,0.6037
2012-11-09,BRITANNIA,EQ,469.65,472.95,472.95,462.7,463.0,465.8,471.34,198609,9361172760000.0,1925.0,185953.0,0.9363
2012-11-12,BRITANNIA,EQ,465.8,461.25,468.15,458.5,460.0,460.65,461.8,106677,4926383655000.0,3940.0,92983.0,0.8715999999999999
2012-11-13,BRITANNIA,EQ,460.65,465.0,472.0,462.5,468.5,469.6,467.69,16741,782967440000.0,833.0,11251.0,0.6720999999999999
2012-11-15,BRITANNIA,EQ,469.6,470.0,472.95,466.0,469.5,469.4,470.6,63455,2986204045000.0,3074.0,51991.0,0.8193000000000001
2012-11-16,BRITANNIA,EQ,469.4,466.0,479.9,462.25,478.0,477.05,472.94,258462,12223656435000.0,3830.0,196154.0,0.7589
2012-11-19,BRITANNIA,EQ,477.05,477.5,478.4,471.05,476.25,475.65,476.23,23297,1109482520000.0,1354.0,16997.0,0.7295999999999999
2012-11-20,BRITANNIA,EQ,475.65,476.25,484.0,476.05,480.2,481.85,480.66,121921,5860300740000.0,4122.0,87322.0,0.7162000000000001
2012-11-21,BRITANNIA,EQ,481.85,480.5,481.4,474.0,475.2,475.35,476.65,12315,586994600000.0,863.0,7307.0,0.5933
2012-11-22,BRITANNIA,EQ,475.35,473.3,479.4,473.0,478.0,478.05,475.98,202160,9622316990000.0,8288.0,131597.0,0.6509999999999999
2012-11-23,BRITANNIA,EQ,478.05,480.1,491.0,480.1,483.35,483.8,485.83,56430,2741561010000.0,3843.0,30148.0,0.5343
2012-11-26,BRITANNIA,EQ,483.8,482.0,493.0,482.0,488.5,488.75,488.61,33038,1614269315000.0,2029.0,20954.0,0.6342
2012-11-27,BRITANNIA,EQ,488.75,489.95,492.9,483.2,484.5,484.2,487.75,27546,1343565470000.0,2228.0,14221.0,0.5163
2012-11-29,BRITANNIA,EQ,484.2,485.8,497.25,484.0,493.0,493.2,491.62,87583,4305770700000.0,4059.0,59204.0,0.6759999999999999
2012-11-30,BRITANNIA,EQ,493.2,498.9,503.8,491.2,496.05,498.2,497.72,129411,6441076340000.0,5586.0,52504.0,0.4057
2012-12-03,BRITANNIA,EQ,498.2,501.95,501.95,490.5,493.0,494.0,494.9,35867,1775060135000.0002,3787.0,21534.0,0.6004
2012-12-04,BRITANNIA,EQ,494.0,493.0,497.0,487.15,488.3,488.9,492.65,42772,2107182895000.0,829.0,38322.0,0.8959999999999999
2012-12-05,BRITANNIA,EQ,488.9,489.1,493.95,485.25,488.0,488.4,489.57,19450,952215390000.0,986.0,13811.0,0.7101000000000001
2012-12-06,BRITANNIA,EQ,488.4,491.15,495.95,488.05,493.0,494.45,492.43,218962,10782254825000.0,8708.0,132825.0,0.6066
2012-12-07,BRITANNIA,EQ,494.45,497.85,497.9,492.05,495.0,495.75,496.18,29583,1467848505000.0,1957.0,18508.0,0.6256
2012-12-10,BRITANNIA,EQ,495.75,498.9,498.9,494.2,495.8,495.35,495.58,22947,1137196975000.0,707.0,13865.0,0.6042000000000001
2012-12-11,BRITANNIA,EQ,495.35,495.0,503.0,491.0,502.95,498.95,496.72,218619,10859179735000.0,3457.0,159427.0,0.7292000000000001
2012-12-12,BRITANNIA,EQ,498.95,502.9,505.0,492.1,493.4,494.05,496.67,25548,1268890555000.0,2205.0,14388.0,0.5632
2012-12-13,BRITANNIA,EQ,494.05,444.9,505.0,444.9,496.0,495.95,500.06,61422,3071486225000.0,3708.0,40477.0,0.659
2012-12-14,BRITANNIA,EQ,495.95,499.95,501.0,494.6,499.0,498.65,498.29,36084,1798031160000.0002,2561.0,29644.0,0.8215000000000001
2012-12-17,BRITANNIA,EQ,498.65,500.0,501.75,495.05,497.15,497.65,498.52,13564,676193855000.0,1585.0,10949.0,0.8072
2012-12-18,BRITANNIA,EQ,497.65,499.0,499.0,491.05,493.1,493.85,496.2,23085,1145480850000.0,572.0,18968.0,0.8217
2012-12-19,BRITANNIA,EQ,493.85,494.95,499.45,488.15,499.0,497.65,493.02,76276,3760557265000.0,2597.0,47541.0,0.6233
2012-12-20,BRITANNIA,EQ,497.65,499.9,499.9,492.6,496.0,495.65,495.47,11842,586734320000.0,1018.0,6636.0,0.5604
2012-12-21,BRITANNIA,EQ,495.65,495.6,495.6,488.65,490.5,490.45,492.22,22358,1100501995000.0,1291.0,15433.0,0.6903
2012-12-24,BRITANNIA,EQ,490.45,491.0,494.0,487.0,492.0,492.2,490.88,11302,554789120000.0,567.0,7696.0,0.6809000000000001
2012-12-26,BRITANNIA,EQ,492.2,491.05,500.85,489.05,500.5,499.65,495.92,35893,1780002555000.0,1531.0,19832.0,0.5525
2012-12-27,BRITANNIA,EQ,499.65,499.4,499.4,491.3,492.7,492.2,493.52,20034,988715910000.0,1196.0,13422.0,0.67
2012-12-28,BRITANNIA,EQ,492.2,495.65,495.95,488.65,494.6,494.95,493.25,44549,2197381010000.0002,1273.0,24026.0,0.5393
2012-12-31,BRITANNIA,EQ,494.95,492.5,500.0,491.5,498.9,498.75,497.43,20615,1025455100000.0,979.0,12260.0,0.5947
2013-01-01,BRITANNIA,EQ,498.75,499.95,502.95,497.0,501.7,501.35,500.89,30676,1536518550000.0,1214.0,17648.0,0.5753
2013-01-02,BRITANNIA,EQ,501.35,500.95,509.0,499.3,505.0,504.3,501.52,393405,19730122125000.0,1932.0,363981.0,0.9252
2013-01-03,BRITANNIA,EQ,504.3,509.0,574.9,506.0,506.5,507.7,510.2,231677,11820209460000.0,3249.0,180606.0,0.7796
2013-01-04,BRITANNIA,EQ,507.7,512.0,513.75,508.05,508.6,510.2,510.45,25773,1315578205000.0,1173.0,14850.0,0.5761999999999999
2013-01-07,BRITANNIA,EQ,510.2,510.0,511.65,500.0,501.5,501.8,505.98,18873,954943675000.0,1142.0,12409.0,0.6575
2013-01-08,BRITANNIA,EQ,501.8,502.0,506.5,497.65,500.0,500.1,500.97,16971,850187894999.9999,1172.0,10454.0,0.616
2013-01-09,BRITANNIA,EQ,500.1,500.1,510.05,498.0,504.95,505.45,504.58,236414,11928997695000.0,1638.0,223760.0,0.9465000000000001
2013-01-10,BRITANNIA,EQ,505.45,507.85,508.0,495.0,497.45,496.0,501.17,28392,1422926600000.0,2834.0,18486.0,0.6511
2013-01-11,BRITANNIA,EQ,496.0,496.0,503.9,488.0,490.0,490.15,498.08,45256,2254097090000.0,3687.0,28988.0,0.6405
2013-01-14,BRITANNIA,EQ,490.15,490.0,491.75,481.55,485.6,485.0,485.66,213874,10386902950000.0,2411.0,191830.0,0.8969
2013-01-15,BRITANNIA,EQ,485.0,486.15,490.0,484.5,484.95,486.45,487.25,210031,10233737775000.0,7085.0,152567.0,0.7264
2013-01-16,BRITANNIA,EQ,486.45,487.9,496.9,484.0,494.0,493.95,491.13,58065,2851775120000.0,5804.0,40516.0,0.6978
2013-01-17,BRITANNIA,EQ,493.95,494.35,494.9,488.05,488.1,489.9,490.4,34393,1686632355000.0,872.0,26406.0,0.7678
2013-01-18,BRITANNIA,EQ,489.9,487.3,491.1,485.0,486.65,486.15,489.29,35154,1720051610000.0002,1050.0,29213.0,0.831
2013-01-21,BRITANNIA,EQ,486.15,488.85,490.9,486.0,489.8,489.5,489.37,27937,1367151570000.0,1386.0,21667.0,0.7756000000000001
2013-01-22,BRITANNIA,EQ,489.5,490.8,491.0,486.0,490.0,490.15,490.25,22000,1078541380000.0001,1748.0,18442.0,0.8383
2013-01-23,BRITANNIA,EQ,490.15,490.1,492.5,481.6,485.0,485.25,485.97,45696,2220681705000.0,1396.0,33767.0,0.7389
2013-01-24,BRITANNIA,EQ,485.25,490.0,490.0,472.5,474.0,474.7,476.15,28993,1380506255000.0,3099.0,19126.0,0.6597
2013-01-25,BRITANNIA,EQ,474.7,479.0,488.0,470.2,487.0,484.1,480.83,13437,646094395000.0,1412.0,7762.0,0.5777
2013-01-28,BRITANNIA,EQ,484.1,484.1,487.5,476.4,477.25,477.9,482.63,21884,1056177110000.0,1106.0,16590.0,0.7581
2013-01-29,BRITANNIA,EQ,477.9,480.0,482.0,473.0,482.0,480.2,477.2,34203,1632158425000.0,2374.0,18531.0,0.5418000000000001
2013-01-30,BRITANNIA,EQ,480.2,483.9,483.9,475.0,477.0,475.95,477.47,31856,1521015175000.0,2499.0,22443.0,0.7045
2013-01-31,BRITANNIA,EQ,475.95,475.0,494.0,470.0,493.0,482.0,479.93,42111,2021028655000.0,2408.0,30387.0,0.7216
2013-02-01,BRITANNIA,EQ,482.0,493.0,498.9,468.2,471.9,471.8,473.97,43347,2054500725000.0,2908.0,30657.0,0.7072
2013-02-04,BRITANNIA,EQ,471.8,475.0,479.0,469.1,470.0,470.2,473.33,18776,888728685000.0,1124.0,13265.0,0.7065
2013-02-05,BRITANNIA,EQ,470.2,470.0,471.6,465.1,467.0,467.1,467.75,16933,792048040000.0,1437.0,12023.0,0.71
2013-02-06,BRITANNIA,EQ,467.1,467.1,470.95,464.1,465.5,465.9,467.21,18004,841168080000.0001,1290.0,14406.0,0.8002
2013-02-07,BRITANNIA,EQ,465.9,469.8,469.8,461.15,465.9,465.2,466.08,13877,646780765000.0,1113.0,10682.0,0.7698
2013-02-08,BRITANNIA,EQ,465.2,463.0,468.4,455.9,465.95,465.0,465.65,75387,3510375235000.0,1050.0,66020.0,0.8756999999999999
2013-02-11,BRITANNIA,EQ,465.0,469.7,473.0,462.0,471.45,469.8,470.67,77650,3654771415000.0,1697.0,59527.0,0.7666
2013-02-12,BRITANNIA,EQ,469.8,475.0,479.0,472.0,479.0,476.95,476.3,52269,2489573700000.0,2093.0,27651.0,0.529
2013-02-13,BRITANNIA,EQ,476.95,475.0,487.0,473.1,483.85,483.35,483.94,42657,2064326114999.9998,1568.0,30687.0,0.7194
2013-02-14,BRITANNIA,EQ,483.35,488.0,495.35,480.55,492.0,493.1,487.82,74561,3637205304999.9995,4641.0,60825.0,0.8158
2013-02-15,BRITANNIA,EQ,493.1,498.0,519.0,481.0,490.0,490.0,488.09,28972,1414108435000.0,3205.0,13751.0,0.4746
2013-02-18,BRITANNIA,EQ,490.0,489.05,496.0,489.05,495.1,493.8,493.04,151046,7447229634999.999,1368.0,144695.0,0.958
2013-02-19,BRITANNIA,EQ,493.8,496.0,499.25,489.4,499.0,498.65,494.31,27030,1336106845000.0,3017.0,14165.0,0.524
2013-02-20,BRITANNIA,EQ,498.65,500.0,503.0,494.0,498.9,498.8,499.59,46759,2336014565000.0,2144.0,37497.0,0.8019
2013-02-21,BRITANNIA,EQ,498.8,499.0,509.0,494.0,502.0,504.15,501.26,77532,3886388210000.0,4529.0,60503.0,0.7804000000000001
2013-02-22,BRITANNIA,EQ,504.15,502.95,507.5,499.0,500.1,501.25,502.34,51114,2567669695000.0,1666.0,41891.0,0.8196
2013-02-25,BRITANNIA,EQ,501.25,505.5,510.0,493.25,500.0,499.15,500.56,17209,861407480000.0001,1542.0,8512.0,0.49460000000000004
2013-02-26,BRITANNIA,EQ,499.15,500.0,500.85,487.55,490.0,489.7,491.45,22012,1081777294999.9999,1664.0,14746.0,0.6698999999999999
2013-02-27,BRITANNIA,EQ,489.7,489.5,495.0,488.0,492.0,491.1,490.47,14380,705298545000.0,678.0,9597.0,0.6674
2013-02-28,BRITANNIA,EQ,491.1,499.85,499.85,479.0,481.8,481.5,487.96,22169,1081759440000.0,1909.0,14578.0,0.6576000000000001
2013-03-01,BRITANNIA,EQ,481.5,485.0,505.0,476.8,501.65,502.1,494.94,37914,1876534410000.0002,5620.0,27265.0,0.7191
2013-03-04,BRITANNIA,EQ,502.1,502.1,504.95,495.0,501.4,500.25,499.96,73485,3673979104999.9995,1972.0,66808.0,0.9091
2013-03-05,BRITANNIA,EQ,500.25,500.2,504.0,498.0,503.0,500.4,500.36,49766,2490114545000.0,1011.0,44432.0,0.8928
2013-03-06,BRITANNIA,EQ,500.4,507.85,511.45,500.0,507.65,509.4,508.06,153105,7778594895000.0,5689.0,133875.0,0.8744
2013-03-07,BRITANNIA,EQ,509.4,508.0,528.0,505.55,517.4,519.2,523.27,262569,13739458494999.998,5271.0,214543.0,0.8170999999999999
2013-03-08,BRITANNIA,EQ,519.2,520.05,531.0,519.95,526.1,527.65,527.7,504164,26604701155000.0,2811.0,472098.0,0.9364
2013-03-11,BRITANNIA,EQ,527.65,531.55,544.9,530.05,537.15,535.5,538.76,112755,6074819525000.0,6642.0,63674.0,0.5647
2013-03-12,BRITANNIA,EQ,535.5,543.95,543.95,530.0,537.7,537.2,537.33,39446,2119564045000.0,4023.0,26723.0,0.6775
2013-03-13,BRITANNIA,EQ,537.2,539.7,539.9,535.0,536.8,537.2,537.39,53949,2899182130000.0,3466.0,45910.0,0.851
2013-03-14,BRITANNIA,EQ,537.2,535.05,539.1,521.0,534.0,537.5,530.4,25898,1373619520000.0,1879.0,13171.0,0.5086
2013-03-15,BRITANNIA,EQ,537.5,540.0,548.1,532.25,540.0,540.1,540.51,201662,10900120445000.0,2953.0,172678.0,0.8563
2013-03-18,BRITANNIA,EQ,540.1,542.95,548.15,522.5,547.5,546.95,544.2,28312,1540741455000.0,1897.0,21441.0,0.7573000000000001
2013-03-19,BRITANNIA,EQ,546.95,546.0,546.0,523.25,537.0,531.1,530.47,125939,6680631390000.0,2453.0,88152.0,0.7000000000000001
2013-03-20,BRITANNIA,EQ,531.1,530.15,545.0,523.25,527.0,529.15,537.77,123983,6667458650000.0,5110.0,98272.0,0.7926000000000001
2013-03-21,BRITANNIA,EQ,529.15,531.0,538.95,524.05,533.75,531.4,529.54,62264,3297100140000.0,2017.0,55161.0,0.8859
2013-03-22,BRITANNIA,EQ,531.4,530.55,534.25,519.2,519.2,522.6,531.0,89904,4773872265000.0,2089.0,83282.0,0.9263
2013-03-25,BRITANNIA,EQ,522.6,523.0,526.0,512.0,520.0,520.55,524.21,81291,4261319645000.0005,4058.0,74488.0,0.9163
2013-03-26,BRITANNIA,EQ,520.55,515.05,523.95,511.1,515.0,516.5,519.83,11003,571965835000.0,1314.0,7878.0,0.716
2013-03-28,BRITANNIA,EQ,516.5,519.95,538.05,514.05,521.7,524.95,525.1,33802,1774935285000.0002,3264.0,20025.0,0.5924
2013-04-01,BRITANNIA,EQ,524.95,537.9,540.0,520.05,528.0,527.45,525.84,22951,1206862205000.0,2235.0,16633.0,0.7247
2013-04-02,BRITANNIA,EQ,527.45,524.1,533.9,524.1,529.0,528.0,528.31,94322,4983160730000.0,2863.0,89220.0,0.9459000000000001
2013-04-03,BRITANNIA,EQ,528.0,528.0,536.0,518.55,519.55,519.95,524.64,24593,1290257335000.0,2649.0,20224.0,0.8223
2013-04-04,BRITANNIA,EQ,519.95,519.05,519.05,504.0,514.0,513.0,511.11,25965,1327090100000.0,1480.0,18701.0,0.7202
2013-04-05,BRITANNIA,EQ,513.0,515.0,520.0,510.0,519.6,516.65,513.68,8601,441814545000.0,893.0,3996.0,0.4646
2013-04-08,BRITANNIA,EQ,516.65,531.0,531.0,512.4,518.5,519.0,516.7,5869,303253770000.0,569.0,3597.0,0.6129
2013-04-09,BRITANNIA,EQ,519.0,526.7,526.7,518.2,521.0,520.25,520.21,57822,3007939855000.0,1653.0,54901.0,0.9495
2013-04-10,BRITANNIA,EQ,520.25,524.85,529.5,519.2,525.0,524.95,523.36,33928,1775639420000.0,2490.0,28158.0,0.8299
2013-04-11,BRITANNIA,EQ,524.95,527.0,539.9,525.0,536.9,536.0,535.21,110804,5930289105000.0,3186.0,102920.0,0.9288
2013-04-12,BRITANNIA,EQ,536.0,535.0,535.0,530.0,534.9,534.55,532.82,8256,439893295000.0,1129.0,7071.0,0.8565
2013-04-15,BRITANNIA,EQ,534.55,539.5,539.95,525.0,528.0,526.35,533.22,21801,1162480410000.0,1941.0,12318.0,0.5650000000000001
2013-04-16,BRITANNIA,EQ,526.35,520.3,534.9,520.3,534.0,531.85,528.31,12049,636565985000.0,977.0,8493.0,0.7049
2013-04-17,BRITANNIA,EQ,531.85,535.0,548.6,530.7,543.0,540.75,540.23,20338,1098711865000.0,1869.0,13995.0,0.6881
2013-04-18,BRITANNIA,EQ,540.75,539.0,549.8,538.2,547.75,546.2,544.94,20281,1105189620000.0,2036.0,14307.0,0.7054
2013-04-22,BRITANNIA,EQ,546.2,543.5,566.7,543.5,564.0,564.6,559.86,52201,2922499750000.0,4713.0,35781.0,0.6854000000000001
2013-04-23,BRITANNIA,EQ,564.6,565.0,572.75,551.55,557.0,556.55,558.57,40325,2252434705000.0,4526.0,29001.0,0.7192000000000001
2013-04-25,BRITANNIA,EQ,556.55,551.0,576.85,551.0,564.0,563.65,560.94,638606,35822112025000.0,10794.0,601399.0,0.9417
2013-04-26,BRITANNIA,EQ,563.65,565.0,570.95,560.0,565.1,566.2,565.38,45488,2571796145000.0,6780.0,34424.0,0.7568000000000001
2013-04-29,BRITANNIA,EQ,566.2,564.05,566.0,560.5,563.0,562.7,564.36,31182,1759786095000.0,969.0,28324.0,0.9083
2013-04-30,BRITANNIA,EQ,562.7,565.0,583.9,565.0,579.55,579.85,577.76,63809,3686658175000.0,5761.0,43229.0,0.6775
2013-05-02,BRITANNIA,EQ,579.85,567.0,585.55,561.55,573.85,574.7,577.27,43190,2493213450000.0,3290.0,33634.0,0.7787000000000001
2013-05-03,BRITANNIA,EQ,574.7,576.0,579.95,563.35,573.0,572.7,574.4,68985,3962511815000.0,3285.0,54364.0,0.7881
2013-05-06,BRITANNIA,EQ,572.7,572.0,580.0,571.05,578.95,577.2,573.9,70737,4059579660000.0,1394.0,63777.0,0.9016
2013-05-07,BRITANNIA,EQ,577.2,576.05,582.65,571.9,577.0,576.6,576.69,46326,2671554075000.0,2776.0,39034.0,0.8426
2013-05-08,BRITANNIA,EQ,576.6,576.5,585.05,563.15,571.15,570.3,580.25,176698,10252853015000.0,4548.0,159375.0,0.902
2013-05-09,BRITANNIA,EQ,570.3,569.1,580.0,563.95,576.1,577.65,573.14,128965,7391475155000.0,1427.0,120556.0,0.9348000000000001
2013-05-10,BRITANNIA,EQ,577.65,575.0,578.0,557.7,570.5,571.1,570.26,30920,1763231839999.9998,1718.0,23655.0,0.765
2013-05-11,BRITANNIA,EQ,571.1,574.8,574.8,568.1,571.1,570.85,572.08,669,38272195000.0,91.0,469.0,0.701
2013-05-13,BRITANNIA,EQ,570.85,565.0,576.95,556.15,560.35,560.35,566.87,47456,2690121550000.0,2440.0,41215.0,0.8684999999999999
2013-05-14,BRITANNIA,EQ,560.35,557.0,572.0,557.0,564.1,564.75,565.79,122760,6945630534999.999,1610.0,110441.0,0.8996
2013-05-15,BRITANNIA,EQ,564.75,561.25,579.9,561.25,570.5,570.55,571.4,333106,19033545430000.0,3053.0,312276.0,0.9375
2013-05-16,BRITANNIA,EQ,570.55,575.0,584.25,568.4,570.95,570.5,576.39,53455,3081073860000.0,4781.0,32636.0,0.6104999999999999
2013-05-17,BRITANNIA,EQ,570.5,570.0,575.0,563.25,573.0,570.7,570.05,136641,7789157609999.999,1936.0,128179.0,0.9381
2013-05-20,BRITANNIA,EQ,570.7,573.05,579.9,567.3,568.0,568.85,573.13,94353,5407666295000.0,2289.0,86600.0,0.9178000000000001
2013-05-21,BRITANNIA,EQ,568.85,570.0,573.9,561.0,566.3,565.05,571.97,117069,6695971195000.0,1238.0,110751.0,0.946
2013-05-22,BRITANNIA,EQ,565.05,568.0,571.1,558.1,566.0,565.85,565.79,125703,7112170025000.0,2091.0,113318.0,0.9015000000000001
2013-05-23,BRITANNIA,EQ,565.85,565.0,578.75,560.0,575.3,575.35,569.07,105068,5979121250000.0,6573.0,89137.0,0.8484
2013-05-24,BRITANNIA,EQ,575.35,576.0,581.0,571.85,574.9,574.8,575.21,47539,2734482295000.0,2741.0,23197.0,0.488
2013-05-27,BRITANNIA,EQ,574.8,617.0,683.0,617.0,670.0,665.65,662.15,1727637,114394804959999.98,52733.0,621403.0,0.3597
2013-05-28,BRITANNIA,EQ,665.65,669.85,698.7,652.0,681.5,678.95,675.55,854410,57719648390000.0,38668.0,256152.0,0.2998
2013-05-29,BRITANNIA,EQ,678.95,681.6,692.9,672.0,685.0,683.4,682.76,346994,23691305290000.0,17267.0,140035.0,0.4036
2013-05-30,BRITANNIA,EQ,683.4,683.5,708.8,675.45,705.0,700.0,693.96,216797,15044919744999.998,12487.0,59212.0,0.2731
2013-05-31,BRITANNIA,EQ,700.0,705.0,730.0,702.0,724.65,724.2,715.74,281040,20115148610000.0,17557.0,102759.0,0.36560000000000004
2013-06-03,BRITANNIA,EQ,724.2,725.0,751.9,670.15,690.0,694.75,701.72,618658,43412249950000.0,37598.0,185244.0,0.2994
2013-06-04,BRITANNIA,EQ,694.75,693.0,710.9,673.1,676.05,677.85,686.67,358399,24610128950000.0,23167.0,149608.0,0.41740000000000005
2013-06-05,BRITANNIA,EQ,677.85,677.0,689.95,660.15,666.0,664.75,669.64,235459,15767339255000.002,13857.0,82353.0,0.3498
2013-06-06,BRITANNIA,EQ,664.75,664.7,697.2,649.0,693.0,692.1,676.81,334000,22605299440000.0,16490.0,96916.0,0.2902
2013-06-07,BRITANNIA,EQ,692.1,698.25,708.35,685.5,690.0,690.25,697.4,191840,13378944060000.0,10030.0,101508.0,0.5291
2013-06-10,BRITANNIA,EQ,690.25,690.0,698.0,682.3,698.0,691.75,690.53,159678,11026248580000.0,7854.0,115688.0,0.7245
2013-06-11,BRITANNIA,EQ,691.75,699.95,702.0,689.05,690.9,692.75,696.93,395197,27542592225000.0,8158.0,339496.0,0.8591
2013-06-12,BRITANNIA,EQ,692.75,686.0,695.0,681.0,683.5,684.2,688.16,84477,5813394725000.0,4608.0,56941.0,0.674
2013-06-13,BRITANNIA,EQ,684.2,684.0,686.95,666.3,674.0,675.1,675.04,112571,7598952220000.0,5645.0,71622.0,0.6362
2013-06-14,BRITANNIA,EQ,675.1,679.7,690.0,679.5,683.5,682.65,684.66,281597,19279837225000.0,4024.0,234639.0,0.8331999999999999
2013-06-17,BRITANNIA,EQ,682.65,689.5,689.5,672.25,674.6,674.25,676.64,49074,3320531250000.0,2275.0,29783.0,0.6069
2013-06-18,BRITANNIA,EQ,674.25,674.5,685.0,668.05,669.0,670.2,675.02,94505,6379286675000.0,3743.0,67820.0,0.7176
2013-06-19,BRITANNIA,EQ,670.2,672.0,672.0,665.05,668.95,667.6,668.52,106662,7130532550000.0,5627.0,87519.0,0.8205
2013-06-20,BRITANNIA,EQ,667.6,668.0,678.0,658.05,670.0,670.35,667.63,99344,6632545870000.0,6470.0,62846.0,0.6325999999999999
2013-06-21,BRITANNIA,EQ,670.35,675.0,675.0,660.1,661.5,662.05,663.49,42837,2842185355000.0,2862.0,20743.0,0.4842
2013-06-24,BRITANNIA,EQ,662.05,663.0,668.0,646.2,653.3,650.6,652.86,36947,2412130570000.0,1946.0,21612.0,0.5849000000000001
2013-06-25,BRITANNIA,EQ,650.6,650.0,656.9,645.35,647.0,647.55,649.02,37870,2457849525000.0,1803.0,23925.0,0.6318
2013-06-26,BRITANNIA,EQ,647.55,648.0,662.3,645.2,650.0,647.5,652.44,34783,2269394680000.0,3309.0,19686.0,0.5660000000000001
2013-06-27,BRITANNIA,EQ,647.5,664.4,664.4,650.7,661.0,660.6,657.02,71692,4710285260000.0,3843.0,59681.0,0.8325
2013-06-28,BRITANNIA,EQ,660.6,664.0,678.4,657.65,666.95,674.3,664.82,310660,20653224125000.0,5088.0,275594.0,0.8871
2013-07-01,BRITANNIA,EQ,674.3,672.0,694.7,665.05,686.0,687.25,680.98,155535,10591672480000.0,4330.0,116886.0,0.7515000000000001
2013-07-02,BRITANNIA,EQ,687.25,690.0,690.0,675.0,681.6,682.75,682.36,34844,2377626515000.0,1516.0,19841.0,0.5694
2013-07-03,BRITANNIA,EQ,682.75,687.0,687.0,677.0,677.0,677.3,679.27,15444,1049069700000.0,666.0,10609.0,0.6869
2013-07-04,BRITANNIA,EQ,677.3,675.0,693.5,675.0,690.0,687.85,684.27,32214,2204292805000.0,1787.0,19340.0,0.6004
2013-07-05,BRITANNIA,EQ,687.85,692.0,698.0,667.0,670.0,671.0,685.71,146782,10064928150000.0,6517.0,86917.0,0.5922
2013-07-08,BRITANNIA,EQ,671.0,670.0,678.7,662.0,670.0,669.25,671.85,26696,1793581410000.0002,1460.0,16959.0,0.6353
2013-07-09,BRITANNIA,EQ,669.25,672.0,679.0,670.05,676.0,675.65,675.54,52806,3567254145000.0005,2177.0,40163.0,0.7606
2013-07-10,BRITANNIA,EQ,675.65,675.8,687.5,672.55,678.5,679.5,680.82,40359,2747703825000.0,1693.0,26119.0,0.6472
2013-07-11,BRITANNIA,EQ,679.5,681.05,691.0,676.4,678.2,678.8,685.25,56563,3876005610000.0,2751.0,19525.0,0.34520000000000006
2013-07-12,BRITANNIA,EQ,678.8,675.0,684.95,674.25,677.25,677.85,678.99,23296,1581779765000.0,1081.0,15321.0,0.6577
2013-07-15,BRITANNIA,EQ,677.85,680.0,685.0,678.3,680.0,680.15,681.62,76363,5205054790000.0,2465.0,68567.0,0.8979
2013-07-16,BRITANNIA,EQ,680.15,676.75,683.0,672.6,678.4,679.4,678.76,56152,3811390410000.0,3591.0,45948.0,0.8183
2013-07-17,BRITANNIA,EQ,679.4,680.0,729.0,674.45,695.0,700.05,694.05,607638,42173355800000.0,17293.0,384887.0,0.6334000000000001
2013-07-18,BRITANNIA,EQ,700.05,700.05,721.0,699.0,712.9,714.25,710.82,209004,14856455375000.0,9255.0,84248.0,0.4031
2013-07-19,BRITANNIA,EQ,714.25,717.25,720.95,707.9,710.0,710.05,713.94,115122,8219048030000.0,3381.0,80528.0,0.6995
2013-07-22,BRITANNIA,EQ,710.05,716.0,736.95,708.5,719.0,719.95,725.34,134060,9723890885000.0,4819.0,56422.0,0.42090000000000005
2013-07-23,BRITANNIA,EQ,719.95,718.9,732.0,713.0,730.0,727.2,723.29,117483,8497391384999.999,4401.0,67857.0,0.5776
2013-07-24,BRITANNIA,EQ,727.2,727.2,747.0,721.0,725.95,725.6,733.16,140328,10288282240000.0,6508.0,51403.0,0.3663
2013-07-25,BRITANNIA,EQ,725.6,728.85,740.0,721.8,726.0,724.15,728.97,61320,4470061545000.0,2761.0,25235.0,0.4115
2013-07-26,BRITANNIA,EQ,724.15,726.0,729.7,706.7,714.75,713.55,712.15,94932,6760562109999.999,3302.0,76101.0,0.8016
2013-07-29,BRITANNIA,EQ,713.55,710.0,719.0,702.8,719.0,716.5,713.27,47784,3408302404999.9995,2280.0,34921.0,0.7308
2013-07-30,BRITANNIA,EQ,716.5,719.0,722.95,695.0,704.0,699.8,707.11,59302,4193329210000.0,1767.0,39800.0,0.6711
2013-07-31,BRITANNIA,EQ,699.8,690.05,704.0,678.1,700.0,699.1,690.79,42733,2951933620000.0,2511.0,25382.0,0.594
2013-08-01,BRITANNIA,EQ,699.1,699.0,707.0,692.35,704.9,703.25,700.42,53185,3725193735000.0,3163.0,40362.0,0.7589
2013-08-02,BRITANNIA,EQ,703.25,705.05,713.95,697.0,709.0,708.4,704.06,47232,3325424030000.0,2247.0,32362.0,0.6851999999999999
2013-08-05,BRITANNIA,EQ,708.4,712.0,739.95,703.9,737.0,735.05,725.3,96115,6971208845000.0,4133.0,50165.0,0.5219
2013-08-06,BRITANNIA,EQ,735.05,730.0,732.0,710.55,728.0,723.15,719.27,55874,4018848025000.0,3440.0,21783.0,0.3899
2013-08-07,BRITANNIA,EQ,723.15,737.0,737.0,698.0,700.0,704.3,709.48,166758,11831129935000.0,2536.0,127061.0,0.7619
2013-08-08,BRITANNIA,EQ,704.3,698.15,708.65,682.1,695.0,694.15,696.43,27295,1900912550000.0,1821.0,17602.0,0.6448999999999999
2013-08-12,BRITANNIA,EQ,694.15,699.0,773.0,695.25,735.0,735.0,741.68,1494513,110844877330000.0,47945.0,556003.0,0.37200000000000005
2013-08-13,BRITANNIA,EQ,735.0,744.0,764.8,740.0,747.0,747.3,751.95,761249,57242444704999.99,16469.0,580730.0,0.7629000000000001
2013-08-14,BRITANNIA,EQ,747.3,749.0,761.0,742.0,753.0,753.65,751.37,192961,14498419630000.002,5084.0,137318.0,0.7116
2013-08-16,BRITANNIA,EQ,753.65,744.0,759.9,733.7,736.7,742.75,747.73,176476,13195581305000.0,5273.0,126165.0,0.7149
2013-08-19,BRITANNIA,EQ,742.75,742.65,745.0,720.0,727.15,728.05,733.78,90215,6619776680000.0,3313.0,55454.0,0.6147
2013-08-20,BRITANNIA,EQ,728.05,721.9,721.9,692.25,700.0,700.1,705.32,134517,9487720500000.0,5229.0,100504.0,0.7471
2013-08-21,BRITANNIA,EQ,700.1,704.1,720.8,683.0,688.0,686.8,700.46,141663,9922882385000.0,4411.0,94019.0,0.6637000000000001
2013-08-22,BRITANNIA,EQ,686.8,681.25,715.0,675.0,709.0,709.45,700.38,71726,5023555815000.0,7209.0,46784.0,0.6523000000000001
2013-08-23,BRITANNIA,EQ,709.45,712.0,721.85,710.05,715.0,714.55,713.54,147284,10509282715000.0,6663.0,122477.0,0.8316
2013-08-26,BRITANNIA,EQ,714.55,716.0,721.05,703.5,705.0,706.25,710.21,39091,2776268645000.0,1883.0,25896.0,0.6625
2013-08-27,BRITANNIA,EQ,706.25,704.0,704.0,685.0,691.9,690.6,691.27,53664,3709657579999.9995,3601.0,36580.0,0.6816
2013-08-28,BRITANNIA,EQ,690.6,690.0,698.0,657.8,690.0,691.8,675.31,60878,4111121900000.0,5161.0,37281.0,0.6124
2013-08-29,BRITANNIA,EQ,691.8,693.0,709.8,681.15,696.7,704.85,697.54,77020,5372472855000.0,3510.0,56889.0,0.7386
2013-08-30,BRITANNIA,EQ,704.85,706.0,712.0,696.0,699.0,702.4,704.71,43367,3056127545000.0,2965.0,22033.0,0.5081
2013-09-02,BRITANNIA,EQ,702.4,703.5,724.0,703.5,722.0,717.2,716.9,93261,6685847245000.0,5796.0,69900.0,0.7495
2013-09-03,BRITANNIA,EQ,717.2,724.0,735.0,724.0,730.25,729.75,729.71,104535,7627995165000.001,4018.0,68219.0,0.6526000000000001
2013-09-04,BRITANNIA,EQ,729.75,729.95,754.0,729.95,750.0,748.5,744.39,218381,16256137865000.0,7326.0,168407.0,0.7712000000000001
2013-09-05,BRITANNIA,EQ,748.5,753.9,759.7,742.25,748.0,750.0,751.1,93938,7055675650000.0,2863.0,70578.0,0.7513
2013-09-06,BRITANNIA,EQ,750.0,740.0,754.95,730.0,735.0,732.6,737.11,50808,3745123065000.0,2860.0,28001.0,0.5511
2013-09-10,BRITANNIA,EQ,732.6,738.0,743.9,732.05,735.25,738.6,739.95,66854,4946841710000.0,1618.0,54067.0,0.8087000000000001
2013-09-11,BRITANNIA,EQ,738.6,755.0,769.0,740.25,744.0,744.8,752.54,171356,12895157620000.0,5811.0,102884.0,0.6004
2013-09-12,BRITANNIA,EQ,744.8,745.0,755.9,741.0,742.1,746.25,749.7,121169,9084016780000.0,4925.0,102197.0,0.8434
2013-09-13,BRITANNIA,EQ,746.25,750.0,751.0,736.3,743.0,742.95,743.84,37273,2772514270000.0,1858.0,25004.0,0.6708
2013-09-16,BRITANNIA,EQ,742.95,746.0,749.0,730.0,731.5,732.3,739.51,69886,5168135210000.0,1979.0,45708.0,0.654
2013-09-17,BRITANNIA,EQ,732.3,732.3,738.0,720.0,723.5,723.45,727.24,29523,2147040485000.0002,1534.0,15319.0,0.5189
2013-09-18,BRITANNIA,EQ,723.45,729.7,757.5,727.05,752.0,752.65,746.51,150133,11207551165000.0,5440.0,78499.0,0.5229
2013-09-19,BRITANNIA,EQ,752.65,760.0,779.0,752.25,764.0,764.65,766.57,254923,19541540855000.0,5461.0,192332.0,0.7545000000000001
2013-09-20,BRITANNIA,EQ,764.65,760.0,771.4,750.05,757.15,760.15,761.21,89557,6817183930000.0,5535.0,61621.0,0.6881
2013-09-23,BRITANNIA,EQ,760.15,747.0,757.0,740.25,747.0,745.7,745.9,35718,2664197485000.0,1631.0,25663.0,0.7184999999999999
2013-09-24,BRITANNIA,EQ,745.7,749.7,764.0,745.0,750.85,751.65,757.26,104267,7895747059999.999,8243.0,84931.0,0.8146
2013-09-25,BRITANNIA,EQ,751.65,751.0,759.0,748.0,752.95,752.8,756.21,95582,7228013909999.999,4481.0,81304.0,0.8506
2013-09-26,BRITANNIA,EQ,752.8,753.0,761.0,751.3,758.0,758.45,757.89,217011,16447071910000.0,4109.0,200934.0,0.9259000000000001
2013-09-27,BRITANNIA,EQ,758.45,755.0,783.9,755.0,778.0,776.55,775.46,216460,16785594794999.998,14825.0,156741.0,0.7241
2013-09-30,BRITANNIA,EQ,776.55,777.7,837.0,777.7,829.0,822.0,806.68,300849,24268933450000.0,17552.0,123458.0,0.4104
2013-10-01,BRITANNIA,EQ,822.0,831.3,868.0,822.0,832.95,834.1,838.17,360795,30240900675000.0,10279.0,225589.0,0.6253000000000001
2013-10-03,BRITANNIA,EQ,834.1,839.7,843.0,822.0,823.0,823.85,833.0,101042,8416793484999.999,7308.0,55914.0,0.5534
2013-10-04,BRITANNIA,EQ,823.85,825.65,840.0,823.85,832.05,832.7,832.61,107187,8924463010000.0,5011.0,68860.0,0.6424
2013-10-07,BRITANNIA,EQ,832.7,835.0,852.0,822.25,848.0,845.6,845.74,146433,12384413000000.0,5074.0,92112.0,0.629
2013-10-08,BRITANNIA,EQ,845.6,854.0,874.0,848.0,862.0,862.95,865.18,168585,14585624960000.0,5313.0,126301.0,0.7492000000000001
2013-10-09,BRITANNIA,EQ,862.95,866.0,881.8,865.0,870.2,871.3,875.79,115294,10097372635000.0,8931.0,73052.0,0.6336
2013-10-10,BRITANNIA,EQ,871.3,868.0,875.0,855.0,857.0,857.05,859.16,41589,3573164690000.0,3207.0,23149.0,0.5566
2013-10-11,BRITANNIA,EQ,857.05,858.0,867.35,849.0,852.5,851.85,860.37,124311,10695309405000.0,7424.0,100533.0,0.8087000000000001
2013-10-14,BRITANNIA,EQ,851.85,845.0,875.9,845.0,863.4,866.95,869.11,92972,8080260700000.0,6034.0,67375.0,0.7247
2013-10-15,BRITANNIA,EQ,866.95,874.75,874.75,840.0,843.7,841.7,851.9,33510,2854726170000.0,2544.0,20281.0,0.6052000000000001
2013-10-17,BRITANNIA,EQ,841.7,835.5,843.8,830.0,835.7,837.25,834.15,102638,8561532865000.001,3281.0,89197.0,0.8690000000000001
2013-10-18,BRITANNIA,EQ,837.25,844.65,872.3,839.55,865.4,864.45,859.27,65081,5592195210000.0,4430.0,34312.0,0.5272
2013-10-21,BRITANNIA,EQ,864.45,864.45,877.5,864.0,867.0,867.65,869.37,58041,5045903845000.0,4273.0,39666.0,0.6834
2013-10-22,BRITANNIA,EQ,867.65,874.95,881.0,865.0,881.0,875.6,870.7,45593,3969785229999.9995,3389.0,31974.0,0.7012999999999999
2013-10-23,BRITANNIA,EQ,875.6,881.8,938.0,879.0,914.3,916.85,908.33,208162,18907912640000.0,11678.0,95285.0,0.45770000000000005
2013-10-24,BRITANNIA,EQ,916.85,920.0,971.5,916.9,932.0,926.85,943.99,245769,23200237235000.0,13934.0,106300.0,0.4325
2013-10-25,BRITANNIA,EQ,926.85,921.0,954.9,916.6,926.15,929.0,936.24,108655,10172754380000.0,6495.0,37816.0,0.348
2013-10-28,BRITANNIA,EQ,929.0,922.5,938.5,904.0,920.0,920.8,921.62,112311,10350808055000.0,3792.0,82191.0,0.7318000000000001
2013-10-29,BRITANNIA,EQ,920.8,910.0,942.9,904.05,934.65,929.3,923.37,94238,8701664375000.0,5080.0,66436.0,0.705
2013-10-30,BRITANNIA,EQ,929.3,930.0,954.05,930.0,945.0,944.7,944.91,85817,8108974720000.0,6330.0,53221.0,0.6202000000000001
2013-10-31,BRITANNIA,EQ,944.7,946.0,959.0,930.0,939.25,939.55,943.88,79108,7466873700000.0,6415.0,54396.0,0.6876000000000001
2013-11-01,BRITANNIA,EQ,939.55,942.3,957.6,935.0,942.0,939.95,946.01,66425,6283839085000.0,2975.0,47200.0,0.7106
2013-11-03,BRITANNIA,EQ,939.95,941.0,956.85,941.0,952.25,948.6,948.9,14034,1331683320000.0,1012.0,6495.0,0.46280000000000004
2013-11-05,BRITANNIA,EQ,948.6,945.1,950.0,930.0,935.0,932.55,937.58,35262,3306103020000.0,3191.0,24380.0,0.6914
2013-11-06,BRITANNIA,EQ,932.55,931.0,962.9,931.0,940.5,944.2,950.93,76440,7268895034999.999,10078.0,42851.0,0.5606
2013-11-07,BRITANNIA,EQ,944.2,944.1,951.4,928.45,936.5,936.0,943.36,31938,3012918805000.0,2537.0,18003.0,0.5637
2013-11-08,BRITANNIA,EQ,936.0,936.5,942.4,917.0,920.0,919.85,922.55,44153,4073323020000.0005,2720.0,29765.0,0.6741
2013-11-11,BRITANNIA,EQ,919.85,925.65,965.0,866.6,877.5,875.6,909.98,296598,26989731325000.0,14974.0,110465.0,0.3724
2013-11-12,BRITANNIA,EQ,875.6,930.7,947.9,890.0,910.0,904.35,921.56,445462,41052052305000.0,18474.0,141834.0,0.3184
2013-11-13,BRITANNIA,EQ,904.35,908.9,923.5,884.1,898.0,889.0,905.57,139211,12606572575000.0,6808.0,75017.0,0.5389
2013-11-14,BRITANNIA,EQ,889.0,894.2,910.0,893.3,900.1,898.15,898.49,47454,4263710079999.9995,5199.0,25273.0,0.5326
2013-11-18,BRITANNIA,EQ,898.15,895.2,908.3,890.0,891.7,895.05,896.9,51255,4597036940000.0,3260.0,32575.0,0.6355
2013-11-19,BRITANNIA,EQ,895.05,895.0,902.2,889.1,895.0,896.2,895.47,59205,5301641760000.0,6322.0,37431.0,0.6322
2013-11-20,BRITANNIA,EQ,896.2,900.0,902.85,893.0,898.85,895.3,896.31,43563,3904583010000.0,6290.0,24260.0,0.5569
2013-11-21,BRITANNIA,EQ,895.3,893.0,922.45,873.05,888.0,878.7,890.11,167235,14885823119999.998,8241.0,126870.0,0.7586
2013-11-22,BRITANNIA,EQ,878.7,885.25,892.3,869.5,877.0,873.45,879.38,81293,7148742190000.001,5780.0,56463.0,0.6946
2013-11-25,BRITANNIA,EQ,873.45,871.0,885.5,871.0,880.0,878.95,879.98,72488,6378765750000.0,4491.0,54385.0,0.7503000000000001
2013-11-26,BRITANNIA,EQ,878.95,884.95,906.5,880.0,887.0,888.8,893.45,135907,12142563300000.0,8429.0,102163.0,0.7517
2013-11-27,BRITANNIA,EQ,888.8,884.25,895.9,870.0,876.4,874.85,879.59,33535,2949703620000.0,2460.0,21400.0,0.6381
2013-11-28,BRITANNIA,EQ,874.85,882.7,884.0,872.35,882.95,876.65,876.71,51210,4489620445000.0,5395.0,32641.0,0.6374000000000001
2013-11-29,BRITANNIA,EQ,876.65,882.0,897.6,874.0,875.0,876.5,884.43,57554,5090223625000.0,4100.0,37714.0,0.6553
2013-12-02,BRITANNIA,EQ,876.5,882.0,920.0,880.0,900.0,900.05,902.25,163471,14749104600000.0,12092.0,80630.0,0.4932
2013-12-03,BRITANNIA,EQ,900.05,898.7,927.5,893.05,904.5,905.15,911.45,117738,10731202435000.0,9606.0,52133.0,0.4428
2013-12-04,BRITANNIA,EQ,905.15,904.8,912.0,888.05,890.0,889.55,897.28,49413,4433709350000.0,4475.0,28679.0,0.5804
2013-12-05,BRITANNIA,EQ,889.55,898.0,903.9,878.25,879.9,879.8,888.27,53279,4732626270000.0,2226.0,32861.0,0.6168
2013-12-06,BRITANNIA,EQ,879.8,877.25,887.5,865.25,866.0,867.45,871.93,51957,4530290720000.0,4909.0,34826.0,0.6703
2013-12-09,BRITANNIA,EQ,867.45,879.9,879.9,854.05,874.6,869.55,864.11,112345,9707805760000.0,4997.0,90027.0,0.8013
2013-12-10,BRITANNIA,EQ,869.55,875.0,883.0,865.0,866.0,868.55,871.59,73234,6383036490000.0,8595.0,49012.0,0.6693000000000001
2013-12-11,BRITANNIA,EQ,868.55,868.95,896.0,859.45,891.0,889.25,881.4,67009,5906150260000.0,3872.0,28088.0,0.4192
2013-12-12,BRITANNIA,EQ,889.25,884.25,897.0,872.6,882.0,880.05,881.57,129785,11441427955000.0,3716.0,112383.0,0.8659
2013-12-13,BRITANNIA,EQ,880.05,878.0,892.7,873.0,889.0,889.75,888.21,57124,5073823740000.0,7951.0,36994.0,0.6476000000000001
2013-12-16,BRITANNIA,EQ,889.75,880.6,896.2,875.25,879.9,879.75,880.31,50882,4479212530000.0,4700.0,33802.0,0.6643000000000001
2013-12-17,BRITANNIA,EQ,879.75,885.9,891.95,875.0,886.15,887.6,883.78,41891,3702238550000.0,3330.0,27200.0,0.6493000000000001
2013-12-18,BRITANNIA,EQ,887.6,886.55,893.7,878.5,885.9,886.05,883.28,37483,3310792030000.0,5755.0,26714.0,0.7127
2013-12-19,BRITANNIA,EQ,886.05,885.0,887.95,873.15,878.0,876.45,877.9,25247,2216433170000.0,1665.0,19352.0,0.7665000000000001
2013-12-20,BRITANNIA,EQ,876.45,876.45,904.0,873.3,896.0,893.7,883.71,117681,10399534155000.0,6019.0,92133.0,0.7829
2013-12-23,BRITANNIA,EQ,893.7,900.7,904.0,881.1,885.5,884.55,894.93,50547,4523578695000.0,3733.0,35698.0,0.7062
2013-12-24,BRITANNIA,EQ,884.55,877.8,910.0,877.8,907.5,906.1,899.4,50350,4528463475000.0,6591.0,27139.0,0.539
2013-12-26,BRITANNIA,EQ,906.1,912.95,915.5,896.3,907.55,907.7,908.63,90625,8234482730000.0,6184.0,62235.0,0.6867
2013-12-27,BRITANNIA,EQ,907.7,901.2,920.0,901.2,916.55,915.65,911.1,63752,5808469885000.0,4024.0,51608.0,0.8095
2013-12-30,BRITANNIA,EQ,915.65,921.0,938.0,915.05,918.9,918.55,924.37,96890,8956248740000.0,4635.0,56566.0,0.5838
2013-12-31,BRITANNIA,EQ,918.55,924.0,930.0,916.0,921.0,920.6,921.74,31556,2908637530000.0,1661.0,17598.0,0.5577000000000001
2014-01-01,BRITANNIA,EQ,920.6,915.2,933.0,915.2,922.0,918.45,924.28,37519,3467794145000.0005,2625.0,15064.0,0.40149999999999997
2014-01-02,BRITANNIA,EQ,918.45,913.0,925.0,906.3,908.0,909.2,920.59,174155,16032498844999.998,1613.0,165584.0,0.9508
2014-01-03,BRITANNIA,EQ,909.2,907.85,922.0,893.05,915.2,916.85,914.47,32196,2944220485000.0,1315.0,22741.0,0.7062999999999999
2014-01-06,BRITANNIA,EQ,916.85,919.95,919.95,896.3,909.0,908.9,909.89,117191,10663101200000.0,2846.0,108635.0,0.927
2014-01-07,BRITANNIA,EQ,908.9,906.0,914.9,898.0,905.0,903.85,904.7,112516,10179312755000.0,1359.0,105404.0,0.9368000000000001
2014-01-08,BRITANNIA,EQ,903.85,901.0,914.0,901.0,906.0,906.95,908.67,26862,2440859885000.0,3218.0,17014.0,0.6334000000000001
2014-01-09,BRITANNIA,EQ,906.95,907.1,910.0,895.0,898.0,897.55,898.37,34912,3136386375000.0,3179.0,31396.0,0.8993000000000001
2014-01-10,BRITANNIA,EQ,897.55,898.0,915.0,894.0,897.0,896.05,904.45,102723,9290773570000.0,3919.0,83199.0,0.8099
2014-01-13,BRITANNIA,EQ,896.05,896.5,910.0,894.0,895.6,898.65,904.65,140544,12714301645000.0,3504.0,132426.0,0.9422
2014-01-14,BRITANNIA,EQ,898.65,907.0,911.0,900.45,902.0,905.05,906.17,37805,3425781365000.0,4719.0,32104.0,0.8492000000000001
2014-01-15,BRITANNIA,EQ,905.05,906.0,915.85,895.0,907.0,907.15,907.05,135954,12331724350000.0,5665.0,114611.0,0.843
2014-01-16,BRITANNIA,EQ,907.15,914.0,914.7,903.0,914.0,910.9,910.25,40275,3666051825000.0,1006.0,33242.0,0.8254000000000001
2014-01-17,BRITANNIA,EQ,910.9,902.25,911.0,895.0,896.1,896.75,901.68,15368,1385698790000.0,1351.0,9647.0,0.6277
2014-01-20,BRITANNIA,EQ,896.75,905.0,905.0,886.0,888.0,887.85,891.88,21184,1889350225000.0,1548.0,17827.0,0.8415
2014-01-21,BRITANNIA,EQ,887.85,885.1,899.25,875.1,876.55,879.7,884.06,45579,4029477300000.0,3550.0,32373.0,0.7103
2014-01-22,BRITANNIA,EQ,879.7,875.35,884.0,867.05,875.8,874.0,873.87,69855,6104402405000.0,4678.0,55503.0,0.7945000000000001
2014-01-23,BRITANNIA,EQ,874.0,875.05,887.0,870.0,874.0,872.65,877.36,20084,1762096610000.0002,1851.0,11972.0,0.5961
2014-01-24,BRITANNIA,EQ,872.65,870.1,877.8,859.75,862.95,865.2,868.08,29460,2557373595000.0,2544.0,22329.0,0.7579000000000001
2014-01-27,BRITANNIA,EQ,865.2,860.15,860.2,840.2,852.25,851.05,849.21,55894,4746587505000.0,3127.0,44223.0,0.7912
2014-01-28,BRITANNIA,EQ,851.05,850.0,872.0,850.0,866.0,865.6,865.34,30103,2604921220000.0,4019.0,22022.0,0.7316
2014-01-29,BRITANNIA,EQ,865.6,874.3,874.3,855.4,870.95,868.4,864.74,25190,2178289170000.0,6055.0,17997.0,0.7145
2014-01-30,BRITANNIA,EQ,868.4,866.0,874.7,846.3,870.0,869.8,866.48,20621,1786778200000.0,2943.0,14214.0,0.6893000000000001
2014-01-31,BRITANNIA,EQ,869.8,873.7,885.0,863.8,883.9,882.55,874.98,51616,4516295270000.0,1320.0,44184.0,0.856
2014-02-03,BRITANNIA,EQ,882.55,885.0,891.05,880.25,885.8,886.1,885.57,43344,3838415940000.0,1176.0,38338.0,0.8845000000000001
2014-02-04,BRITANNIA,EQ,886.1,882.15,884.7,866.0,876.5,874.7,871.7,13043,1136957645000.0,3513.0,8882.0,0.6809999999999999
2014-02-05,BRITANNIA,EQ,874.7,879.85,879.85,866.0,870.0,870.2,870.0,10695,930460400000.0,1489.0,8057.0,0.7533
2014-02-06,BRITANNIA,EQ,870.2,875.0,892.0,871.1,892.0,887.2,881.01,17852,1572780175000.0,892.0,14373.0,0.8051
2014-02-07,BRITANNIA,EQ,887.2,892.75,908.0,887.35,901.0,900.8,901.17,42520,3831754654999.9995,1911.0,29075.0,0.6838
2014-02-10,BRITANNIA,EQ,900.8,905.0,919.0,903.0,910.0,910.2,911.28,62531,5698349995000.0,2455.0,46523.0,0.7440000000000001
2014-02-11,BRITANNIA,EQ,910.2,914.7,918.8,896.35,901.55,901.3,906.13,16249,1472366145000.0,1344.0,10296.0,0.6336
2014-02-12,BRITANNIA,EQ,901.3,906.0,909.95,903.15,906.0,905.75,906.92,32746,2969812190000.0,3049.0,27678.0,0.8452
2014-02-13,BRITANNIA,EQ,905.75,908.0,910.0,895.3,902.0,899.4,900.37,120251,10827078865000.0,2205.0,98954.0,0.8229000000000001
2014-02-14,BRITANNIA,EQ,899.4,905.9,911.95,891.05,902.4,902.6,903.91,151493,13693614535000.0,4168.0,128419.0,0.8477
2014-02-17,BRITANNIA,EQ,902.6,921.0,921.9,892.0,903.0,900.55,903.54,105190,9504357840000.0,5933.0,46003.0,0.43729999999999997
2014-02-18,BRITANNIA,EQ,900.55,900.0,921.9,898.4,912.0,913.05,912.48,107897,9845357840000.0,5190.0,77609.0,0.7193
2014-02-19,BRITANNIA,EQ,913.05,917.0,922.25,907.2,915.5,915.35,915.7,59434,5442355590000.0,3183.0,37789.0,0.6358
2014-02-20,BRITANNIA,EQ,915.35,915.9,915.9,899.0,905.0,904.95,904.21,77626,7019009530000.0,4476.0,61139.0,0.7876000000000001
2014-02-21,BRITANNIA,EQ,904.95,906.0,911.5,892.5,896.65,895.6,897.84,23238,2086411720000.0,2176.0,11964.0,0.5147999999999999
2014-02-24,BRITANNIA,EQ,895.6,897.0,903.0,886.1,892.0,890.75,892.91,31181,2784180320000.0,4497.0,18919.0,0.6067
2014-02-25,BRITANNIA,EQ,890.75,892.1,900.0,890.1,895.5,895.15,894.44,35735,3196289615000.0,2072.0,28623.0,0.8009999999999999
2014-02-26,BRITANNIA,EQ,895.15,900.0,900.0,882.15,884.9,886.6,894.18,110777,9905417105000.0,3491.0,101010.0,0.9118
2014-02-28,BRITANNIA,EQ,886.6,899.75,899.75,882.3,889.0,888.4,886.53,33851,3000998615000.0,3998.0,25364.0,0.7493000000000001
2014-03-03,BRITANNIA,EQ,888.4,899.0,899.0,862.9,868.8,866.3,872.11,181829,15857454550000.0,3775.0,163822.0,0.9009999999999999
2014-03-04,BRITANNIA,EQ,866.3,866.3,880.0,861.1,863.0,864.7,867.4,109933,9535586745000.0,3757.0,93947.0,0.8545999999999999
2014-03-05,BRITANNIA,EQ,864.7,869.7,898.0,869.0,888.5,891.05,887.47,89157,7912411859999.999,3435.0,68895.0,0.7726999999999999
2014-03-06,BRITANNIA,EQ,891.05,886.3,895.85,870.1,883.95,884.35,884.33,38673,3419967645000.0005,3764.0,27329.0,0.7067
2014-03-07,BRITANNIA,EQ,884.35,884.35,891.95,870.0,875.0,874.9,877.62,33341,2926059085000.0,4496.0,25302.0,0.7589
2014-03-10,BRITANNIA,EQ,874.9,875.0,888.0,873.0,878.0,875.25,877.24,34747,3048154870000.0,3162.0,26059.0,0.75
2014-03-11,BRITANNIA,EQ,875.25,871.0,883.5,861.6,874.9,873.55,869.11,61933,5382668655000.0,3716.0,49533.0,0.7998000000000001
2014-03-12,BRITANNIA,EQ,873.55,872.55,874.0,864.05,865.0,866.1,868.09,85545,7426105450000.0,3211.0,76909.0,0.899
2014-03-13,BRITANNIA,EQ,866.1,867.05,878.0,861.0,862.0,862.9,866.35,49204,4262811254999.9995,3126.0,37518.0,0.7625000000000001
2014-03-14,BRITANNIA,EQ,862.9,860.15,867.0,855.1,861.0,858.4,859.63,30385,2611995875000.0,2207.0,23934.0,0.7877
2014-03-18,BRITANNIA,EQ,858.4,863.75,868.0,854.0,856.7,855.95,858.24,100583,8632424950000.0,16416.0,83834.0,0.8334999999999999
2014-03-19,BRITANNIA,EQ,855.95,861.7,866.95,853.05,854.0,854.3,858.46,77985,6694703360000.0,12421.0,63250.0,0.8111
2014-03-20,BRITANNIA,EQ,854.3,851.2,860.0,843.0,858.0,855.8,850.99,48201,4101863990000.0,9828.0,33876.0,0.7028
2014-03-21,BRITANNIA,EQ,855.8,858.5,874.0,848.5,863.0,858.3,859.13,246028,21137036200000.0,15419.0,213371.0,0.8673000000000001
2014-03-22,BRITANNIA,EQ,858.3,861.0,866.7,861.0,863.0,862.85,864.39,4877,421565205000.0,345.0,3546.0,0.7271
2014-03-24,BRITANNIA,EQ,862.85,866.0,869.8,842.0,848.0,845.85,848.19,106682,9048659060000.0,13927.0,81280.0,0.7619
2014-03-25,BRITANNIA,EQ,845.85,848.0,857.0,836.5,838.6,841.15,845.68,101711,8601483625000.0,10265.0,76924.0,0.7563
2014-03-26,BRITANNIA,EQ,841.15,845.0,849.95,827.0,832.95,832.8,838.39,65893,5524378925000.0,4751.0,49355.0,0.7490000000000001
2014-03-27,BRITANNIA,EQ,832.8,828.25,841.95,809.1,824.0,816.7,820.13,150034,12304761640000.0,7329.0,123129.0,0.8207
2014-03-28,BRITANNIA,EQ,816.7,832.0,832.0,821.4,825.0,829.0,827.76,243354,20143923475000.0,5009.0,205447.0,0.8442000000000001
2014-03-31,BRITANNIA,EQ,829.0,829.0,846.0,828.95,842.0,843.4,838.7,73616,6174158175000.0,6377.0,50045.0,0.6798000000000001
2014-04-01,BRITANNIA,EQ,843.4,840.4,852.5,835.0,838.65,841.2,843.48,72426,6108957110000.0,2365.0,48147.0,0.6648000000000001
2014-04-02,BRITANNIA,EQ,841.2,837.0,849.0,836.0,839.0,839.45,840.93,116531,9799430110000.0,6064.0,89852.0,0.7711
2014-04-03,BRITANNIA,EQ,839.45,840.0,844.8,838.15,843.0,842.1,842.09,180977,15239890185000.0,5515.0,165354.0,0.9137000000000001
2014-04-04,BRITANNIA,EQ,842.1,838.0,863.8,838.0,858.0,860.95,854.0,136427,11650906325000.0,5852.0,109625.0,0.8035
2014-04-07,BRITANNIA,EQ,860.95,864.8,864.8,829.0,833.05,832.65,836.53,88684,7418721095000.0,5887.0,65467.0,0.7382
2014-04-09,BRITANNIA,EQ,832.65,842.9,862.0,834.15,855.6,854.75,850.12,96145,8173524270000.0,7613.0,63476.0,0.6602
2014-04-10,BRITANNIA,EQ,854.75,864.0,878.2,861.15,875.5,875.55,873.42,132125,11540088405000.0,8900.0,95170.0,0.7203
2014-04-11,BRITANNIA,EQ,875.55,875.0,890.3,874.9,890.0,888.35,884.95,76917,6806779300000.0,4936.0,52270.0,0.6796
2014-04-15,BRITANNIA,EQ,888.35,886.0,893.75,870.7,885.95,882.95,880.98,78237,6892557805000.0,4437.0,62065.0,0.7933
2014-04-16,BRITANNIA,EQ,882.95,882.95,887.9,876.3,878.0,879.95,880.01,52447,4615388580000.0,4043.0,39571.0,0.7545000000000001
2014-04-17,BRITANNIA,EQ,879.95,880.0,887.0,877.0,885.1,884.45,882.51,37149,3278450005000.0,3394.0,28325.0,0.7625000000000001
2014-04-21,BRITANNIA,EQ,884.45,889.7,895.0,885.2,893.0,893.1,891.27,43266,3856159479999.9995,3769.0,34831.0,0.805
2014-04-22,BRITANNIA,EQ,893.1,894.0,923.0,888.55,915.95,912.45,907.16,181489,16463956969999.998,7904.0,139395.0,0.7681
2014-04-23,BRITANNIA,EQ,912.45,912.45,920.0,885.0,888.0,892.5,899.9,126818,11412389310000.0,3739.0,105523.0,0.8321
2014-04-25,BRITANNIA,EQ,892.5,897.0,897.0,881.2,892.0,890.0,889.05,153803,13673815650000.0,7948.0,135531.0,0.8812000000000001
2014-04-28,BRITANNIA,EQ,890.0,885.0,898.3,885.0,890.35,891.45,892.0,243868,21753012975000.0,2097.0,237481.0,0.9738
2014-04-29,BRITANNIA,EQ,891.45,884.1,892.0,858.0,865.0,862.8,874.41,34200,2990480165000.0,2008.0,24415.0,0.7139
2014-04-30,BRITANNIA,EQ,862.8,862.0,871.0,847.35,865.1,864.05,858.09,36480,3130327015000.0,2587.0,21941.0,0.6015
2014-05-02,BRITANNIA,EQ,864.05,860.0,872.4,850.0,855.85,855.85,862.91,19677,1697953680000.0,1820.0,12500.0,0.6353
2014-05-05,BRITANNIA,EQ,855.85,847.3,872.0,847.3,860.0,860.6,858.38,30456,2614294755000.0,2769.0,17603.0,0.578
2014-05-06,BRITANNIA,EQ,860.6,856.55,869.8,845.2,848.0,850.4,855.78,25021,2141243339999.9998,2353.0,15994.0,0.6392
2014-05-07,BRITANNIA,EQ,850.4,843.55,865.0,843.55,858.05,858.35,857.63,32014,2745611830000.0,3655.0,20835.0,0.6508
2014-05-08,BRITANNIA,EQ,858.35,852.5,865.35,850.0,858.25,858.7,857.71,42474,3643031225000.0,5940.0,28575.0,0.6728000000000001
2014-05-09,BRITANNIA,EQ,858.7,855.2,864.4,849.45,853.8,852.85,855.98,76189,6521635760000.0,7958.0,61689.0,0.8097
2014-05-12,BRITANNIA,EQ,852.85,847.1,858.5,843.55,851.4,849.1,848.45,52629,4465310565000.0,4558.0,43676.0,0.8299
2014-05-13,BRITANNIA,EQ,849.1,854.8,879.5,850.0,876.7,874.15,867.36,69665,6042466150000.0,5451.0,46699.0,0.6703
2014-05-14,BRITANNIA,EQ,874.15,875.9,894.9,875.0,885.5,890.95,883.49,389257,34390480435000.004,8122.0,368045.0,0.9455
2014-05-15,BRITANNIA,EQ,890.95,890.95,894.0,868.2,878.0,881.6,880.19,50298,4427168660000.0,5769.0,36084.0,0.7173999999999999
2014-05-16,BRITANNIA,EQ,881.6,885.2,890.0,861.0,869.75,863.2,870.5,85958,7482652155000.0,6638.0,62921.0,0.7320000000000001
2014-05-19,BRITANNIA,EQ,863.2,869.0,869.0,820.95,830.0,825.65,835.43,96303,8045449490000.001,4940.0,81237.0,0.8436
2014-05-20,BRITANNIA,EQ,825.65,826.5,842.0,825.0,838.0,835.45,832.63,166136,13833014080000.002,4170.0,149891.0,0.9022
2014-05-21,BRITANNIA,EQ,835.45,836.5,841.0,830.0,834.0,838.1,838.53,66047,5538246185000.0,4078.0,54093.0,0.8190000000000001
2014-05-22,BRITANNIA,EQ,838.1,841.2,868.0,826.7,838.5,833.3,844.08,159204,13438100169999.998,8474.0,118243.0,0.7427
2014-05-23,BRITANNIA,EQ,833.3,844.7,877.0,840.5,870.0,867.05,858.7,160194,13755833750000.0,7740.0,104684.0,0.6535
2014-05-26,BRITANNIA,EQ,867.05,883.0,897.0,851.0,870.35,869.75,889.74,238351,21206961320000.0,8246.0,182243.0,0.7646
2014-05-27,BRITANNIA,EQ,869.75,873.5,890.0,842.0,870.95,871.25,852.82,382757,32642262945000.0,4669.0,334801.0,0.8747
2014-05-28,BRITANNIA,EQ,871.25,880.0,900.0,868.95,877.3,880.8,891.09,182279,16242766600000.0,6953.0,137430.0,0.7540000000000001
2014-05-29,BRITANNIA,EQ,880.8,884.7,884.7,856.0,870.35,869.3,865.26,102309,8852427885000.0,7357.0,83871.0,0.8198000000000001
2014-05-30,BRITANNIA,EQ,869.3,869.0,885.0,866.1,882.9,881.1,880.07,75886,6678536300000.0,7280.0,62369.0,0.8219
2014-06-02,BRITANNIA,EQ,881.1,891.0,915.0,883.35,898.0,891.3,899.37,162368,14602857025000.0,12112.0,127137.0,0.783
2014-06-03,BRITANNIA,EQ,891.3,892.0,909.0,882.0,900.0,898.2,895.21,69970,6263763540000.0,4507.0,47257.0,0.6754000000000001
2014-06-04,BRITANNIA,EQ,898.2,904.95,906.45,888.4,896.0,898.9,899.91,211539,19036502420000.0,4376.0,198972.0,0.9406
2014-06-05,BRITANNIA,EQ,898.9,890.35,903.5,890.35,896.95,894.95,897.12,46281,4151947595000.0005,2543.0,33997.0,0.7345999999999999
2014-06-06,BRITANNIA,EQ,894.95,894.95,904.4,880.5,881.0,884.8,887.48,127851,11346467325000.0,11607.0,110033.0,0.8606
2014-06-09,BRITANNIA,EQ,884.8,882.0,886.35,880.0,881.05,881.2,883.05,87206,7700699334999.999,3502.0,74488.0,0.8542000000000001
2014-06-10,BRITANNIA,EQ,881.2,885.0,891.0,874.25,876.0,875.85,880.07,72918,6417320155000.0,3490.0,59531.0,0.8164
2014-06-11,BRITANNIA,EQ,875.85,872.15,988.0,872.15,968.05,969.25,945.98,929547,87933010680000.0,38803.0,403627.0,0.43420000000000003
2014-06-12,BRITANNIA,EQ,969.25,976.85,999.0,965.0,975.0,981.3,981.29,262980,25806088465000.0,13216.0,66173.0,0.2516
2014-06-13,BRITANNIA,EQ,981.3,980.0,980.0,920.75,923.0,926.4,943.86,144529,13641493365000.0,7860.0,84065.0,0.5816
2014-06-16,BRITANNIA,EQ,926.4,926.4,956.0,926.25,948.9,948.5,948.31,132716,12585544165000.0,8130.0,84236.0,0.6347
2014-06-17,BRITANNIA,EQ,948.5,951.0,951.3,938.0,946.05,947.3,944.81,48446,4577214465000.0,2438.0,38566.0,0.7961
2014-06-18,BRITANNIA,EQ,947.3,949.0,971.8,909.0,935.1,934.7,936.88,236430,22150622800000.0,11543.0,147426.0,0.6236
2014-06-19,BRITANNIA,EQ,934.7,940.0,942.0,912.0,914.9,918.6,923.8,41913,3871907765000.0,3347.0,26579.0,0.6341
2014-06-20,BRITANNIA,EQ,918.6,915.6,940.0,912.05,915.2,915.8,927.72,56925,5281018800000.0,2880.0,27052.0,0.47520000000000007
2014-06-23,BRITANNIA,EQ,915.8,915.55,941.0,915.55,931.0,932.55,932.57,104399,9735900450000.0,4962.0,73621.0,0.7051999999999999
2014-06-24,BRITANNIA,EQ,932.55,925.05,944.0,925.05,943.0,942.0,937.4,85188,7985488005000.0,5438.0,68596.0,0.8052
2014-06-25,BRITANNIA,EQ,942.0,936.05,1008.7,936.05,989.25,997.25,984.35,347338,34190335855000.0,15340.0,146842.0,0.4228
2014-06-26,BRITANNIA,EQ,997.25,997.8,997.8,974.0,982.9,979.2,982.77,94562,9293278340000.0,10026.0,56454.0,0.5970000000000001
2014-06-27,BRITANNIA,EQ,979.2,972.55,983.0,962.5,976.7,976.15,974.45,44179,4305037245000.0005,4513.0,28996.0,0.6563
2014-06-30,BRITANNIA,EQ,976.15,970.0,1024.0,970.0,1010.0,1008.4,1009.26,158082,15954603760000.0,10184.0,93271.0,0.59
2014-07-01,BRITANNIA,EQ,1008.4,1010.0,1043.0,1010.0,1020.0,1016.2,1026.64,103742,10650571780000.0,10284.0,57942.0,0.5585
2014-07-02,BRITANNIA,EQ,1016.2,1024.95,1038.95,1016.2,1027.35,1030.25,1031.13,281338,29009635105000.0,7911.0,256613.0,0.9120999999999999
2014-07-03,BRITANNIA,EQ,1030.25,1039.65,1039.65,1012.5,1019.9,1018.35,1025.11,56543,5796304940000.0,5267.0,42060.0,0.7439
2014-07-04,BRITANNIA,EQ,1018.35,1025.0,1036.0,1008.1,1011.0,1015.05,1016.79,68681,6983411959999.999,3507.0,56360.0,0.8206
2014-07-07,BRITANNIA,EQ,1015.05,1023.9,1030.0,1003.0,1006.0,1005.35,1011.81,22361,2262505655000.0,2098.0,15642.0,0.6995
2014-07-08,BRITANNIA,EQ,1005.35,1010.35,1039.0,1002.0,1020.0,1020.4,1021.14,130654,13341558955000.0,6384.0,88467.0,0.6770999999999999
2014-07-09,BRITANNIA,EQ,1020.4,1032.0,1035.9,985.35,993.0,997.65,1021.17,137616,14052936735000.0,3259.0,120834.0,0.8781
2014-07-10,BRITANNIA,EQ,997.65,1000.0,1017.95,971.55,988.7,995.0,995.11,76712,7633690584999.999,3940.0,47494.0,0.6191
2014-07-11,BRITANNIA,EQ,995.0,998.0,1005.0,978.1,986.7,984.55,986.76,34347,3389238379999.9995,4152.0,21850.0,0.6362
2014-07-14,BRITANNIA,EQ,984.55,979.0,996.0,968.95,981.0,980.35,980.49,22364,2192773675000.0,2070.0,15603.0,0.6977
2014-07-15,BRITANNIA,EQ,980.35,980.0,1009.0,973.0,982.3,983.6,993.59,28280,2809866225000.0,1743.0,12237.0,0.43270000000000003
2014-07-16,BRITANNIA,EQ,983.6,976.0,993.15,972.0,977.0,977.0,977.48,26521,2592364640000.0,3952.0,18234.0,0.6875
2014-07-17,BRITANNIA,EQ,977.0,969.0,992.0,969.0,992.0,988.2,982.61,35973,3534743845000.0005,2058.0,19302.0,0.5366
2014-07-18,BRITANNIA,EQ,988.2,977.0,999.0,977.0,991.5,994.65,990.22,148487,14703548375000.0,6878.0,131167.0,0.8834000000000001
2014-07-21,BRITANNIA,EQ,994.65,991.25,1035.0,991.25,1028.0,1032.35,1023.72,78053,7990423020000.0,5081.0,47550.0,0.6092000000000001
2014-07-22,BRITANNIA,EQ,1032.35,1025.0,1046.0,1025.0,1041.65,1040.55,1039.33,72754,7561557400000.0,3696.0,48954.0,0.6729
2014-07-23,BRITANNIA,EQ,1040.55,1030.0,1050.0,1015.2,1045.6,1045.25,1041.48,71249,7420433934999.999,6977.0,47189.0,0.6623
2014-07-24,BRITANNIA,EQ,1045.25,1040.0,1100.0,1030.0,1071.0,1064.5,1054.01,200986,21184109585000.0,8423.0,166395.0,0.8279000000000001
2014-07-25,BRITANNIA,EQ,1064.5,1069.0,1090.0,1050.1,1074.0,1073.75,1070.26,69937,7485043990000.001,3537.0,48430.0,0.6925
2014-07-28,BRITANNIA,EQ,1073.75,1065.0,1075.1,1045.0,1073.0,1071.15,1068.27,190698,20371755235000.0,3434.0,173385.0,0.9092
2014-07-30,BRITANNIA,EQ,1071.15,1062.0,1117.0,1062.0,1114.0,1112.15,1105.83,174688,19317547900000.0,6537.0,115146.0,0.6592
2014-07-31,BRITANNIA,EQ,1112.15,1114.0,1153.95,1114.0,1145.0,1148.4,1141.48,130166,14858163375000.0,7132.0,88254.0,0.6779999999999999
2014-08-01,BRITANNIA,EQ,1148.4,1130.0,1160.0,1123.05,1156.0,1149.5,1145.3,112069,12835287670000.0,8839.0,74907.0,0.6684
2014-08-04,BRITANNIA,EQ,1149.5,1150.0,1168.0,1098.1,1105.0,1114.75,1139.47,242664,27650866555000.0,9465.0,210342.0,0.8668000000000001
2014-08-05,BRITANNIA,EQ,1114.75,1115.0,1139.0,1084.0,1134.0,1128.75,1117.26,55761,6229956715000.0,3643.0,27753.0,0.49770000000000003
2014-08-06,BRITANNIA,EQ,1128.75,1138.0,1171.0,1125.75,1148.0,1151.6,1155.29,128373,14830760775000.0,8891.0,78557.0,0.6119
2014-08-07,BRITANNIA,EQ,1151.6,1169.8,1169.8,1140.0,1145.3,1147.65,1155.6,38934,4499200470000.0,5769.0,21117.0,0.5424
2014-08-08,BRITANNIA,EQ,1147.65,1148.0,1157.6,1125.0,1130.0,1130.1,1139.88,64339,7333884145000.0,5921.0,52221.0,0.8117000000000001
2014-08-11,BRITANNIA,EQ,1130.1,1130.55,1164.9,1130.55,1160.0,1155.95,1149.87,122663,14104638550000.0,4468.0,102811.0,0.8382
2014-08-12,BRITANNIA,EQ,1155.95,1160.0,1186.0,1135.0,1150.0,1152.45,1165.48,257817,30047973000000.0,11597.0,137930.0,0.535
2014-08-13,BRITANNIA,EQ,1152.45,1152.6,1163.95,1107.1,1140.1,1133.7,1136.46,146183,16613129794999.998,5826.0,116251.0,0.7952
2014-08-14,BRITANNIA,EQ,1133.7,1135.0,1199.0,1135.0,1190.0,1190.95,1172.72,224913,26375944060000.0,12985.0,149154.0,0.6631999999999999
2014-08-18,BRITANNIA,EQ,1190.95,1201.0,1275.0,1201.0,1273.0,1270.1,1241.37,142955,17745993780000.0,16002.0,81603.0,0.5708
2014-08-19,BRITANNIA,EQ,1270.1,1265.0,1311.85,1255.0,1283.0,1283.5,1291.45,254850,32912514525000.0,19835.0,191841.0,0.7528
2014-08-20,BRITANNIA,EQ,1283.5,1290.5,1294.0,1251.25,1252.0,1260.1,1269.83,273292,34703333000000.0,15436.0,245892.0,0.8997
2014-08-21,BRITANNIA,EQ,1260.1,1263.0,1269.0,1239.0,1246.0,1246.2,1255.23,171508,21528237265000.0,9807.0,153565.0,0.8954000000000001
2014-08-22,BRITANNIA,EQ,1246.2,1254.45,1274.0,1240.1,1243.8,1249.75,1262.62,279651,35309263540000.0,14961.0,249226.0,0.8912000000000001
2014-08-25,BRITANNIA,EQ,1249.75,1244.0,1252.7,1213.0,1223.05,1222.35,1228.2,122485,15043598235000.0,14459.0,80810.0,0.6598
2014-08-26,BRITANNIA,EQ,1222.35,1222.0,1283.9,1203.35,1255.0,1256.6,1253.46,119244,14946746165000.0,11828.0,62017.0,0.5201
2014-08-27,BRITANNIA,EQ,1256.6,1268.8,1289.0,1249.0,1250.05,1259.85,1276.51,237093,30265202430000.0,7928.0,200117.0,0.8440000000000001
2014-08-28,BRITANNIA,EQ,1259.85,1250.0,1269.55,1230.0,1245.0,1242.9,1249.37,157689,19701183120000.0,12118.0,129549.0,0.8215000000000001
2014-09-01,BRITANNIA,EQ,1242.9,1228.0,1281.0,1228.0,1264.0,1262.6,1264.57,62128,7856545180000.0,7340.0,38434.0,0.6186
2014-09-02,BRITANNIA,EQ,1262.6,1274.0,1275.0,1235.0,1258.65,1257.15,1267.92,117194,14859213030000.002,8587.0,94709.0,0.8081
2014-09-03,BRITANNIA,EQ,1257.15,1260.0,1287.9,1260.0,1272.55,1281.7,1275.46,147581,18823359545000.0,14595.0,99149.0,0.6718000000000001
2014-09-04,BRITANNIA,EQ,1281.7,1279.9,1279.9,1240.0,1248.0,1254.4,1256.73,79206,9954016630000.0,6893.0,56228.0,0.7099
2014-09-05,BRITANNIA,EQ,1254.4,1254.25,1272.0,1240.1,1265.0,1260.85,1266.08,155928,19741800845000.0,7038.0,136563.0,0.8758
2014-09-08,BRITANNIA,EQ,1260.85,1266.0,1285.0,1260.0,1274.6,1271.05,1279.33,302985,38761692630000.0,9365.0,280196.0,0.9248000000000001
2014-09-09,BRITANNIA,EQ,1271.05,1284.7,1300.0,1269.35,1273.0,1275.05,1285.44,192526,24748064535000.0,9846.0,156671.0,0.8138
2014-09-10,BRITANNIA,EQ,1275.05,1280.0,1314.95,1280.0,1304.0,1306.05,1304.01,336771,43915187300000.0,15280.0,260242.0,0.7728
2014-09-11,BRITANNIA,EQ,1306.05,1310.0,1374.9,1310.0,1346.0,1345.9,1348.01,226388,30517220655000.0,11120.0,160111.0,0.7072
2014-09-12,BRITANNIA,EQ,1345.9,1355.7,1390.1,1354.8,1387.0,1381.7,1375.84,114361,15734214490000.0,10776.0,72687.0,0.6356
2014-09-15,BRITANNIA,EQ,1381.7,1383.9,1474.0,1371.4,1469.95,1461.4,1425.79,184514,26307796645000.0,11210.0,111841.0,0.6061
2014-09-16,BRITANNIA,EQ,1461.4,1470.0,1511.1,1405.1,1453.0,1436.35,1456.77,184506,26878197420000.0,19809.0,117707.0,0.638
2014-09-17,BRITANNIA,EQ,1436.35,1470.0,1470.0,1411.0,1441.0,1453.15,1435.97,65346,9383501550000.0,8626.0,31993.0,0.48960000000000004
2014-09-18,BRITANNIA,EQ,1453.15,1453.0,1471.8,1410.0,1413.0,1414.15,1432.13,117274,16795195575000.0,15596.0,87104.0,0.7427
2014-09-19,BRITANNIA,EQ,1414.15,1432.9,1432.9,1352.2,1379.0,1375.2,1385.15,178196,24682786505000.0,15271.0,128384.0,0.7205
2014-09-22,BRITANNIA,EQ,1375.2,1394.0,1395.95,1352.0,1362.1,1369.4,1372.49,80255,11014925415000.0,11650.0,49916.0,0.622
2014-09-23,BRITANNIA,EQ,1369.4,1376.0,1395.0,1354.0,1383.0,1386.35,1375.96,55004,7568308765000.001,6492.0,32679.0,0.5941
2014-09-24,BRITANNIA,EQ,1386.35,1404.0,1418.0,1366.8,1373.25,1391.65,1400.62,49294,6904237725000.0,5148.0,22770.0,0.4619
2014-09-25,BRITANNIA,EQ,1391.65,1381.0,1414.0,1381.0,1411.0,1404.0,1406.29,57127,8033686770000.0,5839.0,37282.0,0.6526000000000001
2014-09-26,BRITANNIA,EQ,1404.0,1390.0,1425.0,1375.5,1404.0,1407.95,1410.99,60983,8604632425000.0,6548.0,41133.0,0.6745
2014-09-29,BRITANNIA,EQ,1407.95,1394.0,1433.4,1393.9,1400.0,1408.8,1416.71,108170,15324531175000.0,9571.0,85638.0,0.7917000000000001
2014-09-30,BRITANNIA,EQ,1408.8,1395.0,1433.1,1330.0,1355.0,1392.05,1416.93,299695,42464598555000.0,9180.0,272382.0,0.9089
2014-10-01,BRITANNIA,EQ,1392.05,1368.0,1418.8,1361.0,1398.0,1398.9,1405.04,70445,9897819120000.0,7330.0,50052.0,0.7105
2014-10-07,BRITANNIA,EQ,1398.9,1385.0,1417.0,1380.05,1403.5,1401.55,1399.67,66685,9333680205000.0,5040.0,49429.0,0.7412000000000001
2014-10-08,BRITANNIA,EQ,1401.55,1392.5,1406.0,1362.25,1362.25,1371.7,1381.29,45784,6324117645000.0,3541.0,36674.0,0.8009999999999999
2014-10-09,BRITANNIA,EQ,1371.7,1367.2,1385.4,1351.0,1359.9,1351.85,1365.17,130066,17756177955000.0,11563.0,113462.0,0.8723000000000001
2014-10-10,BRITANNIA,EQ,1351.85,1341.0,1356.0,1303.95,1350.0,1331.8,1321.89,122380,16177316394999.998,10893.0,92700.0,0.7575000000000001
2014-10-13,BRITANNIA,EQ,1331.8,1322.5,1360.2,1315.25,1347.0,1343.1,1336.36,73287,9793782545000.0,5893.0,58644.0,0.8002
2014-10-14,BRITANNIA,EQ,1343.1,1341.0,1352.75,1335.0,1344.25,1340.0,1341.27,88246,11836157400000.0,11990.0,73297.0,0.8306
2014-10-16,BRITANNIA,EQ,1340.0,1327.05,1353.45,1300.25,1340.0,1323.8,1318.54,247931,32690598255000.0,15905.0,225905.0,0.9112
2014-10-17,BRITANNIA,EQ,1323.8,1322.0,1355.5,1319.0,1332.0,1342.95,1340.67,97507,13072432975000.0,18259.0,76985.0,0.7895000000000001
2014-10-20,BRITANNIA,EQ,1342.95,1347.0,1374.7,1345.1,1360.0,1360.05,1358.72,86816,11795822815000.0,10553.0,73623.0,0.848
2014-10-21,BRITANNIA,EQ,1360.05,1365.05,1402.5,1365.05,1395.0,1391.1,1388.31,109942,15263326569999.998,13864.0,85480.0,0.7775
2014-10-22,BRITANNIA,EQ,1391.1,1396.0,1428.6,1381.4,1402.0,1404.85,1396.02,59375,8288874670000.0,9577.0,43209.0,0.7277
2014-10-23,BRITANNIA,EQ,1404.85,1405.5,1467.8,1405.5,1460.0,1446.0,1438.7,26224,3772848154999.9995,1508.0,20647.0,0.7873000000000001
2014-10-27,BRITANNIA,EQ,1446.0,1460.0,1473.0,1431.95,1440.0,1439.45,1445.76,43879,6343856475000.0,5141.0,30109.0,0.6862
2014-10-28,BRITANNIA,EQ,1439.45,1443.9,1476.85,1439.45,1441.0,1445.45,1450.92,71450,10366825485000.0,6248.0,50974.0,0.7134
2014-10-29,BRITANNIA,EQ,1445.45,1459.7,1476.6,1450.25,1459.0,1459.2,1463.17,94500,13826991385000.0,7370.0,76400.0,0.8085
2014-10-30,BRITANNIA,EQ,1459.2,1462.6,1527.0,1460.0,1500.0,1491.5,1493.36,184989,27625584735000.004,8621.0,126728.0,0.6851
2014-10-31,BRITANNIA,EQ,1491.5,1495.95,1547.05,1495.95,1537.0,1530.8,1527.04,119715,18280916680000.0,16359.0,82817.0,0.6918000000000001
2014-11-03,BRITANNIA,EQ,1530.8,1536.0,1542.05,1501.7,1509.0,1508.2,1519.98,55118,8377827775000.0,6272.0,41891.0,0.76
2014-11-05,BRITANNIA,EQ,1508.2,1502.0,1576.0,1500.0,1551.05,1552.35,1546.94,198444,30698103325000.0,20874.0,151306.0,0.7625000000000001
2014-11-07,BRITANNIA,EQ,1552.35,1556.05,1570.0,1518.0,1519.0,1520.15,1528.13,192337,29391688530000.0,15897.0,157637.0,0.8196
2014-11-10,BRITANNIA,EQ,1520.15,1523.0,1537.5,1515.25,1517.05,1518.7,1522.58,106968,16286767669999.998,12251.0,84168.0,0.7869
2014-11-11,BRITANNIA,EQ,1518.7,1518.7,1545.0,1511.0,1535.0,1529.6,1521.49,134140,20409216980000.0,7390.0,109690.0,0.8177
2014-11-12,BRITANNIA,EQ,1529.6,1536.0,1622.5,1535.1,1592.0,1599.45,1577.44,337721,53273531705000.0,22393.0,254650.0,0.7540000000000001
2014-11-13,BRITANNIA,EQ,1599.45,1599.0,1642.0,1570.0,1595.0,1597.15,1614.45,188877,30493213200000.0,12846.0,103552.0,0.5483
2014-11-14,BRITANNIA,EQ,1597.15,1618.0,1668.8,1612.05,1625.0,1624.3,1637.96,206111,33760254280000.0,26139.0,135445.0,0.6570999999999999
2014-11-17,BRITANNIA,EQ,1624.3,1700.0,1703.9,1640.0,1643.0,1644.0,1666.21,377117,62835445504999.99,20983.0,223567.0,0.5928
2014-11-18,BRITANNIA,EQ,1644.0,1655.0,1680.0,1655.0,1665.0,1664.8,1667.69,159411,26584836300000.0,13647.0,111704.0,0.7007
2014-11-19,BRITANNIA,EQ,1664.8,1675.0,1729.8,1674.1,1700.0,1698.9,1707.57,295890,50525300870000.0,17478.0,188141.0,0.6358
2014-11-20,BRITANNIA,EQ,1698.9,1708.0,1717.7,1651.0,1675.0,1672.5,1685.95,73685,12422943630000.0,6480.0,46492.0,0.631
2014-11-21,BRITANNIA,EQ,1672.5,1682.95,1684.8,1660.0,1673.95,1673.8,1677.34,103692,17392659950000.0,6348.0,69771.0,0.6729
2014-11-24,BRITANNIA,EQ,1673.8,1684.0,1695.0,1650.0,1656.55,1652.55,1669.26,74619,12455840970000.0,12168.0,51804.0,0.6942
2014-11-25,BRITANNIA,EQ,1652.55,1652.55,1667.0,1562.0,1580.0,1589.2,1606.08,141602,22742462140000.0,12947.0,103236.0,0.7291
2014-11-26,BRITANNIA,EQ,1589.2,1574.0,1659.0,1573.3,1650.0,1652.05,1631.59,206366,33670570080000.0,13667.0,155336.0,0.7526999999999999
2014-11-27,BRITANNIA,EQ,1652.05,1642.1,1687.0,1642.1,1680.0,1681.55,1675.04,95287,15960995294999.998,9932.0,64206.0,0.6738
2014-11-28,BRITANNIA,EQ,1681.55,1696.9,1696.9,1621.65,1643.0,1647.95,1664.97,115597,19246597195000.0,18042.0,81830.0,0.7079000000000001
2014-12-01,BRITANNIA,EQ,1647.95,1650.0,1700.0,1640.2,1699.95,1686.85,1673.75,89045,14903880560000.0,8429.0,64189.0,0.7209000000000001
2014-12-02,BRITANNIA,EQ,1686.85,1683.0,1750.0,1683.0,1743.0,1745.75,1724.39,199916,34473401650000.0,13244.0,103141.0,0.5159
2014-12-03,BRITANNIA,EQ,1745.75,1760.0,1825.0,1759.95,1807.0,1800.8,1804.81,207889,37519999260000.0,15534.0,132342.0,0.6365999999999999
2014-12-04,BRITANNIA,EQ,1800.8,1805.0,1841.0,1795.05,1840.0,1834.4,1823.72,136436,24882055270000.0,10772.0,77474.0,0.5678
2014-12-05,BRITANNIA,EQ,1834.4,1840.0,1856.6,1790.0,1800.0,1795.5,1822.35,79745,14532319719999.998,8006.0,55587.0,0.6970999999999999
2014-12-08,BRITANNIA,EQ,1795.5,1804.0,1838.1,1780.0,1799.0,1790.5,1803.87,51894,9360987580000.0,4889.0,27846.0,0.5366
2014-12-09,BRITANNIA,EQ,1790.5,1779.0,1805.9,1753.75,1797.0,1793.55,1782.69,77450,13806909225000.0,8310.0,48501.0,0.6262
2014-12-10,BRITANNIA,EQ,1793.55,1800.0,1810.0,1775.1,1801.5,1797.65,1795.86,41402,7435210565000.001,5196.0,27249.0,0.6581999999999999
2014-12-11,BRITANNIA,EQ,1797.65,1799.9,1824.25,1756.0,1770.0,1760.35,1781.19,86561,15418137060000.0,5892.0,66743.0,0.7711
2014-12-12,BRITANNIA,EQ,1760.35,1793.8,1802.5,1776.0,1800.0,1795.95,1798.31,109394,19672429315000.0,9771.0,86137.0,0.7874
2014-12-15,BRITANNIA,EQ,1795.95,1781.0,1812.85,1781.0,1787.0,1787.65,1793.45,72602,13020778035000.0,9602.0,43278.0,0.5961
2014-12-16,BRITANNIA,EQ,1787.65,1775.0,1796.9,1727.25,1749.0,1738.05,1755.32,124163,21794589770000.0,8341.0,100484.0,0.8093000000000001
2014-12-17,BRITANNIA,EQ,1738.05,1723.0,1750.0,1670.0,1675.0,1683.0,1703.16,235053,40033269710000.0,14397.0,199870.0,0.8503000000000001
2014-12-18,BRITANNIA,EQ,1683.0,1715.0,1759.4,1711.45,1748.0,1742.2,1740.87,129806,22597577795000.0,21240.0,87736.0,0.6759000000000001
2014-12-19,BRITANNIA,EQ,1742.2,1751.1,1767.8,1710.4,1728.0,1723.75,1738.49,74078,12878386805000.0,10157.0,52009.0,0.7021
2014-12-22,BRITANNIA,EQ,1723.75,1734.0,1805.0,1734.0,1785.0,1788.4,1788.65,186978,33443838405000.0,10835.0,104137.0,0.5569
2014-12-23,BRITANNIA,EQ,1788.4,1806.0,1820.0,1751.0,1771.0,1764.1,1788.36,76247,13635722175000.0,6874.0,41727.0,0.5473
2014-12-24,BRITANNIA,EQ,1764.1,1766.0,1785.0,1746.3,1751.0,1755.4,1767.06,31614,5586384685000.0,4238.0,17005.0,0.5379
2014-12-26,BRITANNIA,EQ,1755.4,1766.0,1769.15,1725.1,1734.5,1731.15,1741.75,41489,7226357209999.999,4324.0,27060.0,0.6522
2014-12-29,BRITANNIA,EQ,1731.15,1742.0,1783.7,1735.0,1779.05,1780.2,1772.93,230098,40794706995000.0,7306.0,189460.0,0.8234
2014-12-30,BRITANNIA,EQ,1780.2,1787.9,1790.1,1766.0,1780.0,1784.0,1780.23,61780,10998238360000.0,6987.0,32405.0,0.5245000000000001
2014-12-31,BRITANNIA,EQ,1784.0,1794.0,1865.0,1775.0,1838.55,1840.1,1819.71,286915,52210338205000.0,14114.0,193587.0,0.6747
2015-01-01,BRITANNIA,EQ,1840.1,1838.55,1863.0,1823.25,1830.0,1831.5,1840.76,48475,8923092455000.0,3958.0,22142.0,0.4568
2015-01-02,BRITANNIA,EQ,1831.5,1842.0,1885.0,1838.0,1880.0,1878.55,1864.43,154493,28804107080000.0,7059.0,100652.0,0.6515000000000001
2015-01-05,BRITANNIA,EQ,1878.55,1889.0,1926.95,1872.3,1894.5,1879.85,1900.91,172236,32740518655000.0,11951.0,110579.0,0.642
2015-01-06,BRITANNIA,EQ,1879.85,1885.0,1910.0,1850.0,1902.0,1881.9,1878.27,114142,21438937430000.0,7837.0,66676.0,0.5841
2015-01-07,BRITANNIA,EQ,1881.9,1891.95,2008.9,1891.95,1996.5,1995.75,1965.32,473737,93104637745000.0,31279.0,278978.0,0.5889
2015-01-08,BRITANNIA,EQ,1995.75,2010.1,2017.0,1962.4,1965.0,1969.2,1978.7,226447,44806969945000.0,29108.0,174845.0,0.7721
2015-01-09,BRITANNIA,EQ,1969.2,1976.0,1979.8,1927.05,1944.95,1945.3,1950.93,241537,47122222650000.0,37291.0,169045.0,0.6999
2015-01-12,BRITANNIA,EQ,1945.3,1954.0,1975.0,1922.0,1930.0,1932.0,1943.1,138391,26890785045000.0,22991.0,103293.0,0.7464000000000001
2015-01-13,BRITANNIA,EQ,1932.0,1948.0,1970.0,1925.5,1925.5,1933.4,1947.47,231848,45151747845000.0,24100.0,173693.0,0.7492000000000001
2015-01-14,BRITANNIA,EQ,1933.4,1951.0,1975.0,1933.0,1960.0,1946.05,1964.04,329106,64637741710000.0,40740.0,279628.0,0.8497
2015-01-15,BRITANNIA,EQ,1946.05,2000.0,2000.0,1921.0,1935.0,1934.15,1939.97,190902,37034413170000.0,34734.0,137081.0,0.7181000000000001
2015-01-16,BRITANNIA,EQ,1934.15,1945.0,1959.85,1917.0,1931.15,1928.7,1943.55,197901,38462976280000.0,26610.0,154502.0,0.7807
2015-01-19,BRITANNIA,EQ,1928.7,1940.0,1942.0,1896.5,1904.0,1908.65,1924.41,140438,27026024364999.996,12265.0,111842.0,0.7964
2015-01-20,BRITANNIA,EQ,1908.65,1912.0,1941.9,1910.0,1925.0,1920.75,1926.51,129237,24897657815000.0,17101.0,84858.0,0.6566
2015-01-21,BRITANNIA,EQ,1920.75,1912.0,1935.0,1896.0,1911.1,1915.05,1919.34,135299,25968536950000.0,19061.0,99765.0,0.7373999999999999
2015-01-22,BRITANNIA,EQ,1915.05,1910.5,1924.9,1896.25,1900.0,1901.15,1907.94,143831,27442028375000.0,11576.0,110507.0,0.7683
2015-01-23,BRITANNIA,EQ,1901.15,1920.0,1927.0,1906.0,1910.0,1914.65,1914.51,230051,44043596555000.0,15167.0,194380.0,0.8449
2015-01-27,BRITANNIA,EQ,1914.65,1930.0,1940.0,1905.0,1908.5,1914.35,1916.09,113739,21793401785000.0,8077.0,90805.0,0.7984
2015-01-28,BRITANNIA,EQ,1914.35,1920.0,1920.4,1905.0,1915.0,1913.75,1915.67,227760,43631342930000.0,9377.0,202049.0,0.8871
2015-01-29,BRITANNIA,EQ,1913.75,1924.9,1924.9,1900.1,1908.0,1908.35,1909.64,88687,16935994335000.0,6475.0,67501.0,0.7611
2015-01-30,BRITANNIA,EQ,1908.35,1915.0,1915.0,1875.1,1895.0,1889.0,1901.06,100300,19067640750000.0,10332.0,80560.0,0.8031999999999999
2015-02-02,BRITANNIA,EQ,1889.0,1889.0,1911.2,1889.0,1900.0,1900.1,1902.36,162006,30819425164999.996,14085.0,143464.0,0.8855
2015-02-03,BRITANNIA,EQ,1900.1,1917.0,1938.0,1910.65,1918.1,1924.25,1927.85,240081,46284071200000.0,15052.0,197354.0,0.8220000000000001
2015-02-04,BRITANNIA,EQ,1924.25,1955.0,1963.7,1881.2,1886.0,1894.1,1903.09,340145,64732633290000.0,11383.0,262999.0,0.7732
2015-02-05,BRITANNIA,EQ,1894.1,1904.45,1906.5,1846.25,1854.5,1853.5,1883.91,153241,28869288064999.996,14972.0,125812.0,0.821
2015-02-06,BRITANNIA,EQ,1853.5,1870.0,1887.2,1857.1,1880.0,1879.15,1879.36,251003,47172390610000.0,21122.0,213427.0,0.8503000000000001
2015-02-09,BRITANNIA,EQ,1879.15,1873.0,1915.9,1864.0,1915.0,1882.15,1880.8,343053,64521475000000.0,12203.0,304092.0,0.8864000000000001
2015-02-10,BRITANNIA,EQ,1882.15,1904.0,1939.0,1901.95,1929.35,1933.25,1928.07,179871,34680440485000.004,16719.0,140915.0,0.7834000000000001
2015-02-11,BRITANNIA,EQ,1933.25,1937.0,1937.0,1906.0,1926.0,1929.7,1926.91,195027,37580013570000.0,15362.0,158826.0,0.8144
2015-02-12,BRITANNIA,EQ,1929.7,1937.6,1975.0,1925.0,1963.0,1967.5,1950.42,534151,104181938400000.0,21928.0,465120.0,0.8708
2015-02-13,BRITANNIA,EQ,1967.5,1976.0,2040.0,1900.0,2025.0,2022.9,2004.04,322463,64622938690000.0,17054.0,235204.0,0.7293999999999999
2015-02-16,BRITANNIA,EQ,2022.9,2034.0,2045.0,2000.0,2035.0,2034.2,2031.77,281729,57240925335000.0,12562.0,236408.0,0.8391
2015-02-18,BRITANNIA,EQ,2034.2,2044.95,2085.0,2008.2,2085.0,2055.8,2039.22,147738,30126985655000.0,16948.0,98727.0,0.6683
2015-02-19,BRITANNIA,EQ,2055.8,2075.0,2099.95,2050.0,2072.0,2081.1,2074.48,132525,27492077535000.004,9127.0,73215.0,0.5525
2015-02-20,BRITANNIA,EQ,2081.1,2082.0,2117.0,2045.0,2088.0,2097.55,2074.33,166433,34523676335000.004,14056.0,111260.0,0.6685
2015-02-23,BRITANNIA,EQ,2097.55,2100.0,2100.0,2045.0,2046.0,2060.4,2076.07,187173,38858494130000.0,10694.0,163017.0,0.8709
2015-02-24,BRITANNIA,EQ,2060.4,2062.0,2088.0,2051.0,2070.0,2073.0,2071.26,89086,18452061475000.0,8772.0,63369.0,0.7112999999999999
2015-02-25,BRITANNIA,EQ,2073.0,2080.0,2082.95,2045.0,2069.0,2069.4,2065.14,177607,36678308800000.0,12947.0,143899.0,0.8102
2015-02-26,BRITANNIA,EQ,2069.4,2071.0,2098.35,2033.95,2054.0,2055.65,2070.3,172743,35762929325000.0,11735.0,136039.0,0.7875
2015-02-27,BRITANNIA,EQ,2055.65,2055.7,2107.0,2048.65,2077.35,2083.45,2086.12,259758,54188665240000.0,27162.0,230793.0,0.8885
2015-02-28,BRITANNIA,EQ,2083.45,2090.0,2102.0,2054.15,2095.0,2095.4,2085.78,49228,10267901330000.0,2437.0,30841.0,0.6265
2015-03-02,BRITANNIA,EQ,2095.4,2098.0,2162.95,2056.25,2120.0,2122.4,2097.82,390979,82020179445000.0,21049.0,300109.0,0.7676000000000001
2015-03-03,BRITANNIA,EQ,2122.4,2122.0,2189.0,2120.0,2166.0,2168.65,2167.02,373909,81026843400000.0,32629.0,272744.0,0.7293999999999999
2015-03-04,BRITANNIA,EQ,2168.65,2176.0,2195.0,2144.05,2167.0,2152.5,2174.2,227500,49463040985000.0,23263.0,164177.0,0.7217
2015-03-05,BRITANNIA,EQ,2152.5,2156.0,2246.0,2155.0,2217.0,2210.75,2213.75,405278,89718449810000.0,36477.0,284609.0,0.7023
2015-03-09,BRITANNIA,EQ,2210.75,2205.0,2211.0,2155.75,2185.0,2199.35,2194.9,179452,39387842940000.0,15586.0,142535.0,0.7943000000000001
2015-03-10,BRITANNIA,EQ,2199.35,2210.0,2212.2,2116.5,2128.0,2156.05,2169.33,156789,34012709595000.0,22142.0,102315.0,0.6526000000000001
2015-03-11,BRITANNIA,EQ,2156.05,2163.0,2201.0,2140.0,2150.0,2155.0,2173.75,99255,21575588635000.0,11542.0,52822.0,0.5322
2015-03-12,BRITANNIA,EQ,2155.0,2162.0,2215.0,2159.1,2191.0,2196.65,2200.98,252424,55558005035000.0,23720.0,194014.0,0.7686000000000001
2015-03-13,BRITANNIA,EQ,2196.65,2204.0,2216.65,2142.2,2156.0,2156.95,2178.71,109240,23800223500000.0,12444.0,88713.0,0.8120999999999999
2015-03-16,BRITANNIA,EQ,2156.95,2164.0,2169.8,2125.05,2149.5,2150.5,2151.15,72911,15684265985000.0,8858.0,51827.0,0.7108
2015-03-17,BRITANNIA,EQ,2150.5,2170.0,2218.8,2155.0,2187.0,2190.95,2199.31,210959,46396396870000.0,22219.0,154198.0,0.7309
2015-03-18,BRITANNIA,EQ,2190.95,2200.0,2250.0,2185.0,2187.0,2196.65,2223.63,247249,54979004715000.0,29085.0,190929.0,0.7722
2015-03-19,BRITANNIA,EQ,2196.65,2209.9,2239.7,2150.0,2239.0,2207.15,2182.6,162998,35575968540000.0,33123.0,115925.0,0.7112
2015-03-20,BRITANNIA,EQ,2207.15,2239.0,2239.0,2080.35,2107.0,2133.45,2149.94,557787,119920880030000.0,29814.0,443308.0,0.7948000000000001
2015-03-23,BRITANNIA,EQ,2133.45,2139.0,2139.0,2081.0,2104.5,2102.7,2110.3,50567,10671145700000.0,6290.0,25583.0,0.5059
2015-03-24,BRITANNIA,EQ,2102.7,2105.0,2158.25,2105.0,2139.15,2148.75,2139.6,103673,22181914990000.0,11446.0,61172.0,0.59
2015-03-25,BRITANNIA,EQ,2148.75,2105.8,2170.0,2105.8,2153.0,2161.35,2128.58,125959,26811379460000.0,17537.0,86055.0,0.6831999999999999
2015-03-26,BRITANNIA,EQ,2161.35,2166.65,2210.0,2145.0,2193.05,2193.8,2194.16,155962,34220612730000.0,13139.0,103890.0,0.6661
2015-03-27,BRITANNIA,EQ,2193.8,2208.0,2208.0,2080.0,2140.0,2154.0,2137.3,175022,37407470655000.0,17491.0,103833.0,0.5933
2015-03-30,BRITANNIA,EQ,2154.0,2173.0,2175.05,2110.0,2150.0,2162.15,2153.93,154249,33224104485000.004,14753.0,108180.0,0.7012999999999999
2015-03-31,BRITANNIA,EQ,2162.15,2174.0,2174.0,2150.0,2155.5,2158.55,2159.56,94462,20399629990000.0,7078.0,74213.0,0.7856000000000001
2015-04-01,BRITANNIA,EQ,2158.55,2155.5,2215.3,2141.35,2185.0,2177.55,2195.13,245908,53979983579999.99,18937.0,192814.0,0.7841
2015-04-06,BRITANNIA,EQ,2177.55,2160.1,2220.0,2160.1,2216.3,2216.7,2202.96,158584,34935378889999.996,6004.0,130407.0,0.8223
2015-04-07,BRITANNIA,EQ,2216.7,2219.8,2299.0,2179.75,2252.1,2259.1,2263.63,158628,35907480285000.0,12940.0,72197.0,0.4551
2015-04-08,BRITANNIA,EQ,2259.1,2275.0,2299.5,2252.4,2259.0,2258.75,2277.0,138615,31562627464999.996,19695.0,101094.0,0.7293000000000001
2015-04-09,BRITANNIA,EQ,2258.75,2274.0,2299.05,2221.8,2275.0,2277.9,2275.76,164822,37509604885000.0,13662.0,104391.0,0.6334000000000001
2015-04-10,BRITANNIA,EQ,2277.9,2278.0,2290.5,2260.0,2260.0,2277.9,2280.09,153299,34953627045000.0,14773.0,134820.0,0.8795000000000001
2015-04-13,BRITANNIA,EQ,2277.9,2277.9,2320.0,2269.55,2302.75,2310.2,2296.01,277352,63680191950000.0,22449.0,219269.0,0.7906000000000001
2015-04-15,BRITANNIA,EQ,2310.2,2322.8,2377.8,2316.0,2345.0,2344.55,2356.08,207468,48881057115000.0,21019.0,129504.0,0.6242
2015-04-16,BRITANNIA,EQ,2344.55,2374.0,2375.0,2290.25,2323.0,2329.15,2325.8,161860,37645418735000.0,17055.0,116665.0,0.7208
2015-04-17,BRITANNIA,EQ,2329.15,2328.0,2328.0,2295.0,2300.0,2298.95,2301.15,113874,26204117970000.0,25243.0,90742.0,0.7968999999999999
2015-04-20,BRITANNIA,EQ,2298.95,2330.0,2330.0,2150.0,2154.0,2170.0,2188.55,262487,57446499679999.99,37154.0,203778.0,0.7763
2015-04-21,BRITANNIA,EQ,2170.0,2170.0,2189.7,2035.5,2069.5,2069.5,2124.95,238696,50721724555000.0,45113.0,181390.0,0.7599
2015-04-22,BRITANNIA,EQ,2069.5,2069.5,2119.95,2046.5,2060.0,2066.25,2078.37,283304,58881008954999.99,33492.0,183151.0,0.6465000000000001
2015-04-23,BRITANNIA,EQ,2066.25,2072.5,2162.0,2072.5,2157.0,2151.65,2110.84,160707,33922732160000.004,20011.0,108590.0,0.6757
2015-04-24,BRITANNIA,EQ,2151.65,2170.0,2181.85,2115.65,2130.0,2139.7,2163.64,191441,41421024710000.0,20101.0,150612.0,0.7867000000000001
2015-04-27,BRITANNIA,EQ,2139.7,2145.0,2145.0,2006.5,2065.15,2071.5,2053.42,96251,19764374475000.0,13011.0,59711.0,0.6204
2015-04-28,BRITANNIA,EQ,2071.5,2081.0,2130.0,2046.55,2088.1,2095.05,2094.11,157869,33059429575000.0,20157.0,113981.0,0.7220000000000001
2015-04-29,BRITANNIA,EQ,2095.05,2096.0,2168.45,2085.0,2149.9,2151.6,2139.11,100540,21506577960000.0,17718.0,66254.0,0.659
2015-04-30,BRITANNIA,EQ,2151.6,2149.0,2215.0,2149.0,2197.0,2197.85,2187.87,151288,33099908960000.004,20732.0,110921.0,0.7332
2015-05-04,BRITANNIA,EQ,2197.85,2208.0,2260.0,2202.0,2257.95,2248.4,2231.88,59994,13389919000000.0,7330.0,38881.0,0.6481
2015-05-05,BRITANNIA,EQ,2248.4,2250.0,2374.4,2249.9,2367.0,2344.95,2311.81,86370,19967122960000.0,7047.0,52999.0,0.6136
2015-05-06,BRITANNIA,EQ,2344.95,2356.0,2405.0,2235.1,2250.0,2247.3,2292.23,224146,51379486660000.0,17727.0,146756.0,0.6547
2015-05-07,BRITANNIA,EQ,2247.3,2245.0,2289.8,2190.65,2245.0,2236.35,2241.79,111302,24951567275000.0,9056.0,64565.0,0.5801
2015-05-08,BRITANNIA,EQ,2236.35,2247.0,2298.0,2196.7,2201.0,2203.4,2242.19,93674,21003497745000.0,8770.0,53890.0,0.5753
2015-05-11,BRITANNIA,EQ,2203.4,2230.0,2299.0,2209.15,2284.0,2283.2,2252.93,152610,34381917814999.996,9831.0,120458.0,0.7893000000000001
2015-05-12,BRITANNIA,EQ,2283.2,2285.0,2285.0,2248.0,2270.0,2272.4,2264.37,51633,11691617075000.0,7950.0,30245.0,0.5858
2015-05-13,BRITANNIA,EQ,2272.4,2310.0,2310.0,2254.1,2262.0,2282.6,2284.01,95546,21822849350000.0,9692.0,71450.0,0.7478
2015-05-14,BRITANNIA,EQ,2282.6,2283.1,2315.0,2236.0,2260.0,2258.3,2275.95,51175,11647154625000.0,5417.0,28963.0,0.5660000000000001
2015-05-15,BRITANNIA,EQ,2258.3,2275.0,2300.0,2251.05,2272.0,2263.9,2286.88,95910,21933472230000.0,8560.0,64872.0,0.6764
2015-05-18,BRITANNIA,EQ,2263.9,2274.0,2300.0,2260.45,2300.0,2293.85,2286.31,52922,12099599880000.0,6666.0,36921.0,0.6976000000000001
2015-05-19,BRITANNIA,EQ,2293.85,2301.0,2338.95,2296.0,2325.95,2324.75,2323.89,78799,18312047890000.0,8920.0,54006.0,0.6854000000000001
2015-05-20,BRITANNIA,EQ,2324.75,2336.0,2363.1,2320.15,2324.0,2332.05,2346.98,257355,60400690700000.0,22546.0,213604.0,0.8300000000000001
2015-05-21,BRITANNIA,EQ,2332.05,2355.85,2377.3,2272.0,2279.95,2287.85,2314.61,163160,37765231335000.0,10399.0,80922.0,0.49600000000000005
2015-05-22,BRITANNIA,EQ,2287.85,2397.0,2554.65,2375.0,2435.0,2430.85,2455.12,785651,192887131155000.0,49944.0,282493.0,0.35960000000000003
2015-05-25,BRITANNIA,EQ,2430.85,2449.75,2528.9,2440.0,2523.0,2507.0,2482.43,244821,60774994275000.0,18859.0,129578.0,0.5293
2015-05-26,BRITANNIA,EQ,2507.0,2511.0,2549.0,2490.0,2534.0,2513.65,2521.37,130310,32855993470000.0,12399.0,55979.0,0.42960000000000004
2015-05-27,BRITANNIA,EQ,2513.65,2520.0,2598.0,2500.0,2580.0,2578.75,2571.83,282218,72581618470000.0,23731.0,142016.0,0.5032
2015-05-28,BRITANNIA,EQ,2578.75,2590.0,2668.0,2588.0,2645.0,2657.25,2642.97,489328,129327690705000.0,29380.0,269816.0,0.5514
2015-05-29,BRITANNIA,EQ,2657.25,2669.0,2686.0,2520.0,2547.0,2544.7,2613.92,453938,118655546255000.0,37332.0,311180.0,0.6855
2015-06-01,BRITANNIA,EQ,2544.7,2560.0,2605.0,2504.7,2563.0,2567.9,2567.1,187562,48149046650000.0,25225.0,75521.0,0.4026
2015-06-02,BRITANNIA,EQ,2567.9,2571.0,2596.5,2501.1,2505.0,2509.1,2542.95,118697,30184056764999.996,11219.0,51388.0,0.4329
2015-06-03,BRITANNIA,EQ,2509.1,2515.0,2532.0,2424.0,2532.0,2511.6,2484.43,185017,45966251790000.0,18052.0,91103.0,0.4924
2015-06-04,BRITANNIA,EQ,2511.6,2532.0,2594.8,2510.0,2589.0,2580.4,2567.84,220648,56658972390000.0,18871.0,101353.0,0.4593
2015-06-05,BRITANNIA,EQ,2580.4,2590.4,2725.0,2585.0,2723.0,2709.45,2676.18,466245,124775373284999.98,35685.0,153020.0,0.3282
2015-06-08,BRITANNIA,EQ,2709.45,2734.1,2744.0,2629.0,2630.0,2643.95,2691.1,235541,63386532025000.0,25700.0,97210.0,0.41270000000000007
2015-06-09,BRITANNIA,EQ,2643.95,2664.9,2715.7,2576.6,2605.0,2597.6,2632.65,302803,79717365055000.0,38518.0,147578.0,0.48740000000000006
2015-06-10,BRITANNIA,EQ,2597.6,2609.0,2647.0,2580.5,2601.0,2597.35,2606.37,165273,43076214130000.0,14157.0,77945.0,0.47159999999999996
2015-06-11,BRITANNIA,EQ,2597.35,2629.0,2651.9,2585.7,2608.5,2602.65,2607.95,223086,58179823015000.0,21092.0,118392.0,0.5307000000000001
2015-06-12,BRITANNIA,EQ,2602.65,2606.7,2630.0,2594.8,2599.9,2605.5,2612.65,151819,39665066545000.0,18388.0,84723.0,0.5581
2015-06-15,BRITANNIA,EQ,2605.5,2629.75,2643.0,2582.85,2630.0,2623.15,2622.54,125831,32999718510000.004,9001.0,52932.0,0.4207
2015-06-16,BRITANNIA,EQ,2623.15,2623.0,2637.85,2588.6,2610.5,2611.65,2605.27,152788,39805398205000.0,6469.0,110477.0,0.7231000000000001
2015-06-17,BRITANNIA,EQ,2611.65,2620.0,2781.9,2612.0,2764.95,2758.4,2731.05,395483,108008318484999.98,30290.0,134361.0,0.3397
2015-06-18,BRITANNIA,EQ,2758.4,2752.0,2774.7,2670.0,2695.0,2684.3,2714.48,221116,60021446065000.0,17902.0,96026.0,0.4343
2015-06-19,BRITANNIA,EQ,2684.3,2700.0,2746.05,2681.4,2712.0,2705.45,2718.55,167490,45533017190000.0,13415.0,63647.0,0.38
2015-06-22,BRITANNIA,EQ,2705.45,2740.0,2797.75,2700.75,2793.05,2783.7,2756.95,213028,58730715075000.0,27795.0,105597.0,0.49570000000000003
2015-06-23,BRITANNIA,EQ,2783.7,2800.1,2810.0,2730.0,2748.0,2738.7,2762.98,177377,49008879475000.0,14572.0,100883.0,0.5687
2015-06-24,BRITANNIA,EQ,2738.7,2747.95,2751.75,2680.0,2690.05,2692.65,2715.1,153334,41631731100000.0,11528.0,75142.0,0.4901
2015-06-25,BRITANNIA,EQ,2692.65,2682.0,2708.6,2670.0,2691.55,2693.6,2691.97,131418,35377310485000.0,11446.0,59938.0,0.4561
2015-06-26,BRITANNIA,EQ,2693.6,2698.0,2752.0,2667.15,2742.15,2743.9,2711.34,142470,38628524315000.0,10839.0,57742.0,0.4053
2015-06-29,BRITANNIA,EQ,2743.9,2728.7,2728.7,2650.0,2703.7,2700.35,2690.6,121270,32628906025000.0,11700.0,50954.0,0.4202
2015-06-30,BRITANNIA,EQ,2700.35,2705.0,2783.65,2705.0,2760.0,2762.95,2761.38,222105,61331689175000.0,15193.0,119110.0,0.5363
2015-07-01,BRITANNIA,EQ,2762.95,2760.0,2792.0,2720.0,2739.95,2731.55,2757.38,197962,54585660365000.0,17675.0,105535.0,0.5331
2015-07-02,BRITANNIA,EQ,2731.55,2750.0,2771.0,2732.0,2750.0,2746.25,2751.57,151472,41678521815000.0,18590.0,83053.0,0.5483
2015-07-03,BRITANNIA,EQ,2746.25,2769.0,2789.6,2749.0,2770.0,2770.7,2772.33,157813,43750923170000.0,12533.0,83523.0,0.5293
2015-07-06,BRITANNIA,EQ,2770.7,2721.0,2827.0,2721.0,2788.1,2785.65,2791.15,276898,77286353210000.0,17912.0,125607.0,0.4536
2015-07-07,BRITANNIA,EQ,2785.65,2794.0,2829.6,2769.0,2786.0,2787.5,2803.21,155646,43630790765000.0,10194.0,70260.0,0.4514
2015-07-08,BRITANNIA,EQ,2787.5,2779.0,2808.5,2765.0,2791.0,2791.9,2786.95,154621,43092124735000.0,12371.0,87875.0,0.5683
2015-07-09,BRITANNIA,EQ,2791.9,2804.0,2830.0,2792.4,2827.4,2823.9,2817.95,152398,42944955110000.0,10817.0,64066.0,0.4204
2015-07-10,BRITANNIA,EQ,2823.9,2831.5,2855.0,2825.55,2837.0,2839.05,2839.59,144585,41056184120000.0,16673.0,76229.0,0.5272
2015-07-13,BRITANNIA,EQ,2839.05,2839.0,2865.0,2828.0,2844.0,2845.6,2853.53,104508,29821704589999.996,11097.0,48930.0,0.4682
2015-07-14,BRITANNIA,EQ,2845.6,2845.0,2857.0,2819.5,2830.05,2831.3,2833.84,94928,26901036000000.0,15672.0,61110.0,0.6437999999999999
2015-07-15,BRITANNIA,EQ,2831.3,2841.0,2851.0,2823.1,2830.3,2832.9,2835.21,69813,19793446290000.0,6149.0,43469.0,0.6226
2015-07-16,BRITANNIA,EQ,2832.9,2850.0,2856.0,2832.0,2848.0,2842.1,2843.45,106415,30258527689999.996,10008.0,74280.0,0.698
2015-07-17,BRITANNIA,EQ,2842.1,2853.5,2924.0,2836.8,2875.0,2878.45,2881.03,159025,45815548645000.0,11420.0,86256.0,0.5424
2015-07-20,BRITANNIA,EQ,2878.45,2878.45,2900.0,2874.0,2881.95,2881.9,2885.6,208641,60205376970000.01,7428.0,169823.0,0.8139000000000001
2015-07-21,BRITANNIA,EQ,2881.9,2897.0,2897.0,2846.9,2875.0,2875.15,2871.06,226669,65078085735000.0,11679.0,177836.0,0.7846
2015-07-22,BRITANNIA,EQ,2875.15,2867.0,2877.8,2849.95,2859.0,2856.9,2857.03,173813,49658952830000.0,16822.0,144219.0,0.8297
2015-07-23,BRITANNIA,EQ,2856.9,2867.7,2897.0,2841.7,2849.0,2850.05,2869.88,104695,30046244739999.996,11614.0,71670.0,0.6846
2015-07-24,BRITANNIA,EQ,2850.05,2875.0,2913.7,2817.1,2899.0,2895.1,2886.75,149943,43284859830000.0,8796.0,71542.0,0.4771
2015-07-27,BRITANNIA,EQ,2895.1,2897.0,2957.0,2874.05,2940.05,2932.0,2929.63,247157,72407824635000.0,28763.0,127672.0,0.5166
2015-07-28,BRITANNIA,EQ,2932.0,2949.0,3003.9,2941.2,2973.3,2976.05,2978.45,236248,70365328450000.0,20699.0,113659.0,0.4811
2015-07-29,BRITANNIA,EQ,2976.05,2981.0,3009.0,2952.0,2958.5,2968.25,2976.78,128402,38222487100000.0,14848.0,66372.0,0.5169
2015-07-30,BRITANNIA,EQ,2968.25,2968.0,3084.9,2961.25,3079.9,3065.8,3030.84,206152,62481475010000.0,15360.0,82536.0,0.4004
2015-07-31,BRITANNIA,EQ,3065.8,3088.0,3245.5,3080.0,3156.2,3153.65,3168.2,448524,142101462115000.0,30966.0,224562.0,0.5007
2015-08-03,BRITANNIA,EQ,3153.65,3176.0,3183.8,3075.0,3144.0,3136.85,3128.11,185176,57925046735000.0,16510.0,91190.0,0.4925
2015-08-04,BRITANNIA,EQ,3136.85,3152.0,3235.0,3133.0,3177.0,3175.65,3182.43,890842,283504531910000.0,48696.0,375157.0,0.42110000000000003
2015-08-05,BRITANNIA,EQ,3175.65,3218.85,3228.2,3147.3,3160.75,3156.3,3190.19,327322,104421787710000.0,22602.0,206420.0,0.6306
2015-08-06,BRITANNIA,EQ,3156.3,3185.0,3185.0,3096.0,3135.6,3139.75,3131.54,224934,70438951715000.0,21071.0,126647.0,0.563
2015-08-07,BRITANNIA,EQ,3139.75,3145.5,3227.65,3145.5,3200.1,3202.7,3200.33,336878,107812026280000.0,24938.0,217641.0,0.6461
2015-08-10,BRITANNIA,EQ,3202.7,3209.5,3345.0,3207.95,3318.4,3314.05,3303.51,647186,213798681410000.0,55659.0,356134.0,0.5503
2015-08-11,BRITANNIA,EQ,3314.05,3345.0,3385.0,3310.0,3385.0,3366.9,3348.69,444165,148736981670000.0,37582.0,243981.0,0.5493
2015-08-12,BRITANNIA,EQ,3366.9,3367.0,3384.4,3300.0,3322.3,3320.85,3331.39,306511,102110783575000.0,23708.0,181499.0,0.5921000000000001
2015-08-13,BRITANNIA,EQ,3320.85,3340.0,3434.2,3330.1,3398.85,3398.85,3406.31,360069,122650705040000.02,29275.0,188827.0,0.5244
2015-08-14,BRITANNIA,EQ,3398.85,3345.0,3382.1,3271.9,3330.7,3343.75,3321.26,352636,117119593105000.0,24199.0,165807.0,0.47020000000000006
2015-08-17,BRITANNIA,EQ,3343.75,3336.9,3336.9,3285.25,3299.0,3296.25,3299.5,182745,60296690140000.0,20084.0,103308.0,0.5653
2015-08-18,BRITANNIA,EQ,3296.25,3319.9,3339.8,3296.0,3315.0,3316.5,3319.04,93263,30954355960000.004,10696.0,46849.0,0.5023
2015-08-19,BRITANNIA,EQ,3316.5,3325.0,3348.4,3286.3,3294.4,3293.55,3313.97,103156,34185559764999.996,11590.0,54322.0,0.5266
2015-08-20,BRITANNIA,EQ,3293.55,3272.0,3303.3,3215.0,3220.0,3224.4,3262.64,138291,45119378070000.0,13656.0,70384.0,0.509
2015-08-21,BRITANNIA,EQ,3224.4,3210.0,3216.9,3125.0,3200.0,3199.35,3171.54,163612,51890280845000.0,17747.0,73074.0,0.4466
2015-08-24,BRITANNIA,EQ,3199.35,3149.0,3149.0,2942.0,2986.15,3002.25,3020.68,409391,123663755980000.0,31451.0,261433.0,0.6386000000000001
2015-08-25,BRITANNIA,EQ,3002.25,3006.0,3048.95,2790.0,2996.0,2976.9,2920.64,416519,121650050095000.0,40836.0,206368.0,0.4955
2015-08-26,BRITANNIA,EQ,2976.9,2975.1,3034.15,2860.1,2882.0,2880.7,2937.87,262933,77246309425000.0,30121.0,167510.0,0.6371
2015-08-27,BRITANNIA,EQ,2880.7,2930.0,2999.0,2890.5,2939.9,2942.3,2941.82,329962,97068734800000.0,31648.0,199470.0,0.6045
2015-08-28,BRITANNIA,EQ,2942.3,2966.0,3050.0,2950.0,2970.0,2973.8,3002.15,250718,75269180290000.0,25836.0,118736.0,0.4736
2015-08-31,BRITANNIA,EQ,2973.8,2979.0,2982.2,2902.5,2929.0,2929.95,2951.72,123717,36517816420000.0,14076.0,66638.0,0.5386
2015-09-01,BRITANNIA,EQ,2929.95,2900.0,2970.0,2880.0,2916.0,2920.9,2930.62,219198,64238533175000.0,26515.0,122123.0,0.5571
2015-09-02,BRITANNIA,EQ,2920.9,2948.0,3015.0,2925.85,2993.0,2983.25,2987.02,217145,64861616279999.99,18810.0,97829.0,0.45049999999999996
2015-09-03,BRITANNIA,EQ,2983.25,3039.0,3082.4,2996.0,3002.05,3008.05,3041.96,280431,85305959090000.0,24740.0,144383.0,0.5149
2015-09-04,BRITANNIA,EQ,3008.05,3003.0,3016.9,2940.75,2987.1,2988.25,2977.61,144539,43038146660000.0,12489.0,66460.0,0.4598
2015-09-07,BRITANNIA,EQ,2988.25,2990.0,3011.2,2888.0,2900.0,2897.4,2941.73,131566,38703172220000.0,12417.0,50567.0,0.38430000000000003
2015-09-08,BRITANNIA,EQ,2897.4,2897.5,2935.4,2765.0,2840.0,2843.3,2829.98,198245,56103022810000.0,20097.0,84373.0,0.42560000000000003
2015-09-09,BRITANNIA,EQ,2843.3,2900.0,2914.4,2845.0,2879.9,2879.95,2888.03,141054,40736782840000.0,19871.0,61625.0,0.4369
2015-09-10,BRITANNIA,EQ,2879.95,2870.0,2896.0,2800.0,2877.0,2864.4,2854.72,135301,38624610440000.0,13179.0,73093.0,0.5402
2015-09-11,BRITANNIA,EQ,2864.4,2888.7,2976.5,2870.8,2957.0,2953.85,2945.53,162951,47997760250000.0,15787.0,77587.0,0.4761
2015-09-14,BRITANNIA,EQ,2953.85,2975.0,3026.7,2960.0,3000.0,2991.25,3003.13,163708,49163567175000.0,12478.0,80115.0,0.4894
2015-09-15,BRITANNIA,EQ,2991.25,3000.0,3086.0,3000.0,3074.95,3079.2,3058.02,269267,82342339740000.0,20929.0,118405.0,0.4397
2015-09-16,BRITANNIA,EQ,3079.2,3101.9,3145.0,2998.25,3014.0,3011.45,3069.17,283633,87051855635000.0,22174.0,132508.0,0.4672
2015-09-18,BRITANNIA,EQ,3011.45,3048.65,3050.0,2989.0,3000.05,2997.9,3009.38,153779,46277915165000.0,13736.0,86503.0,0.5625
2015-09-21,BRITANNIA,EQ,2997.9,2999.0,3012.0,2952.0,2995.1,2995.6,2991.98,106150,31759869614999.996,11833.0,51933.0,0.4892
2015-09-22,BRITANNIA,EQ,2995.6,3023.5,3030.5,2881.0,2895.0,2900.5,2958.28,232914,68902531404999.99,28163.0,132779.0,0.5700999999999999
2015-09-23,BRITANNIA,EQ,2900.5,2882.95,2918.1,2850.0,2890.0,2885.7,2887.91,184405,53254455150000.0,17023.0,101327.0,0.5495
2015-09-24,BRITANNIA,EQ,2885.7,2890.0,2919.8,2865.0,2902.95,2888.9,2893.37,222715,64439595900000.0,12082.0,157438.0,0.7069
2015-09-28,BRITANNIA,EQ,2888.9,2894.0,2950.0,2885.6,2929.65,2921.05,2922.0,126852,37066177305000.0,17984.0,67734.0,0.534
2015-09-29,BRITANNIA,EQ,2921.05,2894.0,2983.8,2850.1,2974.0,2970.8,2932.35,194579,57057298704999.99,21432.0,115841.0,0.5953
2015-09-30,BRITANNIA,EQ,2970.8,2999.0,3114.0,2985.0,3086.55,3082.0,3041.82,305566,92947597595000.0,37550.0,184899.0,0.6051
2015-10-01,BRITANNIA,EQ,3082.0,3109.75,3149.8,3101.0,3123.75,3122.8,3123.75,240735,75199705215000.0,26856.0,140741.0,0.5846
2015-10-05,BRITANNIA,EQ,3122.8,3151.0,3229.0,3143.75,3220.0,3213.65,3206.81,321031,102948390310000.0,24100.0,225312.0,0.7018000000000001
2015-10-06,BRITANNIA,EQ,3213.65,3231.9,3269.95,3213.65,3264.0,3254.4,3246.83,189776,61616948095000.01,13298.0,116085.0,0.6117
2015-10-07,BRITANNIA,EQ,3254.4,3260.2,3300.0,3216.6,3243.9,3236.05,3263.07,169881,55433402479999.99,11986.0,94869.0,0.5584
2015-10-08,BRITANNIA,EQ,3236.05,3239.4,3283.75,3211.25,3270.05,3266.75,3260.42,107766,35136203420000.0,18567.0,50789.0,0.47130000000000005
2015-10-09,BRITANNIA,EQ,3266.75,3280.0,3297.7,3211.4,3222.0,3224.1,3257.93,76508,24925784665000.0,7562.0,31828.0,0.41600000000000004
2015-10-12,BRITANNIA,EQ,3224.1,3250.0,3258.0,3156.65,3180.0,3170.45,3205.97,109363,35061465255000.0,12891.0,57661.0,0.5272
2015-10-13,BRITANNIA,EQ,3170.45,3194.85,3194.85,3083.5,3110.0,3115.05,3125.04,210362,65738892760000.0,17840.0,124245.0,0.5906
2015-10-14,BRITANNIA,EQ,3115.05,3110.0,3199.35,3098.65,3178.2,3181.4,3159.53,139827,44178809490000.0,16462.0,79553.0,0.5689000000000001
2015-10-15,BRITANNIA,EQ,3181.4,3199.25,3199.25,3151.25,3190.0,3178.65,3172.06,100898,32005437989999.996,11949.0,58075.0,0.5756
2015-10-16,BRITANNIA,EQ,3178.65,3195.05,3248.0,3173.3,3233.0,3228.75,3224.32,183919,59301291215000.0,15408.0,105930.0,0.5760000000000001
2015-10-19,BRITANNIA,EQ,3228.75,3249.95,3310.6,3240.1,3306.45,3304.0,3290.52,355967,117131804759999.98,15189.0,219826.0,0.6175
2015-10-20,BRITANNIA,EQ,3304.0,3324.95,3326.45,3275.95,3295.0,3300.05,3305.52,211592,69942153025000.0,11960.0,148721.0,0.7029000000000001
2015-10-21,BRITANNIA,EQ,3300.05,3305.0,3312.4,3276.0,3281.0,3286.65,3295.84,177709,58569973570000.01,6812.0,125949.0,0.7087000000000001
2015-10-23,BRITANNIA,EQ,3286.65,3300.0,3300.0,3238.3,3245.0,3246.45,3261.94,99978,32612207914999.996,14145.0,55994.0,0.5601
2015-10-26,BRITANNIA,EQ,3246.45,3240.0,3250.0,3185.75,3200.0,3203.4,3206.54,148981,47771384715000.0,12123.0,98321.0,0.66
2015-10-27,BRITANNIA,EQ,3203.4,3209.95,3238.4,3175.6,3175.9,3184.2,3201.79,154223,49379009255000.0,13729.0,97592.0,0.6328
2015-10-28,BRITANNIA,EQ,3184.2,3145.0,3224.0,3145.0,3185.35,3193.05,3192.66,152205,48593868625000.0,10692.0,85019.0,0.5586
2015-10-29,BRITANNIA,EQ,3193.05,3180.2,3220.0,3172.4,3188.0,3190.15,3196.14,185408,59258961095000.01,14870.0,88121.0,0.4753
2015-10-30,BRITANNIA,EQ,3190.15,3189.2,3255.4,3173.25,3212.0,3231.9,3226.07,155243,50082445580000.0,15222.0,79759.0,0.5138
2015-11-02,BRITANNIA,EQ,3231.9,3223.7,3239.0,3160.35,3180.0,3186.55,3193.65,144168,46042216110000.0,14989.0,70287.0,0.4875
2015-11-03,BRITANNIA,EQ,3186.55,3214.0,3222.0,3162.0,3182.3,3177.35,3186.63,98752,31468591239999.996,14603.0,62679.0,0.6347
2015-11-04,BRITANNIA,EQ,3177.35,3180.0,3196.3,3153.8,3185.0,3181.25,3177.94,109525,34806337925000.0,10669.0,76133.0,0.6951
2015-11-05,BRITANNIA,EQ,3181.25,3184.7,3220.0,3155.7,3182.4,3178.8,3184.81,115732,36858402735000.0,10329.0,55451.0,0.47909999999999997
2015-11-06,BRITANNIA,EQ,3178.8,3190.0,3223.55,3085.5,3160.75,3130.0,3166.05,124278,39347078795000.0,8730.0,54125.0,0.4355
2015-11-09,BRITANNIA,EQ,3130.0,3075.0,3145.0,3035.0,3039.95,3044.55,3068.79,300656,92265150615000.0,27697.0,169243.0,0.5629
2015-11-10,BRITANNIA,EQ,3044.55,3030.0,3096.0,3016.1,3018.85,3035.35,3058.27,150885,46144739875000.0,15767.0,75492.0,0.5003
2015-11-11,BRITANNIA,EQ,3035.35,3051.0,3069.3,3037.0,3040.0,3047.5,3052.92,26203,7999560840000.001,1798.0,12306.0,0.4696
2015-11-13,BRITANNIA,EQ,3047.5,3039.0,3039.0,2901.4,2903.15,2911.4,2945.85,274379,80827926250000.0,33330.0,182726.0,0.6659999999999999
2015-11-16,BRITANNIA,EQ,2911.4,2890.0,2900.0,2829.0,2855.0,2846.1,2854.38,342923,97883207205000.0,32634.0,201770.0,0.5884
2015-11-17,BRITANNIA,EQ,2846.1,2853.0,2902.85,2853.0,2878.1,2878.1,2879.38,181064,52135253060000.0,18931.0,85518.0,0.4723
2015-11-18,BRITANNIA,EQ,2878.1,2880.0,2906.8,2844.95,2853.0,2858.4,2883.62,157921,45538466720000.0,18228.0,72463.0,0.45890000000000003
2015-11-19,BRITANNIA,EQ,2858.4,2878.0,2954.0,2865.0,2949.9,2944.5,2903.0,158561,46030302420000.0,13152.0,66776.0,0.42110000000000003
2015-11-20,BRITANNIA,EQ,2944.5,2967.9,3009.0,2946.05,2975.0,2967.15,2976.82,141129,42011588130000.0,11527.0,48707.0,0.34509999999999996
2015-11-23,BRITANNIA,EQ,2967.15,2975.0,2996.75,2972.0,2974.15,2980.35,2986.15,80997,24186922235000.0,10068.0,41926.0,0.5176
2015-11-24,BRITANNIA,EQ,2980.35,2975.0,2985.0,2913.75,2941.15,2941.1,2944.71,155903,45908911160000.0,11308.0,94369.0,0.6053000000000001
2015-11-26,BRITANNIA,EQ,2941.1,2940.0,2991.9,2882.55,2897.0,2900.85,2940.07,247802,72855436125000.0,14509.0,170221.0,0.6869
2015-11-27,BRITANNIA,EQ,2900.85,2915.0,2938.0,2896.5,2924.3,2927.75,2918.19,101281,29555725155000.0,11395.0,48754.0,0.4814
2015-11-30,BRITANNIA,EQ,2927.75,2924.0,2945.0,2895.0,2920.0,2923.05,2913.87,116434,33927403160000.004,11396.0,62497.0,0.5368
2015-12-01,BRITANNIA,EQ,2923.05,2926.1,2985.0,2903.05,2968.7,2971.45,2954.09,162396,47973281340000.0,19942.0,92592.0,0.5702
2015-12-02,BRITANNIA,EQ,2971.45,2984.0,2984.0,2942.05,2955.0,2960.15,2961.47,53714,15907244210000.0,8695.0,22096.0,0.4114
2015-12-03,BRITANNIA,EQ,2960.15,2955.0,2979.45,2926.5,2948.8,2931.85,2947.53,71608,21106702030000.0,9241.0,28264.0,0.3947
2015-12-04,BRITANNIA,EQ,2931.85,2930.0,2957.9,2914.0,2938.35,2935.95,2940.79,74566,21928329200000.0,6188.0,37332.0,0.5007
2015-12-07,BRITANNIA,EQ,2935.95,2935.95,2935.95,2872.85,2875.35,2881.8,2892.92,109332,31628923314999.996,16810.0,61625.0,0.5637
2015-12-08,BRITANNIA,EQ,2881.8,2870.0,2909.3,2855.1,2871.4,2878.3,2883.08,120918,34861623739999.996,15585.0,52726.0,0.436
2015-12-09,BRITANNIA,EQ,2878.3,2870.1,2871.4,2786.0,2808.0,2797.45,2814.0,122825,34562937730000.0,9907.0,58118.0,0.4732
2015-12-10,BRITANNIA,EQ,2797.45,2800.0,2889.7,2721.05,2865.1,2866.45,2784.53,289315,80560488095000.0,25716.0,127010.0,0.439
2015-12-11,BRITANNIA,EQ,2866.45,2866.45,2880.9,2763.5,2785.0,2780.8,2813.18,222672,62641720445000.01,19414.0,138447.0,0.6218
2015-12-14,BRITANNIA,EQ,2780.8,2763.0,2847.0,2744.8,2838.95,2828.0,2808.65,150517,42274919390000.0,16993.0,77839.0,0.5171
2015-12-15,BRITANNIA,EQ,2828.0,2830.0,2886.0,2823.15,2880.3,2880.05,2854.16,114125,32573094460000.004,12552.0,58298.0,0.5108
2015-12-16,BRITANNIA,EQ,2880.05,2884.7,2895.0,2808.05,2813.0,2814.0,2843.83,145469,41368878290000.0,10207.0,69920.0,0.4807
2015-12-17,BRITANNIA,EQ,2814.0,2840.0,2919.0,2811.0,2905.0,2910.75,2871.76,166691,47869618800000.0,11670.0,70290.0,0.4217
2015-12-18,BRITANNIA,EQ,2910.75,2901.0,2948.5,2877.95,2890.0,2890.3,2915.23,159472,46489694095000.0,12668.0,57050.0,0.3577
2015-12-21,BRITANNIA,EQ,2890.3,2887.0,2950.0,2882.0,2941.8,2943.0,2931.03,105850,31024969505000.0,6026.0,52881.0,0.49960000000000004
2015-12-22,BRITANNIA,EQ,2943.0,2950.0,2963.0,2911.7,2920.0,2916.9,2941.79,98354,28933729714999.996,8251.0,45716.0,0.4648
2015-12-23,BRITANNIA,EQ,2916.9,2925.15,2946.5,2888.55,2892.05,2896.25,2907.52,96854,28160537925000.0,8950.0,49162.0,0.5075999999999999
2015-12-24,BRITANNIA,EQ,2896.25,2927.0,2928.0,2880.9,2909.0,2910.7,2903.63,81972,23801597670000.0,8035.0,34086.0,0.4158
2015-12-28,BRITANNIA,EQ,2910.7,2912.0,2925.0,2899.5,2902.0,2904.35,2907.2,87245,25363844200000.0,5947.0,60220.0,0.6901999999999999
2015-12-29,BRITANNIA,EQ,2904.35,2910.1,2985.5,2910.0,2983.0,2977.8,2952.96,156761,46290855890000.0,16732.0,80054.0,0.5107
2015-12-30,BRITANNIA,EQ,2977.8,2990.0,2996.0,2961.55,2977.7,2976.1,2980.85,84820,25283532235000.0,9717.0,30527.0,0.35990000000000005
2015-12-31,BRITANNIA,EQ,2976.1,2985.0,3013.0,2948.05,2980.0,2966.3,2982.28,240159,71622066485000.0,10700.0,137183.0,0.5712
2016-01-01,BRITANNIA,EQ,2966.3,2962.4,3003.35,2962.4,2981.0,2986.4,2991.53,64743,19368073835000.0,7345.0,28791.0,0.4447
2016-01-04,BRITANNIA,EQ,2986.4,2980.0,3004.45,2952.0,2973.0,2972.6,2976.97,126807,37750003325000.0,10599.0,69876.0,0.551
2016-01-05,BRITANNIA,EQ,2972.6,2977.1,2992.55,2950.3,2966.4,2966.7,2968.6,114250,33916291364999.996,10545.0,66241.0,0.5798
2016-01-06,BRITANNIA,EQ,2966.7,2953.0,3006.0,2953.0,3006.0,3001.7,2987.44,133638,39923544280000.0,12111.0,73261.0,0.5482
2016-01-07,BRITANNIA,EQ,3001.7,2990.0,2994.85,2911.05,2945.0,2946.55,2955.84,149400,44160234260000.0,14379.0,84431.0,0.5651
2016-01-08,BRITANNIA,EQ,2946.55,2947.0,2968.0,2881.9,2895.0,2902.3,2909.43,166706,48501877375000.0,17772.0,70875.0,0.4251
2016-01-11,BRITANNIA,EQ,2902.3,2890.1,2929.0,2841.15,2906.3,2919.3,2895.04,132406,38332131825000.0,15611.0,73756.0,0.557
2016-01-12,BRITANNIA,EQ,2919.3,2920.0,2987.4,2901.0,2936.6,2940.2,2955.5,178684,52810035740000.0,18525.0,95911.0,0.5368
2016-01-13,BRITANNIA,EQ,2940.2,2940.2,2961.45,2866.55,2900.0,2905.2,2904.06,254606,73939083030000.0,33544.0,152368.0,0.5984
2016-01-14,BRITANNIA,EQ,2905.2,2889.95,2915.0,2841.1,2905.0,2897.6,2891.95,139762,40418430280000.0,9434.0,84573.0,0.6051
2016-01-15,BRITANNIA,EQ,2897.6,2909.9,2934.0,2850.5,2872.0,2859.15,2885.9,133306,38470736125000.0,10916.0,88710.0,0.6655
2016-01-18,BRITANNIA,EQ,2859.15,2850.0,2870.0,2745.6,2755.0,2765.3,2783.37,211205,58786087270000.01,19099.0,131931.0,0.6247
2016-01-19,BRITANNIA,EQ,2765.3,2750.0,2760.15,2723.05,2732.05,2733.0,2741.66,148252,40645616335000.0,15025.0,81926.0,0.5526
2016-01-20,BRITANNIA,EQ,2733.0,2719.85,2720.0,2605.0,2690.0,2679.7,2652.75,273774,72625376840000.0,24881.0,162197.0,0.5924
2016-01-21,BRITANNIA,EQ,2679.7,2717.0,2729.05,2605.35,2638.0,2619.7,2644.12,254792,67370076595000.01,22745.0,166825.0,0.6547
2016-01-22,BRITANNIA,EQ,2619.7,2650.0,2660.0,2602.4,2614.0,2615.9,2637.52,272098,71766325420000.0,23219.0,200246.0,0.7359
2016-01-25,BRITANNIA,EQ,2615.9,2632.7,2649.0,2588.75,2610.0,2602.6,2619.52,248600,65121186804999.99,40352.0,184078.0,0.7404999999999999
2016-01-27,BRITANNIA,EQ,2602.6,2612.0,2655.0,2600.9,2645.6,2649.65,2639.09,456258,120410739890000.02,59567.0,348651.0,0.7642
2016-01-28,BRITANNIA,EQ,2649.65,2670.0,2697.95,2643.55,2675.0,2670.25,2675.96,350357,93754131460000.0,23517.0,268526.0,0.7664
2016-01-29,BRITANNIA,EQ,2670.25,2685.0,2697.0,2677.0,2690.0,2689.45,2688.29,194510,52290017020000.0,22953.0,137541.0,0.7071
2016-02-01,BRITANNIA,EQ,2689.45,2710.0,2815.0,2699.25,2790.0,2800.5,2778.55,348328,96784775645000.0,23336.0,231178.0,0.6637000000000001
2016-02-02,BRITANNIA,EQ,2800.5,2803.3,2875.5,2771.1,2794.0,2792.85,2827.4,321152,90802616920000.0,21483.0,210205.0,0.6545000000000001
2016-02-03,BRITANNIA,EQ,2792.85,2780.0,2854.8,2726.55,2830.65,2828.05,2821.49,250205,70595181520000.0,21404.0,120621.0,0.48210000000000003
2016-02-04,BRITANNIA,EQ,2828.05,2848.0,2879.7,2815.0,2849.95,2856.3,2852.28,381254,108744251209999.98,25605.0,254552.0,0.6677
2016-02-05,BRITANNIA,EQ,2856.3,2856.15,2871.95,2815.0,2866.8,2862.5,2853.76,259404,74027749800000.0,16260.0,168913.0,0.6512000000000001
2016-02-08,BRITANNIA,EQ,2862.5,2865.5,2953.35,2843.85,2855.0,2854.75,2895.59,194431,56299205575000.0,18779.0,78817.0,0.4054
2016-02-09,BRITANNIA,EQ,2854.75,2842.0,2890.0,2760.0,2802.6,2783.1,2824.73,249385,70444574335000.0,15073.0,100859.0,0.4044
2016-02-10,BRITANNIA,EQ,2783.1,2840.0,2870.0,2687.7,2740.0,2722.0,2778.05,343711,95484747010000.0,29079.0,112105.0,0.3262
2016-02-11,BRITANNIA,EQ,2722.0,2700.0,2729.75,2611.1,2622.15,2634.0,2675.21,291676,78029383990000.0,40802.0,186863.0,0.6406999999999999
2016-02-12,BRITANNIA,EQ,2634.0,2650.0,2657.9,2505.05,2575.0,2564.2,2576.9,356924,91975701075000.0,28263.0,201251.0,0.5638000000000001
2016-02-15,BRITANNIA,EQ,2564.2,2605.0,2710.0,2572.0,2688.0,2665.9,2647.38,355255,94049558120000.0,22862.0,169464.0,0.47700000000000004
2016-02-16,BRITANNIA,EQ,2665.9,2655.1,2690.0,2610.5,2625.0,2625.9,2629.95,157689,41471487995000.0,27446.0,88685.0,0.5624
2016-02-17,BRITANNIA,EQ,2625.9,2645.0,2663.0,2545.2,2657.0,2652.2,2603.01,127303,33137063420000.0,13776.0,54215.0,0.42590000000000006
2016-02-18,BRITANNIA,EQ,2652.2,2668.4,2767.65,2668.4,2751.95,2753.5,2723.09,195078,53121441215000.0,19989.0,104488.0,0.5356000000000001
2016-02-19,BRITANNIA,EQ,2753.5,2763.0,2763.0,2705.55,2728.0,2724.5,2724.43,127134,34636815735000.004,11133.0,60342.0,0.4746
2016-02-22,BRITANNIA,EQ,2724.5,2709.0,2801.0,2709.0,2795.0,2799.35,2776.71,352002,97740757850000.0,13959.0,263610.0,0.7489
2016-02-23,BRITANNIA,EQ,2799.35,2795.1,2818.0,2775.0,2801.0,2802.25,2800.27,165587,46368813395000.0,12515.0,83921.0,0.5068
2016-02-24,BRITANNIA,EQ,2802.25,2803.0,2807.9,2736.6,2760.0,2753.4,2769.33,209736,58082776500000.0,11680.0,142498.0,0.6794
2016-02-25,BRITANNIA,EQ,2753.4,2755.0,2773.7,2672.25,2677.0,2685.95,2702.05,221100,59742334765000.0,14337.0,150784.0,0.682
2016-02-26,BRITANNIA,EQ,2685.95,2693.0,2730.5,2674.1,2726.9,2712.45,2701.96,215553,58241466895000.01,20744.0,154375.0,0.7162000000000001
2016-02-29,BRITANNIA,EQ,2712.45,2722.0,2828.0,2640.0,2750.0,2756.25,2754.52,182463,50259788385000.0,19079.0,85381.0,0.4679
2016-03-01,BRITANNIA,EQ,2756.25,2756.0,2845.0,2756.0,2838.05,2841.7,2805.89,164771,46232980275000.0,18479.0,86020.0,0.5221
2016-03-02,BRITANNIA,EQ,2841.7,2851.0,2914.5,2844.3,2850.0,2862.85,2878.51,160110,46087783090000.0,19135.0,74412.0,0.4648
2016-03-03,BRITANNIA,EQ,2862.85,2878.0,2892.8,2832.0,2843.8,2841.85,2859.64,129406,37005464400000.0,16203.0,70574.0,0.5454
2016-03-04,BRITANNIA,EQ,2841.85,2864.0,2876.95,2842.0,2859.0,2855.2,2854.15,86331,24640157435000.0,7479.0,46888.0,0.5431
2016-03-08,BRITANNIA,EQ,2855.2,2850.0,2884.85,2750.0,2814.05,2819.05,2845.66,191076,54373828320000.01,16193.0,143391.0,0.7504000000000001
2016-03-09,BRITANNIA,EQ,2819.05,2809.95,2856.0,2785.0,2840.0,2837.8,2836.24,153683,43588134215000.0,16445.0,106946.0,0.6959000000000001
2016-03-10,BRITANNIA,EQ,2837.8,2830.0,2858.0,2800.0,2834.0,2834.65,2832.25,147057,41650154665000.0,15327.0,105950.0,0.7205
2016-03-11,BRITANNIA,EQ,2834.65,2840.7,2846.45,2809.0,2820.0,2816.1,2823.0,71593,20210723680000.0,7081.0,36687.0,0.5124000000000001
2016-03-14,BRITANNIA,EQ,2816.1,2832.0,2860.0,2815.0,2815.0,2823.05,2840.42,112359,31914692405000.0,5713.0,68875.0,0.613
2016-03-15,BRITANNIA,EQ,2823.05,2800.25,2821.85,2750.95,2775.15,2758.75,2789.83,76969,21473035695000.0,9272.0,42372.0,0.5505
2016-03-16,BRITANNIA,EQ,2758.75,2740.1,2756.0,2674.15,2712.3,2720.3,2703.31,239753,64812580975000.0,20051.0,146140.0,0.6095
2016-03-17,BRITANNIA,EQ,2720.3,2740.0,2740.1,2688.0,2688.0,2697.6,2708.35,134153,36333386670000.0,14673.0,79926.0,0.5958
2016-03-18,BRITANNIA,EQ,2697.6,2699.0,2715.0,2670.25,2682.3,2685.8,2683.77,120847,32432496625000.0,9711.0,79168.0,0.6551
2016-03-21,BRITANNIA,EQ,2685.8,2691.0,2749.0,2691.0,2746.5,2734.95,2719.73,99413,27037674525000.0,10565.0,57388.0,0.5773
2016-03-22,BRITANNIA,EQ,2734.95,2736.0,2779.9,2725.0,2748.0,2751.5,2756.85,120806,33304352435000.004,12423.0,55345.0,0.4581
2016-03-23,BRITANNIA,EQ,2751.5,2755.15,2762.1,2705.3,2720.45,2725.3,2723.92,108483,29549912130000.0,16181.0,65522.0,0.604
2016-03-28,BRITANNIA,EQ,2725.3,2745.55,2760.0,2601.25,2627.0,2625.6,2640.68,282168,74511489580000.0,19780.0,156086.0,0.5532
2016-03-29,BRITANNIA,EQ,2625.6,2615.0,2625.0,2519.05,2588.4,2583.15,2579.14,195997,50550450550000.0,17345.0,103180.0,0.5264
2016-03-30,BRITANNIA,EQ,2583.15,2619.5,2649.0,2590.15,2641.35,2638.5,2628.07,261677,68770422420000.01,19696.0,181934.0,0.6953
2016-03-31,BRITANNIA,EQ,2638.5,2625.4,2704.9,2615.5,2692.0,2686.5,2678.36,346463,92795209090000.0,29688.0,249345.0,0.7197
2016-04-01,BRITANNIA,EQ,2686.5,2661.5,2717.9,2661.5,2671.1,2679.05,2690.45,176535,47495859485000.0,25478.0,94455.0,0.535
2016-04-04,BRITANNIA,EQ,2679.05,2700.0,2703.55,2650.0,2659.4,2659.2,2662.7,184402,49100711710000.0,9366.0,150058.0,0.8138
2016-04-05,BRITANNIA,EQ,2659.2,2650.0,2656.25,2607.15,2643.95,2641.35,2633.33,214101,56379860279999.99,23159.0,134544.0,0.6284000000000001
2016-04-06,BRITANNIA,EQ,2641.35,2641.35,2723.95,2641.35,2710.0,2707.2,2680.24,483650,129629647155000.0,24580.0,384432.0,0.7948999999999999
2016-04-07,BRITANNIA,EQ,2707.2,2710.1,2721.05,2679.1,2700.0,2701.15,2700.12,102107,27570104630000.0,13766.0,52131.0,0.5106
2016-04-08,BRITANNIA,EQ,2701.15,2691.0,2715.5,2681.1,2681.1,2686.8,2700.52,138356,37363253125000.0,6639.0,107746.0,0.7787999999999999
2016-04-11,BRITANNIA,EQ,2686.8,2696.8,2707.65,2645.0,2655.0,2656.95,2657.5,215022,57142183165000.0,21284.0,161430.0,0.7508
2016-04-12,BRITANNIA,EQ,2656.95,2685.0,2738.4,2650.2,2705.0,2705.75,2688.69,352945,94896093160000.0,25617.0,258314.0,0.7319
2016-04-13,BRITANNIA,EQ,2705.75,2708.6,2785.0,2708.6,2754.55,2761.1,2755.88,260415,71767358435000.0,22901.0,163219.0,0.6268
2016-04-18,BRITANNIA,EQ,2761.1,2770.5,2856.0,2770.5,2854.0,2850.65,2831.04,308621,87371993350000.0,23702.0,197878.0,0.6412000000000001
2016-04-20,BRITANNIA,EQ,2850.65,2845.0,2887.85,2827.5,2838.25,2845.3,2851.55,313444,89380229930000.0,20899.0,240885.0,0.7685
2016-04-21,BRITANNIA,EQ,2845.3,2847.7,2870.0,2780.0,2784.0,2787.85,2819.16,177687,50092764905000.0,20771.0,120475.0,0.6779999999999999
2016-04-22,BRITANNIA,EQ,2787.85,2793.0,2830.0,2788.75,2810.0,2822.6,2815.82,144872,40793379640000.0,14013.0,95992.0,0.6626000000000001
2016-04-25,BRITANNIA,EQ,2822.6,2813.0,2837.0,2800.0,2812.85,2817.1,2815.0,171257,48208820300000.0,20751.0,128449.0,0.75
2016-04-26,BRITANNIA,EQ,2817.1,2820.05,2848.0,2796.2,2839.7,2837.3,2827.51,135789,38394419850000.0,13214.0,84468.0,0.6221
2016-04-27,BRITANNIA,EQ,2837.3,2830.6,2875.95,2830.6,2855.6,2861.4,2860.64,167434,47896827925000.0,22007.0,108181.0,0.6461
2016-04-28,BRITANNIA,EQ,2861.4,2875.0,2918.0,2812.0,2827.55,2825.55,2861.51,404375,115712264900000.0,35351.0,300454.0,0.743
2016-04-29,BRITANNIA,EQ,2825.55,2827.0,2896.0,2826.0,2858.0,2862.6,2857.98,141294,40381557745000.0,21057.0,73123.0,0.5175
2016-05-02,BRITANNIA,EQ,2862.6,2856.0,2871.95,2835.0,2861.0,2858.4,2856.62,74322,21230941440000.0,6844.0,41609.0,0.5598
2016-05-03,BRITANNIA,EQ,2858.4,2861.4,2899.9,2835.0,2846.0,2847.1,2872.38,219946,63176863510000.0,27748.0,127384.0,0.5792
2016-05-04,BRITANNIA,EQ,2847.1,2847.0,2857.9,2803.95,2816.0,2817.75,2824.63,114460,32330730820000.0,19929.0,64830.0,0.5664
2016-05-05,BRITANNIA,EQ,2817.75,2817.0,2852.0,2810.1,2826.0,2821.45,2832.06,56570,16020972135000.0,5851.0,22523.0,0.3981
2016-05-06,BRITANNIA,EQ,2821.45,2828.0,2847.0,2812.0,2818.15,2817.3,2830.39,63781,18052502695000.0,7052.0,33615.0,0.527
2016-05-09,BRITANNIA,EQ,2817.3,2839.0,2839.0,2800.0,2809.5,2813.75,2823.59,280226,79124310390000.0,10820.0,219430.0,0.783
2016-05-10,BRITANNIA,EQ,2813.75,2815.1,2863.0,2815.1,2824.0,2820.9,2835.54,115699,32806933189999.996,13605.0,56465.0,0.488
2016-05-11,BRITANNIA,EQ,2820.9,2810.0,2858.9,2790.95,2852.0,2847.45,2827.9,98098,27741170455000.0,9006.0,56762.0,0.5786
2016-05-12,BRITANNIA,EQ,2847.45,2867.0,2950.0,2840.0,2935.25,2936.45,2914.23,259637,75664167380000.0,35528.0,131285.0,0.5056
2016-05-13,BRITANNIA,EQ,2936.45,2935.0,2977.0,2925.6,2962.0,2954.0,2958.33,269724,79793241010000.0,17638.0,203794.0,0.7556
2016-05-16,BRITANNIA,EQ,2954.0,2964.0,2978.95,2903.2,2937.95,2935.55,2931.4,146248,42871149690000.0,22333.0,92078.0,0.6296
2016-05-17,BRITANNIA,EQ,2935.55,2942.2,3017.9,2942.2,3005.0,3005.65,2993.46,235671,70547073990000.0,24702.0,135845.0,0.5764
2016-05-18,BRITANNIA,EQ,3005.65,3003.95,3004.0,2968.0,2975.0,2971.6,2986.92,181320,54158828650000.0,19763.0,132901.0,0.733
2016-05-19,BRITANNIA,EQ,2971.6,2979.95,3015.0,2976.1,2985.0,2995.95,2997.83,156746,46989862700000.0,11821.0,105952.0,0.6759000000000001
2016-05-20,BRITANNIA,EQ,2995.95,3009.9,3035.05,2910.0,2935.05,2930.7,2972.3,202237,60110894365000.0,21868.0,87894.0,0.43460000000000004
2016-05-23,BRITANNIA,EQ,2930.7,2850.0,2850.0,2661.0,2687.0,2682.5,2731.32,760904,207826922500000.0,56271.0,389258.0,0.5115999999999999
2016-05-24,BRITANNIA,EQ,2682.5,2682.5,2750.0,2610.0,2655.0,2654.05,2642.54,562839,148732541250000.0,54242.0,234864.0,0.4173
2016-05-25,BRITANNIA,EQ,2654.05,2660.7,2765.0,2657.5,2754.6,2751.45,2727.36,354194,96601541510000.0,33313.0,231711.0,0.6542
2016-05-26,BRITANNIA,EQ,2751.45,2756.8,2795.0,2728.05,2748.35,2744.4,2741.24,359669,98593965645000.0,33531.0,261399.0,0.7268000000000001
2016-05-27,BRITANNIA,EQ,2744.4,2759.0,2761.85,2701.1,2718.0,2719.3,2734.34,513071,140290850255000.0,44686.0,422871.0,0.8242
2016-05-30,BRITANNIA,EQ,2719.3,2720.0,2758.0,2720.0,2747.0,2746.05,2743.3,110941,30434484300000.0,9885.0,67622.0,0.6095
2016-05-31,BRITANNIA,EQ,2746.05,2748.0,2759.0,2690.95,2700.4,2706.2,2727.77,274383,74845248635000.0,30049.0,214635.0,0.7822
2016-06-01,BRITANNIA,EQ,2706.2,2740.0,2792.4,2725.2,2760.0,2765.1,2771.57,480961,133301521534999.98,36162.0,311784.0,0.6483
2016-06-02,BRITANNIA,EQ,2765.1,2769.95,2822.3,2760.55,2800.0,2799.5,2796.17,186240,52075838705000.0,20458.0,98595.0,0.5294
2016-06-03,BRITANNIA,EQ,2799.5,2800.0,2804.6,2756.05,2757.35,2763.35,2773.34,166817,46263993410000.0,19481.0,107918.0,0.6469
2016-06-06,BRITANNIA,EQ,2763.35,2765.0,2788.5,2735.15,2772.0,2773.85,2766.55,102027,28226281170000.0,13264.0,68802.0,0.6744
2016-06-07,BRITANNIA,EQ,2773.85,2777.0,2810.0,2777.0,2795.0,2795.15,2800.34,401524,112440412475000.0,28438.0,341068.0,0.8494
2016-06-08,BRITANNIA,EQ,2795.15,2780.15,2807.0,2760.05,2761.5,2770.4,2775.02,130460,36202959710000.0,18408.0,92784.0,0.7112
2016-06-09,BRITANNIA,EQ,2770.4,2770.0,2795.5,2752.05,2755.05,2761.25,2775.49,197487,54812315070000.01,14722.0,159903.0,0.8097
2016-06-10,BRITANNIA,EQ,2761.25,2774.0,2774.0,2724.05,2728.0,2729.25,2748.69,92005,25289352715000.0,12613.0,47621.0,0.5176
2016-06-13,BRITANNIA,EQ,2729.25,2716.0,2716.0,2660.0,2666.1,2678.2,2685.77,111051,29825788085000.004,13322.0,76842.0,0.6920000000000001
2016-06-14,BRITANNIA,EQ,2678.2,2676.0,2696.5,2667.5,2682.0,2681.15,2683.14,108272,29050852705000.0,12270.0,78793.0,0.7277
2016-06-15,BRITANNIA,EQ,2681.15,2699.0,2699.0,2671.25,2680.0,2682.6,2684.67,109909,29506988475000.0,16371.0,74819.0,0.6807
2016-06-16,BRITANNIA,EQ,2682.6,2680.0,2696.2,2672.05,2690.5,2686.9,2685.91,100521,26999014475000.0,11660.0,72333.0,0.7195999999999999
2016-06-17,BRITANNIA,EQ,2686.9,2690.0,2698.5,2636.8,2639.0,2639.6,2657.63,285241,75806603820000.0,22438.0,182987.0,0.6415000000000001
2016-06-20,BRITANNIA,EQ,2639.6,2625.0,2632.0,2587.5,2620.0,2622.2,2619.42,180631,47314920865000.0,15082.0,115565.0,0.6398
2016-06-21,BRITANNIA,EQ,2622.2,2595.0,2607.0,2560.3,2572.0,2564.85,2577.09,458788,118233776395000.0,41065.0,358642.0,0.7817000000000001
2016-06-22,BRITANNIA,EQ,2564.85,2568.4,2620.0,2561.1,2618.0,2613.7,2588.18,293758,76029774635000.0,24964.0,205558.0,0.6998000000000001
2016-06-23,BRITANNIA,EQ,2613.7,2618.0,2642.0,2609.3,2630.0,2625.45,2632.08,163373,43001087190000.0,12392.0,108635.0,0.665
2016-06-24,BRITANNIA,EQ,2625.45,2580.0,2644.4,2519.1,2634.7,2632.95,2596.36,147592,38320144835000.0,16149.0,70859.0,0.48009999999999997
2016-06-27,BRITANNIA,EQ,2632.95,2635.0,2695.95,2625.3,2678.0,2683.3,2677.44,170256,45585031860000.0,25160.0,112425.0,0.6603
2016-06-28,BRITANNIA,EQ,2683.3,2687.0,2753.6,2680.05,2745.0,2748.15,2733.39,223088,60978616060000.0,19292.0,137664.0,0.6171
2016-06-29,BRITANNIA,EQ,2748.15,2749.8,2778.1,2706.75,2770.0,2771.4,2762.85,140375,38783562710000.0,10623.0,71270.0,0.5077
2016-06-30,BRITANNIA,EQ,2771.4,2779.9,2789.45,2731.0,2753.75,2758.95,2757.59,372372,102684955995000.0,24139.0,275319.0,0.7394
2016-07-01,BRITANNIA,EQ,2758.95,2753.75,2817.1,2751.55,2810.05,2808.3,2805.21,216924,60851690665000.0,24396.0,125826.0,0.58
2016-07-04,BRITANNIA,EQ,2808.3,2838.0,2850.0,2816.35,2826.9,2840.9,2841.37,146966,41758449650000.0,18982.0,98834.0,0.6725
2016-07-05,BRITANNIA,EQ,2840.9,2835.0,2860.0,2810.0,2822.2,2836.25,2840.06,75546,21455517155000.0,9285.0,43430.0,0.5749000000000001
2016-07-07,BRITANNIA,EQ,2836.25,2830.0,2840.0,2802.0,2808.0,2809.15,2820.14,126505,35676211615000.0,15920.0,94738.0,0.7489
2016-07-08,BRITANNIA,EQ,2809.15,2809.15,2836.0,2792.4,2805.25,2805.05,2805.45,95700,26848108775000.0,11010.0,64465.0,0.6736
2016-07-11,BRITANNIA,EQ,2805.05,2818.0,2868.45,2817.6,2865.0,2859.25,2853.08,178785,51008782425000.0,22075.0,125452.0,0.7017
2016-07-12,BRITANNIA,EQ,2859.25,2874.0,2908.55,2843.75,2848.0,2857.2,2868.55,174488,50052760795000.0,17103.0,117802.0,0.6751
2016-07-13,BRITANNIA,EQ,2857.2,2868.0,2885.8,2829.9,2869.0,2867.6,2861.59,129355,37016033120000.0,16911.0,81398.0,0.6293
2016-07-14,BRITANNIA,EQ,2867.6,2890.0,2893.0,2854.95,2858.75,2859.75,2877.44,131591,37864495265000.0,11370.0,75397.0,0.573
2016-07-15,BRITANNIA,EQ,2859.75,2860.0,2876.65,2811.2,2825.0,2820.6,2838.44,100772,28603574464999.996,10163.0,66308.0,0.658
2016-07-18,BRITANNIA,EQ,2820.6,2837.05,2848.7,2808.95,2811.0,2816.3,2825.99,96589,27295983055000.0,10512.0,54103.0,0.5601
2016-07-19,BRITANNIA,EQ,2816.3,2820.2,2827.95,2753.35,2763.35,2760.05,2785.92,231271,64430152629999.99,20600.0,162156.0,0.7012
2016-07-20,BRITANNIA,EQ,2760.05,2774.9,2818.0,2760.0,2808.45,2809.45,2793.75,88792,24806252365000.0,15361.0,49635.0,0.559
2016-07-21,BRITANNIA,EQ,2809.45,2814.8,2840.0,2790.0,2816.0,2814.75,2809.07,145937,40994776165000.0,20858.0,85651.0,0.5869
2016-07-22,BRITANNIA,EQ,2814.75,2816.0,2855.95,2808.0,2850.0,2850.9,2834.85,179569,50905066335000.0,25341.0,137816.0,0.7675000000000001
2016-07-25,BRITANNIA,EQ,2850.9,2850.0,2873.7,2830.3,2839.55,2850.4,2856.49,119472,34127032339999.996,15907.0,87404.0,0.7316
2016-07-26,BRITANNIA,EQ,2850.4,2850.4,2856.6,2811.0,2813.0,2823.8,2831.13,142849,40442462400000.0,22264.0,104334.0,0.7304
2016-07-27,BRITANNIA,EQ,2823.8,2848.0,2848.0,2795.0,2800.45,2812.8,2818.52,105203,29651660695000.0,17669.0,64860.0,0.6165
2016-07-28,BRITANNIA,EQ,2812.8,2815.0,2894.0,2810.2,2876.45,2865.3,2863.2,244070,69882007990000.0,16945.0,147273.0,0.6034
2016-07-29,BRITANNIA,EQ,2865.3,2844.0,2944.2,2843.1,2932.25,2933.8,2901.06,215670,62567127315000.0,14813.0,115785.0,0.5369
2016-08-01,BRITANNIA,EQ,2933.8,2947.9,2993.9,2851.0,2880.85,2882.2,2914.84,171339,49942611925000.0,20384.0,80991.0,0.47270000000000006
2016-08-02,BRITANNIA,EQ,2882.2,2907.0,2912.0,2871.7,2887.0,2880.7,2895.66,92730,26851479355000.0,12411.0,44999.0,0.4853
2016-08-03,BRITANNIA,EQ,2880.7,2898.0,2898.0,2820.05,2827.15,2830.45,2840.8,181855,51661340265000.0,43714.0,134238.0,0.7382
2016-08-04,BRITANNIA,EQ,2830.45,2850.0,2893.0,2811.95,2889.75,2880.85,2848.55,197730,56324348850000.0,17908.0,144276.0,0.7297
2016-08-05,BRITANNIA,EQ,2880.85,2880.0,2900.8,2848.95,2880.0,2884.6,2878.34,123026,35411105580000.0,9033.0,71566.0,0.5817
2016-08-08,BRITANNIA,EQ,2884.6,2883.9,3317.25,2880.1,3136.25,3152.15,3075.33,1582123,486554682735000.06,104441.0,367024.0,0.23199999999999998
2016-08-09,BRITANNIA,EQ,3152.15,3150.0,3172.0,3088.2,3127.0,3128.45,3134.2,396296,124206928115000.02,32770.0,184136.0,0.4646
2016-08-10,BRITANNIA,EQ,3128.45,3129.0,3131.65,3060.2,3105.5,3103.35,3092.68,170822,52829776315000.0,13154.0,65957.0,0.3861
2016-08-11,BRITANNIA,EQ,3103.35,3120.0,3277.0,3114.8,3227.0,3236.9,3225.53,763245,246187075175000.0,47065.0,290392.0,0.3805
2016-08-12,BRITANNIA,EQ,3236.9,3229.9,3315.0,3188.45,3282.0,3285.1,3272.07,357031,116823179000000.0,28149.0,186539.0,0.5225
2016-08-16,BRITANNIA,EQ,3285.1,3298.1,3340.0,3250.0,3275.0,3272.05,3284.79,169085,55540845879999.99,17799.0,54955.0,0.325
2016-08-17,BRITANNIA,EQ,3272.05,3265.0,3358.25,3265.0,3329.8,3336.7,3330.63,262308,87365014830000.0,28050.0,128720.0,0.4907
2016-08-18,BRITANNIA,EQ,3336.7,3340.0,3370.0,3305.05,3325.3,3329.55,3332.9,152396,50792098795000.0,18273.0,85193.0,0.559
2016-08-19,BRITANNIA,EQ,3329.55,3330.0,3370.0,3316.5,3349.0,3350.45,3345.8,121619,40691345715000.0,10849.0,70437.0,0.5792
2016-08-22,BRITANNIA,EQ,3350.45,3350.0,3392.9,3344.25,3366.25,3369.25,3367.91,160043,53901093010000.0,12384.0,83459.0,0.5215
2016-08-23,BRITANNIA,EQ,3369.25,3368.0,3378.0,3340.0,3369.0,3361.35,3356.87,74202,24908641885000.0,5735.0,37491.0,0.5053
2016-08-24,BRITANNIA,EQ,3361.35,3369.0,3484.0,3340.0,3444.0,3432.95,3447.54,341848,117853452465000.02,29695.0,203112.0,0.5942000000000001
2016-08-25,BRITANNIA,EQ,3432.95,3447.0,3499.0,3443.15,3466.0,3464.3,3465.48,371339,128686625484999.98,27226.0,235625.0,0.6345000000000001
2016-08-26,BRITANNIA,EQ,3464.3,3484.7,3484.7,3392.05,3442.0,3437.7,3421.51,143907,49237969000000.0,13733.0,84279.0,0.5856
2016-08-29,BRITANNIA,EQ,3437.7,3406.0,3449.0,3390.0,3412.0,3406.35,3413.09,73915,25227852700000.0,9525.0,35658.0,0.48240000000000005
2016-08-30,BRITANNIA,EQ,3406.35,3410.0,3472.0,3410.0,3446.0,3443.2,3447.04,74605,25716672710000.0,7918.0,29787.0,0.3993
2016-08-31,BRITANNIA,EQ,3443.2,3442.2,3485.95,3420.0,3460.3,3460.55,3446.9,144795,49909423250000.0,15768.0,74074.0,0.5115999999999999
2016-09-01,BRITANNIA,EQ,3460.55,3466.0,3466.0,3400.2,3419.8,3409.35,3421.19,88727,30355208060000.004,10814.0,49996.0,0.5635
2016-09-02,BRITANNIA,EQ,3409.35,3401.0,3436.95,3342.0,3357.5,3354.95,3384.03,145660,49291751765000.0,24331.0,87533.0,0.6009000000000001
2016-09-06,BRITANNIA,EQ,3354.95,3375.0,3464.0,3344.35,3454.35,3457.1,3421.87,175362,60006610490000.0,15381.0,72311.0,0.41240000000000004
2016-09-07,BRITANNIA,EQ,3457.1,3402.0,3503.5,3402.0,3495.0,3488.95,3481.62,199582,69486908615000.0,16265.0,114335.0,0.5729
2016-09-08,BRITANNIA,EQ,3488.95,3467.0,3488.45,3450.0,3470.0,3472.1,3469.9,107919,37446816170000.0,7517.0,52301.0,0.48460000000000003
2016-09-09,BRITANNIA,EQ,3472.1,3500.0,3500.0,3445.0,3454.0,3455.05,3455.37,76868,26560736410000.0,6250.0,46310.0,0.6025
2016-09-12,BRITANNIA,EQ,3455.05,3400.0,3449.9,3370.0,3436.0,3427.95,3418.96,117660,40227493705000.0,17090.0,67595.0,0.5745
2016-09-14,BRITANNIA,EQ,3427.95,3427.0,3550.0,3426.85,3546.95,3539.9,3524.07,218764,77093942840000.0,19963.0,99742.0,0.4559
2016-09-15,BRITANNIA,EQ,3539.9,3549.95,3584.25,3525.0,3530.0,3531.6,3542.63,153247,54289805020000.01,9176.0,90452.0,0.5902000000000001
2016-09-16,BRITANNIA,EQ,3531.6,3540.0,3562.0,3453.4,3471.95,3475.5,3504.28,156301,54772186235000.0,15348.0,95518.0,0.6111
2016-09-19,BRITANNIA,EQ,3475.5,3475.5,3486.0,3400.0,3410.0,3411.6,3417.44,174082,59491515090000.0,22784.0,113404.0,0.6514
2016-09-20,BRITANNIA,EQ,3411.6,3416.0,3450.95,3399.0,3409.2,3410.5,3418.03,147744,50499404630000.0,11900.0,98407.0,0.6661
2016-09-21,BRITANNIA,EQ,3410.5,3411.0,3445.0,3357.2,3395.0,3398.1,3397.08,181719,61731486810000.0,16690.0,97255.0,0.5352
2016-09-22,BRITANNIA,EQ,3398.1,3419.0,3435.0,3376.05,3408.8,3400.95,3400.53,249683,84905341555000.0,19662.0,184414.0,0.7386
2016-09-23,BRITANNIA,EQ,3400.95,3428.9,3460.0,3375.8,3430.0,3421.1,3421.56,162504,55601733750000.0,14375.0,99382.0,0.6116
2016-09-26,BRITANNIA,EQ,3421.1,3445.0,3449.15,3396.85,3418.0,3417.05,3416.58,155740,53209822810000.0,17593.0,119676.0,0.7684000000000001
2016-09-27,BRITANNIA,EQ,3417.05,3422.1,3456.0,3411.85,3433.55,3431.25,3428.84,87324,29942015739999.996,8877.0,46787.0,0.5357999999999999
2016-09-28,BRITANNIA,EQ,3431.25,3429.8,3456.0,3390.9,3400.0,3404.2,3426.71,126163,43232449100000.0,10098.0,81653.0,0.6472
2016-09-29,BRITANNIA,EQ,3404.2,3430.0,3435.0,3199.7,3258.8,3285.55,3323.52,168170,55891578475000.0,16735.0,90849.0,0.5402
2016-09-30,BRITANNIA,EQ,3285.55,3280.0,3387.3,3250.05,3369.0,3364.0,3337.75,120206,40121703950000.0,18271.0,58013.0,0.4826
2016-10-03,BRITANNIA,EQ,3364.0,3397.85,3522.0,3380.0,3481.5,3485.55,3444.55,129680,44668902285000.0,13205.0,59376.0,0.4579
2016-10-04,BRITANNIA,EQ,3485.55,3484.0,3485.0,3436.25,3485.0,3475.35,3462.08,92818,32134346110000.004,11991.0,56900.0,0.613
2016-10-05,BRITANNIA,EQ,3475.35,3480.0,3506.0,3440.5,3467.85,3460.5,3461.99,206313,71425372915000.0,20447.0,148683.0,0.7206999999999999
2016-10-06,BRITANNIA,EQ,3460.5,3489.9,3497.95,3441.8,3468.0,3467.0,3470.85,59465,20639412295000.0,10954.0,30217.0,0.5081
2016-10-07,BRITANNIA,EQ,3467.0,3467.0,3475.0,3379.85,3390.0,3386.65,3405.91,168780,57484876290000.0,17409.0,114393.0,0.6778000000000001
2016-10-10,BRITANNIA,EQ,3386.65,3390.0,3410.75,3370.6,3380.55,3376.8,3387.99,54748,18548554655000.0,10124.0,33576.0,0.6133
2016-10-13,BRITANNIA,EQ,3376.8,3369.0,3369.0,3289.0,3334.8,3325.45,3308.62,161322,53375371620000.0,27023.0,99738.0,0.6183
2016-10-14,BRITANNIA,EQ,3325.45,3354.0,3354.0,3295.0,3340.0,3330.75,3317.77,70676,23448687525000.0,10473.0,35656.0,0.5045000000000001
2016-10-17,BRITANNIA,EQ,3330.75,3335.3,3335.45,3287.65,3312.0,3306.4,3305.94,108441,35849963075000.0,17179.0,77656.0,0.7161
2016-10-18,BRITANNIA,EQ,3306.4,3306.5,3320.6,3245.0,3270.15,3264.6,3270.6,139269,45549282735000.0,25088.0,85984.0,0.6174000000000001
2016-10-19,BRITANNIA,EQ,3264.6,3283.9,3350.0,3280.0,3319.0,3316.9,3316.29,173746,57619180000000.0,14690.0,98495.0,0.5669
2016-10-20,BRITANNIA,EQ,3316.9,3317.0,3355.0,3301.0,3320.0,3313.15,3319.07,121382,40287542520000.0,24183.0,85137.0,0.7014
2016-10-21,BRITANNIA,EQ,3313.15,3335.0,3345.0,3304.5,3311.0,3310.7,3313.61,63515,21046384160000.0,15246.0,42455.0,0.6684
2016-10-24,BRITANNIA,EQ,3310.7,3270.3,3329.55,3270.3,3310.0,3307.9,3306.18,73215,24206203175000.0,9188.0,50293.0,0.6869
2016-10-25,BRITANNIA,EQ,3307.9,3308.4,3322.65,3279.95,3293.25,3295.35,3298.42,91094,30046646420000.0,22860.0,63812.0,0.7005
2016-10-26,BRITANNIA,EQ,3295.35,3290.0,3308.85,3250.7,3276.0,3265.8,3270.01,87960,28762965289999.996,15388.0,55229.0,0.6279
2016-10-27,BRITANNIA,EQ,3265.8,3250.0,3269.15,3195.0,3245.4,3212.1,3230.14,217025,70102166829999.99,20343.0,160929.0,0.7415
2016-10-28,BRITANNIA,EQ,3212.1,3234.0,3329.0,3231.75,3301.15,3311.95,3290.17,107954,35518693485000.0,19578.0,50197.0,0.465
2016-10-30,BRITANNIA,EQ,3311.95,3311.95,3328.0,3301.15,3320.0,3315.7,3314.68,12617,4182134375000.0,1258.0,6569.0,0.5206000000000001
2016-11-01,BRITANNIA,EQ,3315.7,3315.0,3340.0,3267.95,3325.0,3330.55,3320.5,128594,42699669610000.0,12537.0,86357.0,0.6715000000000001
2016-11-02,BRITANNIA,EQ,3330.55,3278.0,3313.95,3271.0,3305.0,3302.6,3292.88,118002,38856697410000.0,8702.0,74964.0,0.6353
2016-11-03,BRITANNIA,EQ,3302.6,3302.6,3325.5,3252.05,3303.0,3301.5,3301.45,129160,42641532900000.0,7711.0,95589.0,0.7401000000000001
2016-11-04,BRITANNIA,EQ,3301.5,3300.0,3380.0,3222.0,3305.2,3302.0,3307.47,227573,75269040355000.0,28275.0,132219.0,0.5810000000000001
2016-11-07,BRITANNIA,EQ,3302.0,3329.0,3348.0,3285.0,3300.1,3302.55,3305.25,210916,69713062879999.99,18464.0,109823.0,0.5207
2016-11-08,BRITANNIA,EQ,3302.55,3278.0,3301.7,3215.55,3220.15,3235.55,3242.77,453378,147020267720000.0,55430.0,270324.0,0.5962
2016-11-09,BRITANNIA,EQ,3235.55,3100.0,3191.7,2929.0,3131.0,3124.2,3111.57,225840,70271651815000.0,19756.0,129997.0,0.5756
2016-11-10,BRITANNIA,EQ,3124.2,3215.0,3241.85,3169.25,3213.0,3204.15,3203.31,137274,43973184460000.0,13503.0,96649.0,0.7041
2016-11-11,BRITANNIA,EQ,3204.15,3189.85,3189.85,3030.5,3050.0,3079.35,3099.75,216039,66966586760000.0,23672.0,134380.0,0.622
2016-11-15,BRITANNIA,EQ,3079.35,3064.0,3064.0,2781.2,2939.95,2929.35,2882.22,579245,166950929030000.0,67254.0,421103.0,0.7270000000000001
2016-11-16,BRITANNIA,EQ,2929.35,2950.0,3060.0,2926.35,3001.0,2991.0,2997.15,235149,70477571365000.0,29918.0,152370.0,0.648
2016-11-17,BRITANNIA,EQ,2991.0,3020.0,3020.0,2920.0,2932.0,2935.05,2961.5,202752,60045087525000.0,21028.0,147396.0,0.7270000000000001
2016-11-18,BRITANNIA,EQ,2935.05,2921.0,2925.0,2871.05,2910.0,2902.6,2897.7,290700,84236147550000.0,29664.0,219982.0,0.7567
2016-11-21,BRITANNIA,EQ,2902.6,2905.0,2928.15,2876.1,2900.0,2894.3,2894.75,91182,26394906010000.0,11047.0,57680.0,0.6325999999999999
2016-11-22,BRITANNIA,EQ,2894.3,2906.1,2920.0,2851.95,2911.0,2906.05,2890.01,177238,51221887815000.0,22055.0,126435.0,0.7134
2016-11-23,BRITANNIA,EQ,2906.05,2939.0,2976.0,2895.0,2958.2,2967.75,2944.78,129498,38134292695000.0,15150.0,76523.0,0.5909000000000001
2016-11-24,BRITANNIA,EQ,2967.75,2958.0,2988.0,2916.0,2950.0,2942.55,2942.34,155070,45626818865000.0,26448.0,94486.0,0.6093000000000001
2016-11-25,BRITANNIA,EQ,2942.55,2969.95,2974.45,2921.05,2960.0,2962.0,2955.68,87882,25975071385000.0,17981.0,51128.0,0.5818
2016-11-28,BRITANNIA,EQ,2962.0,2959.95,2991.1,2928.15,2947.6,2970.5,2968.83,89016,26427380635000.0,18373.0,45307.0,0.509
2016-11-29,BRITANNIA,EQ,2970.5,2987.0,3038.4,2972.0,2995.25,3005.45,3004.2,104156,31290532239999.996,12352.0,51794.0,0.49729999999999996
2016-11-30,BRITANNIA,EQ,3005.45,3010.0,3073.95,2951.2,3042.35,3032.9,3003.53,237369,71294442980000.0,29785.0,156852.0,0.6607999999999999
2016-12-01,BRITANNIA,EQ,3032.9,3036.05,3063.95,2996.0,3014.0,3003.35,3024.91,94489,28582069485000.004,13901.0,47899.0,0.5069
2016-12-02,BRITANNIA,EQ,3003.35,2994.8,3015.0,2964.85,2977.0,2976.8,2985.96,169703,50672637500000.0,26179.0,107343.0,0.6325000000000001
2016-12-05,BRITANNIA,EQ,2976.8,2980.0,3082.8,2980.0,3058.3,3066.4,3035.5,108580,32959469995000.0,12477.0,48317.0,0.445
2016-12-06,BRITANNIA,EQ,3066.4,3069.6,3074.0,2997.1,3009.0,3004.45,3019.9,89657,27075541000000.0,12903.0,40457.0,0.4512
2016-12-07,BRITANNIA,EQ,3004.45,3018.0,3044.6,2982.0,3010.0,2994.75,3011.96,117622,35427219560000.0,10123.0,73922.0,0.6285000000000001
2016-12-08,BRITANNIA,EQ,2994.75,3013.0,3068.0,3001.0,3036.0,3038.75,3043.89,84693,25779645705000.0,12418.0,47150.0,0.5567000000000001
2016-12-09,BRITANNIA,EQ,3038.75,3041.9,3062.8,3021.1,3032.2,3025.35,3027.25,317721,96182234225000.0,5168.0,296229.0,0.9324
2016-12-12,BRITANNIA,EQ,3025.35,3025.5,3028.5,2970.1,2975.1,2977.05,2993.63,137358,41119879840000.0,12608.0,105826.0,0.7704000000000001
2016-12-13,BRITANNIA,EQ,2977.05,2997.85,2997.85,2924.95,2945.0,2938.65,2940.3,192044,56466719270000.01,32942.0,133498.0,0.6951
2016-12-14,BRITANNIA,EQ,2938.65,2940.0,2968.0,2935.0,2938.75,2941.65,2946.91,116887,34445515600000.0,10433.0,89659.0,0.7671
2016-12-15,BRITANNIA,EQ,2941.65,2932.0,2954.0,2907.5,2912.0,2920.2,2921.06,108279,31628999570000.0,15120.0,70319.0,0.6494
2016-12-16,BRITANNIA,EQ,2920.2,2923.25,2938.15,2881.9,2905.0,2895.3,2915.1,194080,56576181200000.0,9115.0,159914.0,0.8240000000000001
2016-12-19,BRITANNIA,EQ,2895.3,2900.0,2914.75,2865.5,2895.15,2899.6,2893.41,110005,31829007295000.0,9851.0,81699.0,0.7427
2016-12-20,BRITANNIA,EQ,2899.6,2902.0,2909.8,2866.0,2872.0,2872.1,2882.53,200544,57807370029999.99,21119.0,160043.0,0.798
2016-12-21,BRITANNIA,EQ,2872.1,2872.1,2899.0,2827.8,2851.0,2847.7,2847.2,200871,57192029165000.0,14401.0,148073.0,0.7372
2016-12-22,BRITANNIA,EQ,2847.7,2840.0,2849.25,2799.85,2823.0,2810.65,2811.97,92589,26035717595000.0,14576.0,43650.0,0.47140000000000004
2016-12-23,BRITANNIA,EQ,2810.65,2810.05,2841.15,2772.85,2834.0,2831.2,2810.92,91370,25683400325000.0,13123.0,55722.0,0.6099
2016-12-26,BRITANNIA,EQ,2831.2,2829.9,2831.4,2780.0,2813.5,2807.3,2805.73,68000,19078983750000.0,8314.0,41584.0,0.6115
2016-12-27,BRITANNIA,EQ,2807.3,2810.25,2856.85,2781.55,2821.95,2826.85,2824.84,78676,22224683765000.0,11720.0,34630.0,0.44020000000000004
2016-12-28,BRITANNIA,EQ,2826.85,2830.0,2888.0,2830.0,2846.0,2839.6,2860.05,123554,35337012825000.0,17006.0,66624.0,0.5392
2016-12-29,BRITANNIA,EQ,2839.6,2835.0,2898.0,2828.9,2877.4,2883.15,2866.23,90143,25837056880000.0,8816.0,51788.0,0.5745
2016-12-30,BRITANNIA,EQ,2883.15,2905.0,2922.0,2870.0,2883.0,2886.3,2901.9,110334,32017821130000.0,13373.0,59784.0,0.5418000000000001
2017-01-02,BRITANNIA,EQ,2886.3,2901.1,2901.1,2865.15,2890.0,2886.45,2876.68,52245,15029217830000.002,3552.0,22765.0,0.43570000000000003
2017-01-03,BRITANNIA,EQ,2886.45,2887.0,2890.0,2851.2,2875.05,2872.25,2864.24,127593,36545690290000.0,10866.0,77301.0,0.6058
2017-01-04,BRITANNIA,EQ,2872.25,2890.0,2890.0,2830.45,2856.0,2852.4,2852.98,136679,38994200695000.0,23677.0,61404.0,0.44930000000000003
2017-01-05,BRITANNIA,EQ,2852.4,2862.0,2875.0,2852.6,2870.0,2865.8,2861.04,116334,33283643360000.004,14949.0,82986.0,0.7133
2017-01-06,BRITANNIA,EQ,2865.8,2865.0,2915.0,2845.8,2910.0,2894.95,2869.0,397718,114105278350000.0,27915.0,340013.0,0.8549
2017-01-09,BRITANNIA,EQ,2894.95,2920.0,2922.3,2875.55,2890.25,2897.9,2907.74,172178,50064971520000.0,10418.0,125983.0,0.7317
2017-01-10,BRITANNIA,EQ,2897.9,2899.0,2903.0,2875.95,2878.0,2880.8,2887.18,273058,78836751260000.0,11894.0,243054.0,0.8901000000000001
2017-01-11,BRITANNIA,EQ,2880.8,2885.0,2985.0,2885.0,2984.0,2970.1,2921.58,345861,101046004305000.0,19596.0,235151.0,0.6799
2017-01-12,BRITANNIA,EQ,2970.1,2984.95,2994.95,2918.4,2959.8,2947.8,2960.4,130051,38500291775000.0,11736.0,71605.0,0.5506000000000001
2017-01-13,BRITANNIA,EQ,2947.8,2969.0,2985.0,2925.0,2931.15,2940.0,2953.39,104329,30812381305000.0,11056.0,54282.0,0.5203
2017-01-16,BRITANNIA,EQ,2940.0,2935.0,2979.8,2923.0,2957.5,2965.75,2960.54,106505,31531186450000.0,7906.0,58847.0,0.5525
2017-01-17,BRITANNIA,EQ,2965.75,2968.7,3020.2,2955.1,3003.0,3013.55,2990.28,164751,49265083325000.0,19526.0,91942.0,0.5581
2017-01-18,BRITANNIA,EQ,3013.55,3018.0,3098.7,3014.9,3085.05,3091.55,3056.46,269613,82406108040000.0,27860.0,146130.0,0.542
2017-01-19,BRITANNIA,EQ,3091.55,3091.0,3155.0,3066.75,3105.65,3107.95,3128.42,257575,80580227550000.0,11059.0,161263.0,0.6261
2017-01-20,BRITANNIA,EQ,3107.95,3117.9,3135.1,3064.1,3077.0,3078.3,3103.37,112993,35065915860000.004,10167.0,47013.0,0.4161
2017-01-23,BRITANNIA,EQ,3078.3,3065.2,3115.0,3065.2,3088.15,3093.1,3090.27,72041,22262605500000.0,7195.0,34525.0,0.4792
2017-01-24,BRITANNIA,EQ,3093.1,3096.3,3150.5,3081.65,3118.0,3148.35,3131.89,151846,47556496650000.0,18835.0,99401.0,0.6546
2017-01-25,BRITANNIA,EQ,3148.35,3125.0,3148.0,3098.0,3131.0,3134.9,3124.26,95008,29682941260000.004,9306.0,46751.0,0.49210000000000004
2017-01-27,BRITANNIA,EQ,3134.9,3134.0,3162.0,3091.0,3108.2,3102.95,3119.42,134715,42023306265000.0,16483.0,73438.0,0.5451
2017-01-30,BRITANNIA,EQ,3102.95,3128.0,3151.4,3100.2,3145.0,3145.7,3135.12,130271,40841566945000.0,10713.0,69910.0,0.5367000000000001
2017-01-31,BRITANNIA,EQ,3145.7,3150.0,3150.0,3109.0,3132.0,3130.45,3130.55,154940,48504770295000.0,18059.0,79755.0,0.5147
2017-02-01,BRITANNIA,EQ,3130.45,3133.7,3249.8,3112.75,3220.0,3234.75,3190.85,211287,67418501760000.0,18137.0,117126.0,0.5543
2017-02-02,BRITANNIA,EQ,3234.75,3240.0,3254.65,3189.7,3223.0,3231.0,3218.95,230894,74323725030000.0,18527.0,165209.0,0.7155
2017-02-03,BRITANNIA,EQ,3231.0,3223.1,3273.85,3210.0,3229.05,3230.85,3236.45,135664,43906971975000.0,13255.0,67892.0,0.5004
2017-02-06,BRITANNIA,EQ,3230.85,3230.85,3294.4,3230.85,3283.0,3285.0,3269.99,134152,43867630635000.0,14833.0,75710.0,0.5644
2017-02-07,BRITANNIA,EQ,3285.0,3290.0,3290.0,3210.0,3229.85,3230.6,3241.76,113826,36899699485000.0,13997.0,55736.0,0.4897
2017-02-08,BRITANNIA,EQ,3230.6,3230.85,3266.2,3192.05,3235.0,3233.0,3228.61,129082,41675601735000.0,11774.0,69741.0,0.5403
2017-02-09,BRITANNIA,EQ,3233.0,3228.3,3254.65,3205.3,3230.3,3225.95,3222.48,112759,36336408110000.0,11706.0,70463.0,0.6249
2017-02-10,BRITANNIA,EQ,3225.95,3231.0,3270.0,3223.25,3235.0,3239.35,3247.08,211103,68546739110000.0,9825.0,169120.0,0.8011
2017-02-13,BRITANNIA,EQ,3239.35,3245.0,3296.0,3222.1,3282.0,3271.7,3264.84,201954,65934654015000.0,13535.0,51439.0,0.2547
2017-02-14,BRITANNIA,EQ,3271.7,3280.0,3280.0,3210.2,3229.0,3224.45,3232.31,188420,60903149215000.0,9121.0,114247.0,0.6063000000000001
2017-02-15,BRITANNIA,EQ,3224.45,3233.0,3243.0,3171.0,3195.05,3194.35,3202.18,136342,43659227225000.0,10594.0,79211.0,0.5810000000000001
2017-02-16,BRITANNIA,EQ,3194.35,3190.0,3238.4,3182.75,3229.0,3230.75,3219.39,79944,25737060550000.0,6406.0,42582.0,0.5326
2017-02-17,BRITANNIA,EQ,3230.75,3239.1,3254.8,3205.55,3250.0,3247.75,3243.7,157429,51065239155000.0,9938.0,98658.0,0.6267
2017-02-20,BRITANNIA,EQ,3247.75,3262.0,3267.25,3236.05,3250.0,3256.9,3248.36,57135,18559504950000.0,7897.0,26701.0,0.4673
2017-02-21,BRITANNIA,EQ,3256.9,3266.7,3275.5,3215.2,3238.2,3239.05,3242.0,98066,31792968475000.0,10569.0,34499.0,0.3518
2017-02-22,BRITANNIA,EQ,3239.05,3242.0,3264.0,3226.85,3243.0,3238.7,3245.83,115265,37413012260000.0,15634.0,68746.0,0.5964
2017-02-23,BRITANNIA,EQ,3238.7,3242.05,3278.95,3213.55,3240.05,3227.0,3251.61,210424,68421680250000.0,22562.0,131638.0,0.6256
2017-02-27,BRITANNIA,EQ,3227.0,3231.0,3268.9,3218.85,3255.0,3259.1,3250.69,130537,42433485010000.0,15899.0,90235.0,0.6912999999999999
2017-02-28,BRITANNIA,EQ,3259.1,3255.1,3259.0,3212.3,3230.0,3229.4,3229.12,95954,30984695745000.0,17300.0,59294.0,0.6179
2017-03-01,BRITANNIA,EQ,3229.4,3232.0,3259.95,3175.0,3177.4,3181.0,3202.37,101905,32633787770000.0,13300.0,58297.0,0.5721
2017-03-02,BRITANNIA,EQ,3181.0,3200.0,3217.5,3102.7,3120.0,3114.15,3161.28,190960,60367879479999.99,15737.0,110198.0,0.5771000000000001
2017-03-03,BRITANNIA,EQ,3114.15,3123.0,3145.7,3066.45,3091.9,3096.75,3092.51,233042,72068500080000.0,16738.0,144624.0,0.6206
2017-03-06,BRITANNIA,EQ,3096.75,3112.0,3116.45,3059.4,3084.8,3086.0,3084.66,159500,49200277330000.0,21656.0,97270.0,0.6098
2017-03-07,BRITANNIA,EQ,3086.0,3105.0,3105.0,3055.2,3065.0,3059.15,3067.57,183626,56328509540000.0,11183.0,155564.0,0.8472
2017-03-08,BRITANNIA,EQ,3059.15,3065.0,3108.0,3045.3,3080.0,3085.4,3074.47,263476,81004988515000.0,12702.0,221801.0,0.8418000000000001
2017-03-09,BRITANNIA,EQ,3085.4,3086.0,3099.9,3063.0,3080.0,3078.6,3076.97,112214,34527856955000.0,12345.0,74446.0,0.6634000000000001
2017-03-10,BRITANNIA,EQ,3078.6,3085.1,3131.0,3077.0,3121.0,3122.5,3108.84,137490,42743386600000.0,13653.0,77895.0,0.5666
2017-03-14,BRITANNIA,EQ,3122.5,3153.8,3190.55,3136.45,3178.0,3176.75,3167.33,133633,42326018290000.0,16550.0,71987.0,0.5387
2017-03-15,BRITANNIA,EQ,3176.75,3180.05,3200.0,3135.5,3190.0,3190.25,3177.42,112104,35620196795000.0,12735.0,59267.0,0.5287
2017-03-16,BRITANNIA,EQ,3190.25,3197.0,3238.2,3196.35,3220.0,3225.05,3225.46,112687,36346747980000.0,7629.0,76783.0,0.6814
2017-03-17,BRITANNIA,EQ,3225.05,3225.0,3254.9,3215.0,3245.0,3247.55,3243.67,88403,28674999589999.996,9378.0,56498.0,0.6391
2017-03-20,BRITANNIA,EQ,3247.55,3252.4,3264.35,3240.0,3250.0,3251.75,3251.46,55472,18036478365000.0,7658.0,27489.0,0.4955
2017-03-21,BRITANNIA,EQ,3251.75,3240.0,3321.0,3240.0,3290.0,3294.35,3285.05,396452,130236628940000.02,20004.0,331304.0,0.8357
2017-03-22,BRITANNIA,EQ,3294.35,3262.0,3345.75,3262.0,3325.0,3325.75,3304.86,220078,72732762295000.0,10095.0,172822.0,0.7853
2017-03-23,BRITANNIA,EQ,3325.75,3327.0,3354.35,3279.9,3288.0,3295.75,3304.26,94164,31114265135000.004,7298.0,41624.0,0.44200000000000006
2017-03-24,BRITANNIA,EQ,3295.75,3299.15,3321.0,3283.05,3300.0,3298.15,3301.98,70642,23325850080000.0,10142.0,46297.0,0.6554000000000001
2017-03-27,BRITANNIA,EQ,3298.15,3300.0,3330.0,3292.15,3305.7,3304.1,3309.76,77175,25543080295000.0,9414.0,46516.0,0.6027
2017-03-28,BRITANNIA,EQ,3304.1,3309.7,3366.85,3304.4,3345.0,3339.55,3341.61,100546,33598562055000.0,10134.0,48788.0,0.4852
2017-03-29,BRITANNIA,EQ,3339.55,3343.3,3415.5,3326.9,3382.0,3391.4,3369.5,152285,51312396210000.0,15817.0,102292.0,0.6717000000000001
2017-03-30,BRITANNIA,EQ,3391.4,3382.0,3422.5,3380.6,3386.0,3395.15,3396.99,979257,332652704425000.0,25241.0,882583.0,0.9013
2017-03-31,BRITANNIA,EQ,3395.15,3380.0,3432.95,3331.05,3360.0,3374.0,3386.67,198473,67216272350000.0,13794.0,141374.0,0.7123
2017-04-03,BRITANNIA,EQ,3374.0,3377.0,3422.1,3272.8,3398.8,3391.7,3391.66,94308,31986035630000.0,12003.0,41301.0,0.4379
2017-04-05,BRITANNIA,EQ,3391.7,3397.0,3401.55,3350.0,3375.0,3375.9,3377.72,195676,66093914329999.99,13647.0,151430.0,0.7739
2017-04-06,BRITANNIA,EQ,3375.9,3375.9,3394.45,3347.45,3356.15,3357.15,3367.68,113256,38140964870000.0,22434.0,82664.0,0.7299
2017-04-07,BRITANNIA,EQ,3357.15,3350.0,3377.3,3340.0,3355.1,3357.45,3364.12,51704,17393841805000.002,6635.0,29578.0,0.5721
2017-04-10,BRITANNIA,EQ,3357.45,3355.0,3425.0,3350.0,3416.9,3416.85,3393.21,68269,23165111715000.0,8034.0,34419.0,0.5042
2017-04-11,BRITANNIA,EQ,3416.85,3419.7,3453.75,3382.2,3400.0,3402.8,3422.14,93869,32123291475000.0,7900.0,55900.0,0.5955
2017-04-12,BRITANNIA,EQ,3402.8,3380.0,3460.1,3377.8,3446.0,3449.0,3439.27,167440,57587188785000.0,18866.0,85922.0,0.5132
2017-04-13,BRITANNIA,EQ,3449.0,3450.0,3452.6,3391.0,3393.05,3403.8,3416.06,60999,20837601105000.0,6515.0,38909.0,0.6379
2017-04-17,BRITANNIA,EQ,3403.8,3403.45,3405.8,3372.55,3399.0,3385.3,3387.54,45551,15430604515000.0,6732.0,22981.0,0.5045000000000001
2017-04-18,BRITANNIA,EQ,3385.3,3370.65,3416.05,3353.8,3364.0,3368.5,3371.32,113302,38197759410000.0,13058.0,80204.0,0.7079000000000001
2017-04-19,BRITANNIA,EQ,3368.5,3365.05,3447.45,3339.2,3434.0,3431.25,3409.86,92994,31709675260000.004,8837.0,53933.0,0.58
2017-04-20,BRITANNIA,EQ,3431.25,3436.9,3440.0,3368.2,3376.0,3379.35,3394.08,67261,22828946745000.0,5194.0,41336.0,0.6146
2017-04-21,BRITANNIA,EQ,3379.35,3382.1,3407.65,3368.0,3370.0,3376.55,3389.22,83775,28393149405000.0,13185.0,43562.0,0.52
2017-04-24,BRITANNIA,EQ,3376.55,3360.0,3395.8,3360.0,3392.0,3388.15,3385.75,40315,13649661815000.0,4585.0,27634.0,0.6855
2017-04-25,BRITANNIA,EQ,3388.15,3398.0,3489.0,3387.35,3489.0,3477.45,3437.13,137458,47246118355000.0,17467.0,86348.0,0.6282
2017-04-26,BRITANNIA,EQ,3477.45,3490.0,3598.0,3460.0,3565.0,3553.4,3542.69,312937,110863947905000.0,28567.0,153821.0,0.4915
2017-04-27,BRITANNIA,EQ,3553.4,3550.0,3609.0,3446.8,3540.0,3555.05,3558.52,176133,62677201590000.0,16148.0,92484.0,0.5251
2017-04-28,BRITANNIA,EQ,3555.05,3555.05,3639.0,3548.25,3635.0,3624.55,3598.83,164858,59329640250000.0,23374.0,96515.0,0.5854
2017-05-02,BRITANNIA,EQ,3624.55,3610.0,3644.4,3555.65,3577.2,3573.95,3589.96,93731,33649076580000.0,9520.0,56935.0,0.6074
2017-05-03,BRITANNIA,EQ,3573.95,3580.15,3630.0,3513.3,3564.3,3580.5,3553.14,107101,38054450410000.0,11559.0,43248.0,0.40380000000000005
2017-05-04,BRITANNIA,EQ,3580.5,3574.95,3620.0,3565.35,3583.25,3592.1,3602.03,119681,43109427045000.0,14918.0,58563.0,0.4893
2017-05-05,BRITANNIA,EQ,3592.1,3592.1,3599.6,3516.45,3524.0,3529.35,3548.56,48124,17077109840000.0,7175.0,19130.0,0.3975
2017-05-08,BRITANNIA,EQ,3529.35,3541.95,3563.95,3514.05,3534.95,3542.95,3546.76,36456,12930068805000.0,4454.0,20766.0,0.5696
2017-05-09,BRITANNIA,EQ,3542.95,3534.0,3603.95,3519.05,3600.0,3592.95,3566.25,94431,33676498730000.0,6223.0,59679.0,0.632
2017-05-10,BRITANNIA,EQ,3592.95,3587.0,3721.8,3587.0,3702.15,3711.3,3675.47,334682,123011346750000.0,23553.0,186690.0,0.5578000000000001
2017-05-11,BRITANNIA,EQ,3711.3,3690.0,3744.0,3685.2,3695.1,3708.35,3719.37,163452,60793787035000.0,13689.0,93315.0,0.5709000000000001
2017-05-12,BRITANNIA,EQ,3708.35,3705.0,3735.0,3661.8,3705.3,3704.25,3694.73,62309,23021466690000.0,10821.0,28108.0,0.4511
2017-05-15,BRITANNIA,EQ,3704.25,3704.0,3799.5,3680.05,3750.0,3741.55,3756.12,118393,44469888325000.0,20549.0,63353.0,0.5351
2017-05-16,BRITANNIA,EQ,3741.55,3741.55,3774.0,3707.0,3757.0,3752.85,3745.48,109624,41059436350000.0,19835.0,48200.0,0.4397
2017-05-17,BRITANNIA,EQ,3752.85,3752.0,3753.7,3660.0,3665.0,3669.6,3691.56,67562,24940910010000.0,6296.0,31521.0,0.46649999999999997
2017-05-18,BRITANNIA,EQ,3669.6,3685.6,3685.6,3546.1,3552.0,3555.45,3610.74,71006,25638451545000.0,5961.0,38324.0,0.5397
2017-05-19,BRITANNIA,EQ,3555.45,3599.85,3670.0,3563.0,3594.0,3582.7,3629.55,143736,52169769445000.0,17381.0,62771.0,0.43670000000000003
2017-05-22,BRITANNIA,EQ,3582.7,3621.9,3697.0,3603.2,3639.95,3633.45,3643.57,106318,38737699480000.0,8450.0,42131.0,0.39630000000000004
2017-05-23,BRITANNIA,EQ,3633.45,3655.0,3683.9,3580.05,3590.0,3594.2,3608.11,132716,47885407365000.0,12808.0,71410.0,0.5381
2017-05-24,BRITANNIA,EQ,3594.2,3605.0,3615.85,3471.9,3538.0,3533.3,3535.89,99686,35247840560000.0,8693.0,39412.0,0.3954
2017-05-25,BRITANNIA,EQ,3533.3,3570.0,3570.0,3451.2,3529.6,3517.8,3517.62,169440,59602623010000.0,13272.0,60529.0,0.3572
2017-05-26,BRITANNIA,EQ,3517.8,3514.0,3545.0,3402.2,3416.0,3415.85,3454.9,443050,153069280020000.0,32761.0,224630.0,0.507
2017-05-29,BRITANNIA,EQ,3415.85,3408.4,3460.0,3371.5,3445.1,3418.4,3420.44,196170,67098681204999.99,19292.0,114740.0,0.5849000000000001
2017-05-30,BRITANNIA,EQ,3418.4,3439.7,3450.0,3378.3,3420.0,3425.45,3412.15,246655,84162275220000.0,16456.0,180477.0,0.7317
2017-05-31,BRITANNIA,EQ,3425.45,3417.0,3548.0,3417.0,3535.0,3532.65,3514.36,209500,73625762190000.0,33493.0,123975.0,0.5918
2017-06-01,BRITANNIA,EQ,3532.65,3585.0,3611.0,3540.0,3598.0,3605.9,3585.02,202808,72707080295000.0,18821.0,112390.0,0.5542
2017-06-02,BRITANNIA,EQ,3605.9,3629.9,3665.0,3560.0,3565.0,3591.6,3622.05,149771,54247772270000.01,23268.0,75444.0,0.5037
2017-06-05,BRITANNIA,EQ,3591.6,3591.6,3714.0,3591.6,3645.0,3643.3,3654.27,251302,91832570470000.0,22871.0,154014.0,0.6129
2017-06-06,BRITANNIA,EQ,3643.3,3653.7,3672.0,3595.85,3625.2,3627.35,3621.9,136038,49271647085000.0,13921.0,89592.0,0.6586
2017-06-07,BRITANNIA,EQ,3627.35,3637.6,3675.0,3600.2,3650.0,3643.6,3652.07,129708,47370304535000.0,16127.0,66539.0,0.513
2017-06-08,BRITANNIA,EQ,3643.6,3643.6,3659.0,3620.65,3630.0,3639.3,3633.49,45391,16492754850000.0,6438.0,28886.0,0.6364
2017-06-09,BRITANNIA,EQ,3639.3,3648.0,3699.0,3641.25,3669.0,3673.0,3678.51,145415,53491041155000.0,20481.0,66260.0,0.4557
2017-06-12,BRITANNIA,EQ,3673.0,3665.0,3706.4,3614.0,3617.0,3626.65,3648.13,81208,29625704495000.0,14093.0,43986.0,0.5416
2017-06-13,BRITANNIA,EQ,3626.65,3648.75,3648.75,3605.0,3625.8,3626.1,3624.2,53018,19214799150000.0,5555.0,29296.0,0.5526
2017-06-14,BRITANNIA,EQ,3626.1,3646.0,3646.0,3580.5,3605.65,3613.55,3605.92,50245,18117953590000.0,8440.0,26635.0,0.5301
2017-06-15,BRITANNIA,EQ,3613.55,3620.0,3630.0,3554.25,3560.0,3564.8,3583.81,87880,31494480000000.0,11207.0,54453.0,0.6196
2017-06-16,BRITANNIA,EQ,3564.8,3564.8,3578.0,3523.0,3560.0,3568.95,3553.78,139835,49694234585000.0,20128.0,95740.0,0.6847
2017-06-19,BRITANNIA,EQ,3568.95,3570.0,3623.55,3570.0,3585.0,3592.25,3594.66,58925,21181536825000.0,9577.0,26116.0,0.44320000000000004
2017-06-20,BRITANNIA,EQ,3592.25,3578.85,3618.7,3569.0,3585.5,3583.8,3597.84,90804,32669797475000.0,7555.0,45453.0,0.5006
2017-06-21,BRITANNIA,EQ,3583.8,3580.0,3690.0,3560.0,3675.0,3670.3,3634.77,89140,32400334195000.0,10384.0,37809.0,0.4242
2017-06-22,BRITANNIA,EQ,3670.3,3700.0,3700.0,3632.5,3635.0,3641.75,3672.96,150785,55382792075000.0,19684.0,78244.0,0.5189
2017-06-23,BRITANNIA,EQ,3641.75,3641.75,3667.6,3606.5,3650.0,3649.5,3643.06,101713,37054658390000.0,14195.0,63474.0,0.6241
2017-06-27,BRITANNIA,EQ,3649.5,3678.6,3678.6,3613.45,3649.9,3647.55,3646.35,83695,30518150300000.0,19072.0,52318.0,0.6251
2017-06-28,BRITANNIA,EQ,3647.55,3645.0,3675.6,3590.05,3650.0,3636.15,3627.2,128578,46637766435000.0,20470.0,88320.0,0.6869
2017-06-29,BRITANNIA,EQ,3636.15,3638.45,3697.0,3601.0,3629.0,3637.2,3649.31,90710,33102921045000.0,13336.0,50344.0,0.555
2017-06-30,BRITANNIA,EQ,3637.2,3622.2,3711.85,3619.4,3694.05,3690.05,3680.42,239851,88275280495000.0,15295.0,173140.0,0.7219
2017-07-03,BRITANNIA,EQ,3690.05,3726.0,3746.6,3679.0,3700.0,3703.75,3708.91,74453,27613962830000.0,6394.0,27935.0,0.37520000000000003
2017-07-04,BRITANNIA,EQ,3703.75,3710.1,3767.9,3710.1,3747.9,3748.05,3749.87,122781,46041259515000.0,20729.0,62640.0,0.5102
2017-07-05,BRITANNIA,EQ,3748.05,3759.0,3769.0,3715.0,3733.0,3733.45,3735.94,113021,42223921460000.0,13245.0,74368.0,0.658
2017-07-06,BRITANNIA,EQ,3733.45,3740.0,3750.0,3721.45,3725.0,3731.4,3736.7,123203,46037284645000.0,19648.0,89189.0,0.7239
2017-07-07,BRITANNIA,EQ,3731.4,3720.1,3721.95,3676.9,3694.5,3692.35,3693.17,119710,44210976380000.0,10683.0,81073.0,0.6772
2017-07-10,BRITANNIA,EQ,3692.35,3710.45,3728.0,3698.0,3712.2,3715.95,3715.14,17112,6357349135000.0,1157.0,10196.0,0.5958
2017-07-11,BRITANNIA,EQ,3715.95,3690.6,3735.15,3687.05,3699.5,3697.05,3703.06,82155,30422489460000.004,13609.0,46699.0,0.5684
2017-07-12,BRITANNIA,EQ,3697.05,3697.0,3724.7,3692.0,3709.75,3702.15,3703.84,180201,66743548910000.0,15239.0,162178.0,0.9
2017-07-13,BRITANNIA,EQ,3702.15,3724.0,3763.9,3704.0,3730.0,3727.6,3736.84,63901,23878788890000.0,9701.0,31664.0,0.4955
2017-07-14,BRITANNIA,EQ,3727.6,3734.7,3734.7,3705.15,3709.4,3719.2,3723.95,38966,14510756400000.0,8543.0,24103.0,0.6186
2017-07-17,BRITANNIA,EQ,3719.2,3719.95,3733.0,3675.4,3711.0,3697.7,3699.86,54354,20110233910000.0,11084.0,32807.0,0.6036
2017-07-18,BRITANNIA,EQ,3697.7,3700.0,3758.0,3656.05,3747.95,3742.95,3726.94,65531,24422996740000.0,8194.0,30912.0,0.4717
2017-07-19,BRITANNIA,EQ,3742.95,3754.7,3839.0,3754.7,3798.95,3806.2,3810.08,262599,100052195675000.0,22850.0,114014.0,0.43420000000000003
2017-07-20,BRITANNIA,EQ,3806.2,3805.0,3835.0,3765.0,3800.1,3791.1,3797.5,207949,78968600295000.0,12724.0,136259.0,0.6553
2017-07-21,BRITANNIA,EQ,3791.1,3819.0,3845.0,3790.2,3833.1,3834.05,3823.22,120408,46034644750000.0,12373.0,80425.0,0.6679
2017-07-24,BRITANNIA,EQ,3834.05,3835.1,3868.0,3815.15,3823.0,3829.45,3841.53,101992,39180574160000.0,16390.0,62627.0,0.614
2017-07-25,BRITANNIA,EQ,3829.45,3850.0,3853.3,3821.05,3850.4,3850.5,3846.99,97708,37588142985000.0,11401.0,57489.0,0.5884
2017-07-26,BRITANNIA,EQ,3850.5,3862.0,3862.0,3840.3,3851.0,3850.6,3851.37,78143,30095731775000.0,6720.0,54130.0,0.6927
2017-07-27,BRITANNIA,EQ,3850.6,3852.0,3918.4,3841.0,3870.0,3875.9,3875.77,140368,54403416475000.0,14731.0,83635.0,0.5958
2017-07-28,BRITANNIA,EQ,3875.9,3874.0,3928.35,3835.2,3889.35,3906.65,3874.27,119482,46290581165000.0,13137.0,73216.0,0.6128
2017-07-31,BRITANNIA,EQ,3906.65,3919.6,3956.6,3879.0,3895.3,3921.6,3930.76,127968,50301166350000.0,18917.0,75625.0,0.5910000000000001
2017-08-01,BRITANNIA,EQ,3921.6,3919.8,3958.0,3885.55,3905.0,3907.5,3921.23,114470,44886299970000.0,19802.0,70743.0,0.618
2017-08-02,BRITANNIA,EQ,3907.5,3910.0,3929.0,3840.65,3862.0,3864.1,3865.56,160769,62146261190000.0,15098.0,104863.0,0.6523000000000001
2017-08-03,BRITANNIA,EQ,3864.1,3852.4,3890.0,3834.05,3869.95,3873.95,3861.52,74679,28837444270000.0,8883.0,44172.0,0.5915
2017-08-04,BRITANNIA,EQ,3873.95,3830.0,3937.5,3830.0,3905.0,3917.4,3883.98,96920,37643503305000.0,9696.0,54120.0,0.5584
2017-08-07,BRITANNIA,EQ,3917.4,3918.8,4211.85,3900.05,4105.0,4107.8,4113.52,891341,366654658185000.0,57330.0,229917.0,0.2579
2017-08-08,BRITANNIA,EQ,4107.8,4116.0,4141.15,3980.0,4060.0,4072.35,4049.03,375176,151909741170000.0,27978.0,154523.0,0.4119
2017-08-09,BRITANNIA,EQ,4072.35,4069.0,4074.9,3992.9,4039.8,4058.9,4028.36,174011,70097879910000.0,14864.0,96145.0,0.5525
2017-08-10,BRITANNIA,EQ,4058.9,4028.0,4233.95,4028.0,4110.75,4119.2,4157.69,326587,135784783234999.98,30110.0,97249.0,0.2978
2017-08-11,BRITANNIA,EQ,4119.2,4080.75,4157.0,4051.0,4100.0,4101.95,4098.58,148713,60951276875000.0,18928.0,67594.0,0.4545
2017-08-14,BRITANNIA,EQ,4101.95,4123.35,4206.25,4101.5,4160.0,4160.0,4162.12,99328,41341486690000.0,14367.0,48172.0,0.485
2017-08-16,BRITANNIA,EQ,4160.0,4175.0,4311.95,4171.05,4290.2,4299.95,4256.13,294698,125427391430000.0,30169.0,122199.0,0.4147
2017-08-17,BRITANNIA,EQ,4299.95,4339.0,4339.85,4235.0,4252.5,4250.5,4273.48,170706,72950950115000.0,18988.0,92807.0,0.5437
2017-08-18,BRITANNIA,EQ,4250.5,4211.05,4283.95,4211.05,4245.0,4251.45,4255.45,80306,34173848270000.0,10760.0,33044.0,0.4115
2017-08-21,BRITANNIA,EQ,4251.45,4236.2,4277.4,4212.05,4217.3,4229.8,4245.08,96344,40898796355000.0,14353.0,53467.0,0.555
2017-08-22,BRITANNIA,EQ,4229.8,4245.0,4258.95,4180.65,4206.0,4198.85,4210.8,106183,44711533060000.0,13200.0,47207.0,0.4446
2017-08-23,BRITANNIA,EQ,4198.85,4225.7,4267.7,4156.0,4245.0,4247.15,4239.52,118712,50328223495000.0,18697.0,58035.0,0.4889
2017-08-24,BRITANNIA,EQ,4247.15,4235.0,4274.4,4193.35,4210.0,4214.1,4234.43,123419,52260860575000.0,17790.0,103249.0,0.8366
2017-08-28,BRITANNIA,EQ,4214.1,4250.0,4258.85,4175.95,4185.0,4188.3,4199.34,150029,63002298885000.0,25850.0,105339.0,0.7021
2017-08-29,BRITANNIA,EQ,4188.3,4181.0,4219.25,4142.2,4154.0,4172.6,4166.47,165131,68801365345000.01,12317.0,111533.0,0.6754000000000001
2017-08-30,BRITANNIA,EQ,4172.6,4180.0,4262.5,4180.0,4230.0,4241.35,4234.52,101234,42867708340000.0,14262.0,54533.0,0.5387
2017-08-31,BRITANNIA,EQ,4241.35,4267.7,4272.0,4212.25,4229.95,4230.95,4231.36,134547,56931665965000.0,19742.0,83204.0,0.6184000000000001
2017-09-01,BRITANNIA,EQ,4230.95,4220.0,4260.3,4201.5,4240.0,4243.95,4245.65,96172,40831286080000.0,9330.0,72630.0,0.7552
2017-09-04,BRITANNIA,EQ,4243.95,4245.0,4259.0,4151.0,4216.25,4219.65,4204.48,114767,48253536475000.0,14612.0,59699.0,0.5202
2017-09-05,BRITANNIA,EQ,4219.65,4242.0,4271.85,4220.0,4250.0,4260.6,4251.9,137103,58294785645000.01,17492.0,49242.0,0.3592
2017-09-06,BRITANNIA,EQ,4260.6,4230.0,4257.0,4209.0,4241.5,4247.85,4244.61,115639,49084273060000.0,9021.0,83762.0,0.7243
2017-09-07,BRITANNIA,EQ,4247.85,4251.0,4295.0,4244.0,4256.0,4261.1,4265.6,114924,49022011400000.0,14088.0,60788.0,0.5289
2017-09-08,BRITANNIA,EQ,4261.1,4281.0,4350.0,4269.35,4289.8,4288.25,4311.05,139346,60072773304999.99,11861.0,46469.0,0.3335
2017-09-11,BRITANNIA,EQ,4288.25,4290.0,4330.0,4290.0,4295.0,4297.3,4310.23,71094,30643178225000.0,6800.0,46751.0,0.6576000000000001
2017-09-12,BRITANNIA,EQ,4297.3,4330.0,4338.5,4302.9,4316.0,4317.2,4316.9,113421,48962678775000.0,10976.0,84935.0,0.7488
2017-09-13,BRITANNIA,EQ,4317.2,4325.0,4360.0,4280.0,4318.4,4329.95,4333.25,92788,40207374490000.0,11530.0,60818.0,0.6555
2017-09-14,BRITANNIA,EQ,4329.95,4349.0,4349.0,4313.45,4340.0,4340.65,4332.67,94563,40971066700000.0,7602.0,80897.0,0.8555
2017-09-15,BRITANNIA,EQ,4340.65,4345.0,4380.85,4330.0,4356.0,4357.0,4357.97,139797,60923080020000.01,13867.0,89701.0,0.6417
2017-09-18,BRITANNIA,EQ,4357.0,4379.9,4409.0,4362.3,4380.6,4388.45,4384.64,217716,95460728925000.0,12291.0,48230.0,0.2215
2017-09-19,BRITANNIA,EQ,4388.45,4370.25,4395.0,4323.0,4370.0,4370.2,4362.16,108932,47517909355000.0,14805.0,66269.0,0.6084
2017-09-20,BRITANNIA,EQ,4370.2,4370.0,4386.95,4341.25,4358.0,4351.05,4358.51,47068,20514623355000.0,7872.0,28026.0,0.5954
2017-09-21,BRITANNIA,EQ,4351.05,4374.0,4374.0,4306.05,4319.0,4328.1,4345.08,80286,34884945310000.004,12003.0,53837.0,0.6706000000000001
2017-09-22,BRITANNIA,EQ,4328.1,4304.9,4345.7,4254.05,4262.1,4270.3,4307.18,192809,83046278540000.0,17192.0,142543.0,0.7393000000000001
2017-09-25,BRITANNIA,EQ,4270.3,4232.6,4318.45,4232.6,4285.5,4281.1,4276.19,133944,57276970304999.99,15774.0,87512.0,0.6533
2017-09-26,BRITANNIA,EQ,4281.1,4281.3,4340.0,4265.0,4325.0,4326.0,4309.48,105618,45515875835000.0,17233.0,69983.0,0.6626000000000001
2017-09-27,BRITANNIA,EQ,4326.0,4331.9,4357.35,4272.95,4300.0,4301.75,4300.69,157927,67919522085000.0,23606.0,103952.0,0.6581999999999999
2017-09-28,BRITANNIA,EQ,4301.75,4287.0,4375.0,4286.0,4340.5,4339.7,4331.65,176417,76417606665000.0,19791.0,121503.0,0.6887000000000001
2017-09-29,BRITANNIA,EQ,4339.7,4345.0,4356.1,4324.05,4345.0,4344.25,4344.41,156179,67850612865000.0,16641.0,120911.0,0.7742
2017-10-03,BRITANNIA,EQ,4344.25,4415.0,4415.0,4330.0,4351.95,4340.05,4359.11,72907,31780991930000.0,8378.0,48710.0,0.6681
2017-10-04,BRITANNIA,EQ,4340.05,4330.0,4398.0,4330.0,4343.25,4341.85,4342.41,113760,49399263690000.0,13833.0,89074.0,0.783
2017-10-05,BRITANNIA,EQ,4341.85,4385.0,4385.0,4345.05,4365.0,4363.65,4365.76,74107,32353362664999.996,11093.0,56823.0,0.7668
2017-10-06,BRITANNIA,EQ,4363.65,4363.5,4370.0,4326.5,4365.0,4361.85,4359.25,100973,44016644590000.0,11076.0,77065.0,0.7632
2017-10-09,BRITANNIA,EQ,4361.85,4361.85,4393.15,4322.95,4347.95,4344.5,4345.69,184082,79996409920000.0,12744.0,148834.0,0.8085
2017-10-10,BRITANNIA,EQ,4344.5,4379.0,4390.4,4334.0,4360.9,4348.6,4354.66,87459,38085435300000.0,10611.0,63083.0,0.7212999999999999
2017-10-11,BRITANNIA,EQ,4348.6,4352.0,4399.0,4302.3,4385.0,4375.95,4353.49,322795,140528525695000.0,30056.0,271992.0,0.8426
2017-10-12,BRITANNIA,EQ,4375.95,4394.9,4578.5,4389.05,4570.1,4544.45,4513.05,426061,192283373060000.0,40519.0,171377.0,0.4022
2017-10-13,BRITANNIA,EQ,4544.45,4550.0,4656.0,4550.0,4601.95,4582.2,4610.37,355914,164089421830000.0,27878.0,228518.0,0.6421
2017-10-16,BRITANNIA,EQ,4582.2,4590.15,4617.7,4515.1,4542.0,4540.1,4541.83,111373,50583741680000.0,18473.0,72439.0,0.6504000000000001
2017-10-17,BRITANNIA,EQ,4540.1,4530.0,4640.0,4530.0,4621.0,4615.3,4617.25,106307,49084587150000.0,11747.0,46819.0,0.4404
2017-10-18,BRITANNIA,EQ,4615.3,4621.0,4725.0,4605.05,4706.15,4685.85,4647.67,179088,83234128165000.0,11019.0,57494.0,0.321
2017-10-19,BRITANNIA,EQ,4685.85,4710.0,4725.0,4620.1,4628.0,4636.25,4660.22,14699,6850050459999.999,1755.0,4866.0,0.331
2017-10-23,BRITANNIA,EQ,4636.25,4642.7,4746.95,4638.1,4660.0,4655.2,4683.54,121350,56834726945000.01,16857.0,66765.0,0.5502
2017-10-24,BRITANNIA,EQ,4655.2,4688.0,4688.0,4602.05,4626.15,4625.85,4638.96,72527,33645021380000.0,13213.0,46986.0,0.6478
2017-10-25,BRITANNIA,EQ,4625.85,4649.0,4659.9,4575.0,4640.0,4644.25,4622.3,153517,70960169260000.0,18214.0,103212.0,0.6723
2017-10-26,BRITANNIA,EQ,4644.25,4626.55,4663.55,4587.0,4610.0,4604.65,4601.59,150389,69202829575000.0,18990.0,93650.0,0.6227
2017-10-27,BRITANNIA,EQ,4604.65,4608.9,4654.6,4570.1,4599.9,4597.35,4592.8,93708,43038219885000.0,14669.0,64610.0,0.6895
2017-10-30,BRITANNIA,EQ,4597.35,4600.0,4767.45,4600.0,4767.0,4745.9,4694.42,157502,73938084740000.0,19355.0,83353.0,0.5292
2017-10-31,BRITANNIA,EQ,4745.9,4750.0,4770.0,4630.7,4630.95,4639.5,4675.91,119015,55650333125000.0,12581.0,68790.0,0.578
2017-11-01,BRITANNIA,EQ,4639.5,4642.0,4745.55,4642.0,4699.0,4697.25,4711.5,135628,63901124645000.01,12590.0,79328.0,0.5849000000000001
2017-11-02,BRITANNIA,EQ,4697.25,4702.15,4723.75,4584.8,4664.0,4658.65,4652.68,84051,39106221705000.0,7910.0,41916.0,0.4987
2017-11-03,BRITANNIA,EQ,4658.65,4708.9,4708.9,4630.1,4652.2,4658.1,4664.17,57783,26950947789999.996,7170.0,28043.0,0.4853
2017-11-06,BRITANNIA,EQ,4658.1,4652.2,4700.45,4620.15,4640.0,4643.05,4650.68,120003,55809578450000.0,11995.0,73394.0,0.6116
2017-11-07,BRITANNIA,EQ,4643.05,4668.0,4742.0,4608.0,4650.0,4649.0,4673.08,204177,95413642565000.0,17026.0,112619.0,0.5516
2017-11-08,BRITANNIA,EQ,4649.0,4669.0,4687.35,4600.2,4660.9,4653.5,4627.97,99325,45967298290000.0,12091.0,56733.0,0.5712
2017-11-09,BRITANNIA,EQ,4653.5,4665.0,4799.8,4653.6,4763.4,4757.95,4754.13,172913,82205085160000.0,16429.0,58202.0,0.33659999999999995
2017-11-10,BRITANNIA,EQ,4757.95,4779.0,4917.8,4741.0,4890.0,4873.0,4842.22,243606,117959306059999.98,25966.0,90003.0,0.36950000000000005
2017-11-13,BRITANNIA,EQ,4873.0,4775.0,4926.6,4687.55,4890.0,4882.3,4794.95,334186,160240548780000.0,34562.0,130283.0,0.3899
2017-11-14,BRITANNIA,EQ,4882.3,4907.0,4915.15,4776.3,4778.0,4788.35,4815.21,279340,134508025650000.0,41518.0,161612.0,0.5785
2017-11-15,BRITANNIA,EQ,4788.35,4780.0,4825.0,4726.2,4764.8,4749.75,4781.77,97511,46627527975000.0,13531.0,44143.0,0.45270000000000005
2017-11-16,BRITANNIA,EQ,4749.75,4740.0,4816.05,4728.0,4732.0,4736.7,4771.42,129273,61681566990000.0,14936.0,77675.0,0.6009000000000001
2017-11-17,BRITANNIA,EQ,4736.7,4769.0,4829.85,4735.0,4746.65,4750.05,4779.82,199018,95127087540000.0,35267.0,132213.0,0.6643000000000001
2017-11-20,BRITANNIA,EQ,4750.05,4777.0,4799.0,4724.35,4769.0,4763.2,4758.3,159181,75743076255000.0,30181.0,106403.0,0.6684
2017-11-21,BRITANNIA,EQ,4763.2,4770.0,4843.95,4769.0,4814.5,4816.9,4823.55,150773,72726184180000.0,22080.0,90123.0,0.5977
2017-11-22,BRITANNIA,EQ,4816.9,4825.0,4836.45,4748.0,4760.0,4775.15,4786.58,121364,58091878585000.0,21611.0,76430.0,0.6298
2017-11-23,BRITANNIA,EQ,4775.15,4781.45,4810.0,4761.05,4790.0,4782.35,4786.37,71530,34236930964999.996,8465.0,47434.0,0.6631
2017-11-24,BRITANNIA,EQ,4782.35,4786.05,4794.55,4708.55,4745.0,4742.0,4749.13,145893,69286447300000.0,18676.0,102501.0,0.7026000000000001
2017-11-27,BRITANNIA,EQ,4742.0,4769.0,4823.95,4760.75,4799.0,4796.9,4800.63,194320,93285873830000.0,37420.0,129121.0,0.6645000000000001
2017-11-28,BRITANNIA,EQ,4796.9,4812.0,4853.7,4780.2,4790.0,4794.7,4808.04,151111,72654736855000.0,27139.0,93320.0,0.6176
2017-11-29,BRITANNIA,EQ,4794.7,4820.0,4831.05,4785.05,4815.0,4811.15,4808.7,152996,73571186475000.0,32427.0,95716.0,0.6256
2017-11-30,BRITANNIA,EQ,4811.15,4814.0,4882.0,4690.1,4840.0,4815.6,4814.96,3134564,1509281556245000.0,135516.0,2297352.0,0.7329000000000001
2017-12-01,BRITANNIA,EQ,4815.6,4841.05,4865.0,4764.6,4795.0,4805.95,4808.3,165765,79704833145000.0,12518.0,83472.0,0.5036
2017-12-04,BRITANNIA,EQ,4805.95,4765.0,4810.75,4750.0,4755.0,4763.25,4770.98,66290,31626813350000.0,12688.0,35613.0,0.5372
2017-12-05,BRITANNIA,EQ,4763.25,4763.25,4810.6,4735.3,4764.9,4761.85,4773.22,100160,47808593985000.0,10557.0,54774.0,0.5468999999999999
2017-12-06,BRITANNIA,EQ,4761.85,4794.9,4794.9,4715.25,4770.0,4760.45,4742.34,78353,37157672755000.0,9346.0,42265.0,0.5394
2017-12-07,BRITANNIA,EQ,4760.45,4770.0,4950.0,4765.05,4949.95,4923.25,4873.62,139902,68182917715000.0,17186.0,75622.0,0.5405
2017-12-08,BRITANNIA,EQ,4923.25,4949.95,4963.9,4836.0,4869.95,4855.85,4886.46,116782,57065027625000.0,12814.0,59971.0,0.5135000000000001
2017-12-11,BRITANNIA,EQ,4855.85,4870.1,4949.0,4837.8,4875.0,4869.2,4882.16,101345,49478248275000.0,14554.0,57509.0,0.5675
2017-12-12,BRITANNIA,EQ,4869.2,4876.0,4909.0,4826.0,4849.0,4860.1,4863.56,65982,32090721620000.0,7339.0,27948.0,0.4236
2017-12-13,BRITANNIA,EQ,4860.1,4860.0,4873.0,4795.2,4801.0,4814.85,4837.5,73277,35447766190000.0,8483.0,39163.0,0.5345000000000001
2017-12-14,BRITANNIA,EQ,4814.85,4847.5,4847.5,4660.0,4693.2,4694.85,4708.04,179526,84521595975000.0,15885.0,121059.0,0.6743000000000001
2017-12-15,BRITANNIA,EQ,4694.85,4748.2,4748.2,4681.05,4697.15,4703.6,4704.5,127802,60124495879999.99,19792.0,91743.0,0.7179000000000001
2017-12-18,BRITANNIA,EQ,4703.6,4710.65,4710.65,4598.4,4700.0,4699.5,4676.11,186521,87219341460000.0,18570.0,120276.0,0.6448
2017-12-19,BRITANNIA,EQ,4699.5,4715.0,4779.45,4678.3,4770.0,4756.55,4727.34,274186,129617022725000.0,14982.0,215811.0,0.7870999999999999
2017-12-20,BRITANNIA,EQ,4756.55,4770.0,4770.0,4715.0,4750.0,4745.4,4738.88,131605,62365997825000.0,11891.0,96547.0,0.7336
2017-12-21,BRITANNIA,EQ,4745.4,4730.15,4750.0,4706.0,4725.25,4732.7,4738.02,86067,40778728795000.0,9288.0,60263.0,0.7001999999999999
2017-12-22,BRITANNIA,EQ,4732.7,4807.0,4824.95,4735.0,4750.85,4746.65,4764.02,284509,135540722440000.02,23307.0,179074.0,0.6294
2017-12-26,BRITANNIA,EQ,4746.65,4775.0,4775.0,4726.3,4743.0,4745.6,4746.48,71374,33877549300000.0,8389.0,45350.0,0.6354
2017-12-27,BRITANNIA,EQ,4745.6,4745.6,4750.0,4723.85,4733.6,4735.15,4737.23,94250,44648390560000.0,13942.0,70011.0,0.7428
2017-12-28,BRITANNIA,EQ,4735.15,4741.1,4741.15,4656.1,4661.0,4666.05,4681.38,197527,92469955515000.0,13416.0,133674.0,0.6767000000000001
2017-12-29,BRITANNIA,EQ,4666.05,4666.05,4728.95,4666.0,4715.2,4709.25,4692.61,131579,61744932729999.99,9899.0,89558.0,0.6806
2018-01-01,BRITANNIA,EQ,4709.25,4750.0,4774.0,4715.2,4745.0,4738.25,4747.51,56160,26662021625000.0,4715.0,28681.0,0.5107
2018-01-02,BRITANNIA,EQ,4738.25,4738.25,4742.25,4644.0,4653.0,4656.05,4677.05,88399,41344678060000.0,14763.0,52645.0,0.5955
2018-01-03,BRITANNIA,EQ,4656.05,4659.0,4709.95,4656.55,4670.0,4680.95,4687.28,83023,38915236540000.0,10677.0,53482.0,0.6442
2018-01-04,BRITANNIA,EQ,4680.95,4659.0,4688.9,4610.15,4637.0,4626.4,4640.78,167350,77663508885000.0,17375.0,118226.0,0.7065
2018-01-05,BRITANNIA,EQ,4626.4,4662.0,4679.5,4614.35,4626.0,4644.1,4648.66,132058,61389318450000.0,23798.0,99816.0,0.7558
2018-01-08,BRITANNIA,EQ,4644.1,4660.0,4711.0,4627.65,4690.05,4693.75,4660.54,88415,41206126855000.0,14180.0,56082.0,0.6343
2018-01-09,BRITANNIA,EQ,4693.75,4700.0,4713.35,4624.85,4639.1,4641.95,4647.88,122140,56769155104999.99,18819.0,84435.0,0.6912999999999999
2018-01-10,BRITANNIA,EQ,4641.95,4656.85,4709.0,4631.5,4670.95,4674.75,4658.98,194379,90560726625000.0,12157.0,136421.0,0.7018000000000001
2018-01-11,BRITANNIA,EQ,4674.75,4670.0,4749.0,4632.0,4735.0,4721.55,4719.32,111728,52728015750000.0,17935.0,56242.0,0.5034000000000001
2018-01-12,BRITANNIA,EQ,4721.55,4735.0,4769.0,4661.35,4705.0,4708.3,4723.06,128637,60756060645000.01,16398.0,67950.0,0.5282
2018-01-15,BRITANNIA,EQ,4708.3,4708.3,4786.0,4705.0,4722.4,4719.85,4744.16,88732,42095882150000.0,18594.0,47015.0,0.5299
2018-01-16,BRITANNIA,EQ,4719.85,4724.0,4773.0,4601.0,4690.0,4677.35,4672.96,168099,78551998045000.0,15898.0,95987.0,0.5710000000000001
2018-01-17,BRITANNIA,EQ,4677.35,4680.0,4753.0,4640.05,4729.0,4749.8,4720.19,102842,48543345720000.0,15254.0,57102.0,0.5552
2018-01-18,BRITANNIA,EQ,4749.8,4759.7,4778.8,4606.0,4634.0,4631.5,4718.91,177923,83960345325000.0,20076.0,119140.0,0.6696
2018-01-19,BRITANNIA,EQ,4631.5,4665.0,4692.8,4630.0,4683.0,4684.45,4671.57,65593,30642205064999.996,5638.0,36958.0,0.5634
2018-01-22,BRITANNIA,EQ,4684.45,4675.0,4752.0,4670.0,4705.3,4707.35,4706.21,80901,38073696735000.0,7408.0,43879.0,0.5424
2018-01-23,BRITANNIA,EQ,4707.35,4685.0,4760.55,4649.25,4727.95,4736.45,4736.72,100355,47535309505000.0,11165.0,65670.0,0.6544
2018-01-24,BRITANNIA,EQ,4736.45,4736.4,4755.15,4681.05,4702.6,4719.25,4711.41,80067,37722858415000.0,6374.0,54378.0,0.6792
2018-01-25,BRITANNIA,EQ,4719.25,4719.2,4719.2,4601.0,4606.2,4625.6,4631.44,398317,184478271180000.0,23355.0,325084.0,0.8161
2018-01-29,BRITANNIA,EQ,4625.6,4640.0,4710.0,4607.0,4672.0,4692.1,4656.63,110221,51325816015000.0,9456.0,67960.0,0.6165999999999999
2018-01-30,BRITANNIA,EQ,4692.1,4669.0,4740.05,4640.2,4695.5,4705.6,4710.77,129166,60847123390000.0,13897.0,84601.0,0.655
2018-01-31,BRITANNIA,EQ,4705.6,4690.0,4712.4,4647.2,4666.65,4684.15,4673.1,71887,33593523425000.0,7837.0,47255.0,0.6574
2018-02-01,BRITANNIA,EQ,4684.15,4684.25,4761.7,4655.85,4721.0,4740.5,4726.39,148844,70349524165000.0,12504.0,94215.0,0.633
2018-02-02,BRITANNIA,EQ,4740.5,4675.5,4740.0,4577.0,4730.1,4726.45,4704.61,187184,88062726745000.0,11858.0,134333.0,0.7177
2018-02-05,BRITANNIA,EQ,4726.45,4699.0,4699.0,4560.0,4610.0,4616.7,4620.24,177420,81972330360000.0,14746.0,94487.0,0.5326
2018-02-06,BRITANNIA,EQ,4616.7,4500.0,4620.5,4400.0,4520.95,4530.45,4486.89,137134,61530514370000.01,16034.0,61035.0,0.4451
2018-02-07,BRITANNIA,EQ,4530.45,4614.9,4625.0,4493.05,4526.3,4550.45,4534.19,128288,58168177215000.0,13129.0,78581.0,0.6125
2018-02-08,BRITANNIA,EQ,4550.45,4549.85,4654.0,4515.5,4650.0,4628.0,4613.36,99666,45979471560000.0,16589.0,67228.0,0.6745
2018-02-09,BRITANNIA,EQ,4628.0,4526.05,4679.8,4526.05,4656.55,4641.15,4625.22,120741,55845377340000.0,15355.0,75040.0,0.6215
2018-02-12,BRITANNIA,EQ,4641.15,4670.0,4790.0,4670.0,4770.05,4772.5,4766.63,214757,102366639455000.0,20394.0,115964.0,0.54
2018-02-14,BRITANNIA,EQ,4772.5,4865.0,4875.8,4746.35,4760.0,4764.15,4785.09,349962,167459846340000.0,20625.0,218391.0,0.624
2018-02-15,BRITANNIA,EQ,4764.15,4787.8,4816.35,4701.55,4755.15,4755.75,4751.14,82826,39351802180000.0,12754.0,40790.0,0.4925
2018-02-16,BRITANNIA,EQ,4755.75,4801.0,4810.0,4736.0,4775.0,4781.95,4771.14,82784,39497367150000.0,6572.0,43420.0,0.5245000000000001
2018-02-19,BRITANNIA,EQ,4781.95,4781.5,4781.5,4695.9,4710.05,4733.3,4723.32,44981,21245977705000.0,5800.0,18390.0,0.40880000000000005
2018-02-20,BRITANNIA,EQ,4733.3,4728.0,4780.0,4725.0,4737.0,4734.1,4744.9,132678,62954432075000.0,14155.0,82264.0,0.62
2018-02-21,BRITANNIA,EQ,4734.1,4775.0,4786.9,4739.6,4764.5,4769.75,4757.87,123451,58736418035000.0,11501.0,100175.0,0.8115000000000001
2018-02-22,BRITANNIA,EQ,4769.75,4774.0,4875.0,4751.35,4872.85,4855.85,4837.28,212453,102769545790000.0,19167.0,129100.0,0.6077
2018-02-23,BRITANNIA,EQ,4855.85,4900.0,4979.0,4875.1,4965.0,4961.9,4931.03,152705,75299322305000.0,11520.0,58893.0,0.3857
2018-02-26,BRITANNIA,EQ,4961.9,4965.6,4998.0,4944.05,4953.85,4964.75,4984.6,112351,56002474604999.99,15117.0,66099.0,0.5883
2018-02-27,BRITANNIA,EQ,4964.75,4975.0,5065.8,4910.5,4953.9,4952.25,4991.94,213517,106586309090000.0,14729.0,42472.0,0.19890000000000002
2018-02-28,BRITANNIA,EQ,4952.25,4930.0,5009.3,4897.3,4976.9,4994.25,4972.32,90480,44989533305000.0,13916.0,52319.0,0.5782
2018-03-01,BRITANNIA,EQ,4994.25,4985.0,4999.95,4920.0,4925.85,4943.85,4955.33,52535,26032821110000.0,5014.0,21423.0,0.4078
2018-03-05,BRITANNIA,EQ,4943.85,4912.0,4939.45,4891.4,4900.0,4902.45,4903.76,78734,38609271875000.0,16802.0,52612.0,0.6681999999999999
2018-03-06,BRITANNIA,EQ,4902.45,4895.0,4934.9,4787.05,4800.0,4825.2,4887.38,78178,38208573165000.0,12914.0,45350.0,0.5801
2018-03-07,BRITANNIA,EQ,4825.2,4825.0,4915.0,4780.0,4867.65,4884.7,4885.61,126922,62009145585000.0,11363.0,73655.0,0.5803
2018-03-08,BRITANNIA,EQ,4884.7,4905.5,4917.5,4822.25,4845.0,4848.4,4851.58,134037,65029107560000.0,4971.0,96976.0,0.7234999999999999
2018-03-09,BRITANNIA,EQ,4848.4,4869.0,4880.0,4824.25,4840.0,4841.8,4859.19,188502,91596684955000.0,8858.0,150341.0,0.7976000000000001
2018-03-12,BRITANNIA,EQ,4841.8,4875.0,4895.0,4820.75,4852.0,4866.8,4865.66,73006,35522239635000.0,8769.0,47485.0,0.6504000000000001
2018-03-13,BRITANNIA,EQ,4866.8,4860.55,4895.0,4832.35,4850.25,4869.95,4871.24,109033,53112582725000.0,9781.0,77201.0,0.7081000000000001
2018-03-14,BRITANNIA,EQ,4869.95,4850.25,4855.0,4806.0,4820.0,4823.75,4821.48,104396,50334296905000.0,9650.0,60641.0,0.5809000000000001
2018-03-15,BRITANNIA,EQ,4823.75,4843.0,4896.0,4812.4,4848.5,4868.25,4867.05,303199,147568345425000.0,8047.0,267007.0,0.8806
2018-03-16,BRITANNIA,EQ,4868.25,4869.95,4895.0,4840.0,4865.0,4860.6,4864.71,151921,73905189775000.0,11594.0,110642.0,0.7283
2018-03-19,BRITANNIA,EQ,4860.6,4862.0,4869.95,4803.0,4821.1,4815.55,4824.11,111828,53947014329999.99,9172.0,83212.0,0.7441
2018-03-20,BRITANNIA,EQ,4815.55,4820.0,4835.0,4806.0,4825.0,4825.05,4820.22,161626,77907364960000.0,9020.0,137493.0,0.8506999999999999
2018-03-21,BRITANNIA,EQ,4825.05,4820.0,4856.0,4820.0,4830.0,4834.45,4833.65,202332,97800209845000.0,15296.0,169107.0,0.8358
2018-03-22,BRITANNIA,EQ,4834.45,4855.0,4870.0,4820.5,4839.0,4838.2,4845.97,88523,42898007750000.0,10343.0,56756.0,0.6411
2018-03-23,BRITANNIA,EQ,4838.2,4811.0,4870.0,4790.0,4851.0,4839.65,4836.45,136672,66100674829999.99,15900.0,98027.0,0.7172
2018-03-26,BRITANNIA,EQ,4839.65,4840.05,4870.0,4838.95,4855.0,4858.0,4854.74,96252,46727880010000.0,14562.0,72477.0,0.753
2018-03-27,BRITANNIA,EQ,4858.0,4875.0,4985.75,4863.85,4962.25,4964.8,4935.13,242626,119739158415000.02,23844.0,170186.0,0.7014
2018-03-28,BRITANNIA,EQ,4964.8,4964.8,5004.0,4904.2,4970.6,4970.6,4975.83,263016,130872161559999.98,21820.0,203348.0,0.7731
2018-04-02,BRITANNIA,EQ,4970.6,4998.0,5117.7,4974.4,5103.7,5107.05,5074.48,145858,74015349055000.0,20407.0,77729.0,0.5329
2018-04-03,BRITANNIA,EQ,5107.05,5118.0,5119.0,5044.6,5082.3,5099.8,5082.97,107419,54600717965000.0,6256.0,78096.0,0.7270000000000001
2018-04-04,BRITANNIA,EQ,5099.8,5057.0,5084.8,4991.0,5014.85,5024.4,5025.74,134190,67440441129999.99,10822.0,77671.0,0.5788000000000001
2018-04-05,BRITANNIA,EQ,5024.4,5025.0,5074.7,5011.0,5070.05,5067.85,5045.61,102027,51478798970000.0,11117.0,66350.0,0.6503
2018-04-06,BRITANNIA,EQ,5067.85,5089.95,5199.95,5050.0,5183.0,5178.25,5123.09,136390,69873867765000.0,12022.0,67475.0,0.4947
2018-04-09,BRITANNIA,EQ,5178.25,5182.0,5207.0,5136.55,5160.0,5162.9,5164.7,62539,32299517514999.996,8782.0,30670.0,0.4904
2018-04-10,BRITANNIA,EQ,5162.9,5164.0,5177.5,5060.0,5150.0,5134.25,5116.67,74257,37994890150000.0,8923.0,36043.0,0.4854
2018-04-11,BRITANNIA,EQ,5134.25,5139.9,5161.35,5106.0,5133.55,5135.35,5137.08,43801,22500925045000.0,5664.0,21560.0,0.4922
2018-04-12,BRITANNIA,EQ,5135.35,5133.0,5203.0,5110.0,5165.0,5162.85,5171.44,111689,57759338110000.0,6039.0,56453.0,0.5054
2018-04-13,BRITANNIA,EQ,5162.85,5220.0,5236.15,5158.6,5217.0,5208.9,5190.41,146845,76218605130000.0,6951.0,117707.0,0.8016
2018-04-16,BRITANNIA,EQ,5208.9,5212.9,5338.0,5185.85,5320.0,5312.35,5292.18,95667,50628723200000.0,11083.0,42679.0,0.4461
2018-04-17,BRITANNIA,EQ,5312.35,5337.0,5420.45,5314.25,5324.0,5342.1,5381.17,196397,105684651855000.0,21658.0,128855.0,0.6561
2018-04-18,BRITANNIA,EQ,5342.1,5368.0,5388.4,5321.0,5365.0,5361.65,5362.63,64895,34800779585000.004,6957.0,38965.0,0.6004
2018-04-19,BRITANNIA,EQ,5361.65,5367.0,5419.25,5346.15,5402.0,5395.8,5377.29,64526,34697527480000.0,9979.0,37802.0,0.5858
2018-04-20,BRITANNIA,EQ,5395.8,5396.0,5400.95,5299.5,5324.0,5322.35,5333.99,44036,23488746995000.0,7370.0,25290.0,0.5743
2018-04-23,BRITANNIA,EQ,5322.35,5350.0,5364.8,5304.45,5306.55,5313.05,5333.93,90845,48456118395000.0,13962.0,49458.0,0.5444
2018-04-24,BRITANNIA,EQ,5313.05,5330.0,5343.1,5251.1,5304.0,5297.2,5286.87,58099,30716213275000.0,9594.0,29659.0,0.5105
2018-04-25,BRITANNIA,EQ,5297.2,5300.0,5452.5,5277.25,5380.0,5375.3,5385.8,95281,51316468290000.0,10147.0,31918.0,0.335
2018-04-26,BRITANNIA,EQ,5375.3,5380.0,5412.05,5345.1,5381.0,5373.4,5373.69,92425,49666328775000.0,8199.0,57769.0,0.625
2018-04-27,BRITANNIA,EQ,5373.4,5390.0,5495.85,5378.35,5445.15,5460.75,5425.01,88432,47974449750000.0,13361.0,39896.0,0.4511
2018-04-30,BRITANNIA,EQ,5460.75,5463.0,5536.45,5460.0,5510.0,5513.2,5504.41,64749,35640530440000.0,11271.0,26875.0,0.41509999999999997
2018-05-02,BRITANNIA,EQ,5513.2,5545.0,5565.5,5408.8,5421.0,5425.05,5500.6,72079,39647789085000.0,9854.0,31642.0,0.439
2018-05-03,BRITANNIA,EQ,5425.05,5460.0,5460.0,5320.0,5363.8,5337.1,5354.24,76051,40719511175000.0,14871.0,48445.0,0.637
2018-05-04,BRITANNIA,EQ,5337.1,5350.0,5427.25,5301.0,5381.0,5384.5,5381.38,112650,60621231285000.0,11573.0,53962.0,0.479
2018-05-07,BRITANNIA,EQ,5384.5,5384.5,5500.05,5384.5,5488.7,5472.7,5462.34,75816,41413243430000.0,10599.0,39108.0,0.5158
2018-05-08,BRITANNIA,EQ,5472.7,5490.0,5500.0,5383.25,5427.35,5444.7,5451.22,53753,29301919514999.996,8719.0,29655.0,0.5517000000000001
2018-05-09,BRITANNIA,EQ,5444.7,5419.0,5452.55,5389.1,5389.1,5401.5,5422.4,62836,34072191830000.0,8354.0,43578.0,0.6935
2018-05-10,BRITANNIA,EQ,5401.5,5400.45,5426.15,5345.5,5379.9,5386.45,5384.19,100146,53920475660000.0,8665.0,70395.0,0.7029000000000001
2018-05-11,BRITANNIA,EQ,5386.45,5400.0,5492.4,5400.0,5479.0,5477.7,5456.87,62116,33895909080000.0,8826.0,30111.0,0.48479999999999995
2018-05-14,BRITANNIA,EQ,5477.7,5510.0,5510.0,5413.2,5460.0,5464.1,5462.64,40024,21863653210000.0,4568.0,13181.0,0.3293
2018-05-15,BRITANNIA,EQ,5464.1,5500.0,5507.7,5416.3,5475.05,5454.8,5461.72,138868,75845832365000.0,23691.0,67402.0,0.4854
2018-05-16,BRITANNIA,EQ,5454.8,5430.0,5585.0,5335.65,5540.0,5542.2,5463.61,239001,130580840709999.98,23882.0,75515.0,0.316
2018-05-17,BRITANNIA,EQ,5542.2,5550.0,5570.0,5441.05,5455.2,5476.75,5502.67,133262,73329676325000.0,11365.0,81004.0,0.6079
2018-05-18,BRITANNIA,EQ,5476.75,5509.0,5640.0,5480.25,5600.05,5597.05,5580.6,153209,85499876265000.0,14329.0,45807.0,0.299
2018-05-21,BRITANNIA,EQ,5597.05,5607.0,5671.0,5478.9,5524.8,5521.6,5568.31,111240,61941913220000.01,16191.0,51310.0,0.46130000000000004
2018-05-22,BRITANNIA,EQ,5521.6,5549.45,5630.0,5520.3,5600.2,5604.4,5597.51,111681,62513596865000.0,17071.0,55337.0,0.4955
2018-05-23,BRITANNIA,EQ,5604.4,5620.0,5735.0,5600.0,5700.05,5715.7,5685.53,194505,110586452615000.02,19293.0,112996.0,0.5809000000000001
2018-05-24,BRITANNIA,EQ,5715.7,5703.35,5791.9,5682.0,5723.0,5718.2,5745.2,131895,75776374885000.0,22736.0,69172.0,0.5244
2018-05-25,BRITANNIA,EQ,5718.2,5720.0,5850.0,5706.05,5822.0,5827.5,5793.15,117461,68046899200000.0,25259.0,55747.0,0.4746
2018-05-28,BRITANNIA,EQ,5827.5,5878.75,5878.75,5793.0,5856.1,5842.95,5833.74,68241,39810055010000.0,9139.0,20353.0,0.2983
2018-05-29,BRITANNIA,EQ,5842.95,5854.7,5868.0,5778.25,5800.0,5805.1,5815.48,84912,49380403925000.0,15217.0,46471.0,0.5473
2018-05-30,BRITANNIA,EQ,5805.1,5753.4,5819.55,5736.0,5795.0,5789.85,5782.21,110349,63806138315000.0,20051.0,71664.0,0.6494
2018-05-31,BRITANNIA,EQ,5789.85,5800.0,6015.8,5760.0,5944.0,5923.95,5892.78,310385,182902945005000.0,34586.0,217904.0,0.7020000000000001
2018-06-01,BRITANNIA,EQ,5923.95,5974.0,5974.0,5794.2,5820.0,5812.45,5849.69,122383,71590206025000.0,18431.0,67368.0,0.5505
2018-06-04,BRITANNIA,EQ,5812.45,5837.4,5864.05,5710.6,5780.0,5766.2,5785.03,117493,67970092754999.99,13906.0,67824.0,0.5773
2018-06-05,BRITANNIA,EQ,5766.2,5755.55,5840.0,5755.55,5815.0,5811.8,5809.69,73104,42471192225000.0,13980.0,40081.0,0.5483
2018-06-06,BRITANNIA,EQ,5811.8,5805.0,5889.0,5805.0,5888.0,5876.95,5857.44,68662,40218327425000.0,11473.0,41300.0,0.6015
2018-06-07,BRITANNIA,EQ,5876.95,5910.0,6017.0,5888.1,6016.0,5993.3,5954.11,122120,72711531650000.0,15482.0,77183.0,0.632
2018-06-08,BRITANNIA,EQ,5993.3,6016.0,6016.0,5888.05,5905.0,5917.65,5924.51,88448,52401110355000.0,11782.0,40379.0,0.4565
2018-06-11,BRITANNIA,EQ,5917.65,5927.0,5964.25,5901.0,5915.0,5910.45,5927.93,69237,41043193680000.0,14216.0,38243.0,0.5523
2018-06-12,BRITANNIA,EQ,5910.45,5910.45,5955.0,5860.55,5955.0,5946.6,5934.34,45399,26941320455000.0,10047.0,25712.0,0.5664
2018-06-13,BRITANNIA,EQ,5946.6,5935.1,6080.0,5935.1,6030.0,6017.15,6020.38,99138,59684844850000.0,15427.0,44120.0,0.445
2018-06-14,BRITANNIA,EQ,6017.15,6047.0,6047.0,5971.0,6015.0,6001.75,5998.4,76768,46048490430000.0,13925.0,42598.0,0.5549000000000001
2018-06-15,BRITANNIA,EQ,6001.75,6015.0,6179.45,5995.3,6100.0,6136.6,6098.2,179270,109322516850000.0,22014.0,115370.0,0.6436000000000001
2018-06-18,BRITANNIA,EQ,6136.6,6133.7,6133.7,6059.9,6075.0,6074.0,6087.52,117358,71441911135000.0,16667.0,68604.0,0.5846
2018-06-19,BRITANNIA,EQ,6074.0,6060.0,6082.95,5922.05,5985.0,5976.55,5983.35,95392,57076354175000.0,13616.0,43363.0,0.4546
2018-06-20,BRITANNIA,EQ,5976.55,5998.4,6055.5,5970.0,5979.5,5995.55,6011.81,129644,77939483395000.0,17938.0,82258.0,0.6345000000000001
2018-06-21,BRITANNIA,EQ,5995.55,6000.0,6029.95,5950.0,5966.15,5962.7,5978.71,75986,45429835260000.0,15771.0,41359.0,0.5443
2018-06-22,BRITANNIA,EQ,5962.7,5968.9,5998.0,5895.05,5957.0,5959.45,5947.27,92010,54720829525000.0,10680.0,49349.0,0.5363
2018-06-25,BRITANNIA,EQ,5959.45,5974.0,6049.9,5960.0,5995.0,5977.4,6014.43,64843,38999372425000.0,11298.0,30139.0,0.4648
2018-06-26,BRITANNIA,EQ,5977.4,6006.0,6081.8,5963.0,6048.0,6050.1,6052.15,112561,68123633929999.99,16022.0,47075.0,0.4182
2018-06-27,BRITANNIA,EQ,6050.1,6086.0,6129.0,6048.0,6088.95,6087.6,6091.84,136945,83424690125000.0,23627.0,82370.0,0.6015
2018-06-28,BRITANNIA,EQ,6087.6,6124.0,6148.0,6055.55,6116.0,6129.55,6105.57,128134,78233103280000.0,17221.0,65818.0,0.5136999999999999
2018-06-29,BRITANNIA,EQ,6129.55,6150.0,6257.95,6112.3,6240.0,6213.75,6180.03,157611,97403994840000.0,18923.0,90433.0,0.5738000000000001
2018-07-02,BRITANNIA,EQ,6213.75,6227.0,6267.95,6170.15,6219.0,6232.95,6212.12,80300,49883361795000.0,9534.0,36581.0,0.4556
2018-07-03,BRITANNIA,EQ,6232.95,6259.6,6259.6,6186.05,6214.0,6216.55,6212.39,93841,58297722665000.0,16035.0,35422.0,0.3775
2018-07-04,BRITANNIA,EQ,6216.55,6210.05,6319.1,6210.05,6301.0,6299.75,6292.65,98954,62268252540000.0,9378.0,47085.0,0.4758
2018-07-05,BRITANNIA,EQ,6299.75,6349.0,6369.0,6294.2,6316.0,6307.3,6317.03,72016,45492706950000.0,11872.0,29111.0,0.4042
2018-07-06,BRITANNIA,EQ,6307.3,6290.0,6359.5,6281.0,6300.0,6309.9,6321.11,117338,74170680845000.0,18425.0,51430.0,0.43829999999999997
2018-07-09,BRITANNIA,EQ,6309.9,6311.0,6407.15,6300.0,6400.0,6382.85,6346.06,61585,39082199925000.0,9470.0,24365.0,0.3956
2018-07-10,BRITANNIA,EQ,6382.85,6410.0,6425.05,6370.25,6389.75,6389.7,6396.39,91974,58830147279999.99,10666.0,48013.0,0.522
2018-07-11,BRITANNIA,EQ,6389.7,6408.0,6408.95,6308.0,6378.0,6357.75,6345.74,147138,93369924585000.0,24488.0,99907.0,0.679
2018-07-12,BRITANNIA,EQ,6357.75,6399.95,6431.2,6322.25,6391.4,6405.65,6373.46,143855,91685347060000.0,26818.0,88326.0,0.614
2018-07-13,BRITANNIA,EQ,6405.65,6390.0,6500.0,6390.0,6493.05,6475.1,6437.27,110345,71032104105000.0,13739.0,49478.0,0.4484
2018-07-16,BRITANNIA,EQ,6475.1,6500.0,6567.0,6499.95,6544.0,6532.7,6537.23,86137,56309747495000.01,9393.0,27384.0,0.3179
2018-07-17,BRITANNIA,EQ,6532.7,6545.0,6574.2,6414.55,6438.0,6426.9,6471.16,108677,70326658479999.99,14657.0,60593.0,0.5576
2018-07-18,BRITANNIA,EQ,6426.9,6451.0,6475.05,6310.0,6380.0,6365.8,6361.87,107259,68236739810000.0,17758.0,55356.0,0.5161
2018-07-19,BRITANNIA,EQ,6365.8,6365.0,6396.4,6283.25,6352.85,6372.3,6332.11,98624,62449822240000.0,8862.0,51274.0,0.5199
2018-07-20,BRITANNIA,EQ,6372.3,6376.0,6434.7,6311.0,6358.2,6358.15,6373.89,96932,61783366040000.0,11748.0,47541.0,0.4905
2018-07-23,BRITANNIA,EQ,6358.15,6400.0,6472.4,6365.0,6418.0,6435.95,6410.72,84956,54462953900000.0,10429.0,33158.0,0.39030000000000004
2018-07-24,BRITANNIA,EQ,6435.95,6465.0,6495.0,6398.0,6470.0,6466.45,6447.22,79014,50942076140000.0,9671.0,39163.0,0.49560000000000004
2018-07-25,BRITANNIA,EQ,6466.45,6499.0,6524.0,6430.0,6449.85,6444.0,6474.71,54286,35148619239999.996,7417.0,25775.0,0.4748
2018-07-26,BRITANNIA,EQ,6444.0,6489.0,6494.55,6414.55,6467.0,6450.3,6462.02,107976,69774359015000.0,10183.0,48148.0,0.4459
2018-07-27,BRITANNIA,EQ,6450.3,6444.0,6500.0,6370.0,6395.5,6385.2,6440.28,69954,45052369240000.0,11239.0,33339.0,0.47659999999999997
2018-07-30,BRITANNIA,EQ,6385.2,6425.0,6425.0,6205.65,6345.05,6331.45,6276.6,193623,121529443200000.0,19385.0,110532.0,0.5709000000000001
2018-07-31,BRITANNIA,EQ,6331.45,6379.9,6560.0,6291.45,6552.0,6542.2,6434.83,172339,110897170490000.02,19731.0,98068.0,0.569
2018-08-01,BRITANNIA,EQ,6542.2,6580.0,6625.0,6424.95,6471.95,6489.85,6526.92,153538,100212991130000.0,16963.0,77724.0,0.5062
2018-08-02,BRITANNIA,EQ,6489.85,6480.0,6549.0,6439.05,6439.05,6457.4,6465.26,116150,75094023225000.0,14855.0,73462.0,0.6325000000000001
2018-08-03,BRITANNIA,EQ,6457.4,6520.0,6522.0,6368.2,6392.75,6392.7,6432.57,172250,110801090984999.98,20532.0,105799.0,0.6142000000000001
2018-08-06,BRITANNIA,EQ,6392.7,6440.0,6488.0,6264.85,6344.15,6326.7,6374.89,599659,382276004430000.0,61434.0,223433.0,0.3726
2018-08-07,BRITANNIA,EQ,6326.7,6334.0,6366.55,6170.0,6215.0,6200.4,6214.87,349661,217309778644999.97,34625.0,216001.0,0.6177
2018-08-08,BRITANNIA,EQ,6200.4,6231.6,6317.0,6216.05,6312.0,6301.4,6257.44,191596,119890140300000.0,19251.0,125932.0,0.6573000000000001
2018-08-09,BRITANNIA,EQ,6301.4,6320.0,6358.55,6280.55,6325.9,6335.4,6331.71,130713,82763634725000.0,20249.0,66479.0,0.5086
2018-08-10,BRITANNIA,EQ,6335.4,6363.0,6363.0,6281.1,6359.0,6343.75,6334.11,109136,69127979540000.0,18442.0,67017.0,0.6141
2018-08-13,BRITANNIA,EQ,6343.75,6343.0,6451.0,6313.0,6440.0,6430.65,6392.64,162185,103678974340000.0,21209.0,81428.0,0.5021
2018-08-14,BRITANNIA,EQ,6430.65,6450.0,6494.4,6424.55,6469.0,6459.5,6469.35,168094,108745878655000.0,18642.0,99758.0,0.5935
2018-08-16,BRITANNIA,EQ,6459.5,6469.0,6520.0,6426.1,6485.0,6494.15,6492.76,147947,96058405555000.0,31092.0,84347.0,0.5700999999999999
2018-08-17,BRITANNIA,EQ,6494.15,6519.3,6640.45,6479.2,6637.8,6629.9,6580.58,201564,132640755755000.0,18111.0,107188.0,0.5318
2018-08-20,BRITANNIA,EQ,6629.9,6669.0,6786.8,6650.0,6752.0,6771.4,6738.32,144712,97511578170000.0,20920.0,72343.0,0.4999
2018-08-21,BRITANNIA,EQ,6771.4,6795.0,6914.2,6710.05,6820.0,6857.45,6842.97,220391,150812936700000.0,21381.0,107033.0,0.4857
2018-08-23,BRITANNIA,EQ,6857.45,6918.0,6934.35,6831.7,6898.0,6900.15,6886.46,162550,111939465990000.02,20687.0,78332.0,0.4819
2018-08-24,BRITANNIA,EQ,6900.15,6890.0,6890.0,6765.0,6770.0,6773.45,6814.44,137918,93983407600000.0,17612.0,46851.0,0.3397
2018-08-27,BRITANNIA,EQ,6773.45,6786.6,6860.0,6781.5,6808.75,6804.95,6824.09,65394,44625434955000.0,7359.0,22182.0,0.3392
2018-08-28,BRITANNIA,EQ,6804.95,6843.9,6858.45,6819.0,6840.0,6845.65,6843.19,77653,53139419500000.0,10657.0,51973.0,0.6693000000000001
2018-08-29,BRITANNIA,EQ,6845.65,6851.0,6851.0,6726.2,6750.0,6735.8,6757.02,94975,64174817240000.0,13546.0,45137.0,0.4753
2018-08-30,BRITANNIA,EQ,6735.8,6735.8,6776.0,6565.2,6683.0,6690.0,6691.66,150461,100683319355000.0,17116.0,81775.0,0.5435
2018-08-31,BRITANNIA,EQ,6690.0,6690.6,6780.0,6650.05,6745.0,6736.75,6709.37,109689,73594408545000.0,16754.0,52612.0,0.4796
2018-09-03,BRITANNIA,EQ,6736.75,6790.0,6814.95,6532.0,6574.8,6565.85,6678.56,85052,56802512725000.0,12829.0,37691.0,0.44320000000000004
2018-09-04,BRITANNIA,EQ,6565.85,6536.4,6608.65,6299.7,6324.0,6344.05,6406.6,204423,130965669220000.0,34934.0,103325.0,0.5054
2018-09-05,BRITANNIA,EQ,6344.05,6268.0,6319.75,6050.0,6196.5,6185.0,6156.61,373314,229834723300000.0,46947.0,189179.0,0.5068
2018-09-06,BRITANNIA,EQ,6185.0,6199.95,6318.95,6121.15,6199.0,6194.45,6214.72,182782,113593851359999.98,24228.0,68340.0,0.3739
2018-09-07,BRITANNIA,EQ,6194.45,6240.9,6274.4,6175.8,6223.0,6229.1,6230.47,86779,54067405900000.0,14280.0,35980.0,0.4146
2018-09-10,BRITANNIA,EQ,6229.1,6240.0,6245.0,6085.0,6100.0,6094.0,6135.27,85586,52509300185000.0,16737.0,36211.0,0.42310000000000003
2018-09-11,BRITANNIA,EQ,6094.0,6102.6,6110.55,5920.15,5930.05,5940.05,6000.97,212047,127248853580000.0,33951.0,96648.0,0.4558
2018-09-12,BRITANNIA,EQ,5940.05,5980.0,6060.0,5910.35,5990.1,6015.5,5996.57,219558,131659399800000.0,27301.0,104050.0,0.4739
2018-09-14,BRITANNIA,EQ,6015.5,6069.0,6150.0,6000.0,6124.0,6112.3,6073.94,261343,158738085205000.0,24415.0,159612.0,0.6107
2018-09-17,BRITANNIA,EQ,6112.3,6108.0,6108.0,5976.55,6015.05,6021.75,6034.01,147524,89016180000000.0,23512.0,54155.0,0.36710000000000004
2018-09-18,BRITANNIA,EQ,6021.75,6022.5,6155.4,6002.45,6075.0,6066.4,6110.3,237839,145326671400000.0,27597.0,129275.0,0.5435
2018-09-19,BRITANNIA,EQ,6066.4,6128.0,6128.0,5930.0,5970.4,5959.9,6011.41,133237,80094273340000.0,22004.0,68814.0,0.5165
2018-09-21,BRITANNIA,EQ,5959.9,5975.1,6004.95,5370.05,5795.85,5790.75,5763.92,370746,213694904590000.0,48347.0,161964.0,0.4369
2018-09-24,BRITANNIA,EQ,5790.75,5837.5,5837.5,5562.5,5590.0,5602.0,5643.19,195731,110454685030000.0,38117.0,100713.0,0.5145000000000001
2018-09-25,BRITANNIA,EQ,5602.0,5625.0,5811.3,5482.05,5800.0,5773.85,5635.38,234101,131924923884999.98,29143.0,132890.0,0.5677000000000001
2018-09-26,BRITANNIA,EQ,5773.85,5870.0,5875.0,5650.0,5680.0,5681.9,5690.86,190517,108420498205000.0,23864.0,111023.0,0.5827
2018-09-27,BRITANNIA,EQ,5681.9,5685.0,5766.0,5625.0,5740.0,5699.8,5681.74,232482,132090225770000.0,31515.0,140438.0,0.6041
2018-09-28,BRITANNIA,EQ,5699.8,5794.0,5890.0,5534.2,5850.95,5823.5,5763.6,443009,255332688040000.0,45650.0,265092.0,0.5984
2018-10-01,BRITANNIA,EQ,5823.5,5860.0,5880.0,5701.0,5827.0,5843.55,5793.24,172996,100220742715000.0,24500.0,67773.0,0.3918
2018-10-03,BRITANNIA,EQ,5843.55,5824.0,5834.65,5702.0,5730.0,5739.4,5768.21,133506,77009116500000.0,22827.0,63434.0,0.47509999999999997
2018-10-04,BRITANNIA,EQ,5739.4,5698.0,5698.0,5550.4,5615.75,5625.35,5606.83,318749,178717302875000.0,40134.0,223704.0,0.7018000000000001
2018-10-05,BRITANNIA,EQ,5625.35,5615.0,5615.0,5380.15,5425.0,5447.7,5458.04,259162,141451731800000.0,50965.0,120790.0,0.4661
2018-10-08,BRITANNIA,EQ,5447.7,5389.0,5569.9,5347.15,5538.9,5543.5,5484.3,229770,126012697730000.0,32127.0,115389.0,0.5022
2018-10-09,BRITANNIA,EQ,5543.5,5648.0,5678.9,5446.15,5465.0,5511.25,5531.04,319083,176486178070000.0,35006.0,184177.0,0.5772
2018-10-10,BRITANNIA,EQ,5511.25,5475.0,5750.0,5464.05,5705.45,5708.5,5647.74,137220,77498221475000.0,22687.0,49055.0,0.3575
2018-10-11,BRITANNIA,EQ,5708.5,5525.0,5662.45,5490.6,5565.0,5570.2,5563.25,137391,76434063625000.0,25631.0,52906.0,0.3851
2018-10-12,BRITANNIA,EQ,5570.2,5669.45,5789.0,5621.3,5764.0,5757.5,5721.09,217736,124568739920000.0,24263.0,108669.0,0.4991
2018-10-15,BRITANNIA,EQ,5757.5,5784.0,5784.95,5620.0,5671.65,5671.6,5700.99,194475,110870058134999.98,22204.0,110433.0,0.5679
2018-10-16,BRITANNIA,EQ,5671.6,5711.45,5770.0,5620.0,5692.2,5700.5,5712.19,98159,56070264290000.0,13405.0,41367.0,0.4214
2018-10-17,BRITANNIA,EQ,5700.5,5759.0,5777.65,5505.1,5540.0,5541.05,5611.93,189478,106333782545000.0,22435.0,66625.0,0.35159999999999997
2018-10-19,BRITANNIA,EQ,5541.05,5548.0,5594.0,5475.0,5565.05,5563.5,5533.14,170777,94493315520000.0,30085.0,89415.0,0.5236
2018-10-22,BRITANNIA,EQ,5563.5,5617.0,5622.5,5551.0,5589.0,5580.15,5584.35,95343,53242841140000.0,14898.0,40773.0,0.4276
2018-10-23,BRITANNIA,EQ,5580.15,5569.0,5601.1,5452.25,5498.0,5484.55,5511.87,192201,105938747800000.0,22854.0,113633.0,0.5912
2018-10-24,BRITANNIA,EQ,5484.55,5525.5,5584.0,5310.0,5350.0,5360.15,5388.25,242295,130554611615000.02,35057.0,108970.0,0.4497
2018-10-25,BRITANNIA,EQ,5360.15,5310.0,5409.6,5256.0,5309.95,5309.3,5348.18,248108,132692708115000.02,49203.0,142436.0,0.5740999999999999
2018-10-26,BRITANNIA,EQ,5309.3,5339.45,5389.0,5257.2,5317.8,5320.5,5330.98,133717,71284296035000.0,24240.0,75406.0,0.5639000000000001
2018-10-29,BRITANNIA,EQ,5320.5,5317.8,5449.0,5302.65,5400.0,5398.25,5402.65,94078,50827059355000.0,9626.0,45224.0,0.4807
2018-10-30,BRITANNIA,EQ,5398.25,5420.0,5467.0,5375.4,5439.95,5447.9,5433.51,134636,73154562870000.0,16709.0,87522.0,0.6501
2018-10-31,BRITANNIA,EQ,5447.9,5467.0,5666.05,5439.05,5622.15,5644.1,5571.44,212100,118170321834999.98,27318.0,114643.0,0.5405
2018-11-01,BRITANNIA,EQ,5644.1,5680.0,5717.85,5565.0,5566.1,5583.05,5631.57,125930,70918312580000.0,18224.0,56401.0,0.4479
2018-11-02,BRITANNIA,EQ,5583.05,5621.0,5725.0,5580.0,5628.0,5601.0,5658.59,126788,71744167715000.0,15377.0,55256.0,0.43579999999999997
2018-11-05,BRITANNIA,EQ,5601.0,5614.0,5731.45,5611.0,5714.5,5714.5,5690.09,91500,52064343480000.0,13234.0,40792.0,0.4458
2018-11-06,BRITANNIA,EQ,5714.5,5724.5,5799.0,5651.2,5730.0,5721.25,5732.5,115086,65973008815000.0,14996.0,31670.0,0.2752
2018-11-07,BRITANNIA,EQ,5721.25,5742.25,5820.0,5742.25,5820.0,5810.45,5794.85,38903,22543703820000.0,3982.0,21314.0,0.5479
2018-11-09,BRITANNIA,EQ,5810.45,5834.0,5889.0,5701.0,5744.45,5746.45,5799.09,221124,128231720255000.0,33766.0,128241.0,0.58
2018-11-12,BRITANNIA,EQ,5746.45,5767.5,5822.4,5583.4,5765.0,5757.55,5746.8,348845,200474155080000.0,32681.0,134293.0,0.385
2018-11-13,BRITANNIA,EQ,5757.55,5780.0,5840.0,5656.0,5829.7,5812.55,5753.19,180903,104076950840000.0,21641.0,59516.0,0.329
2018-11-14,BRITANNIA,EQ,5812.55,5860.0,5863.0,5731.6,5764.5,5770.75,5781.88,154593,89383815600000.0,15314.0,59351.0,0.3839
2018-11-15,BRITANNIA,EQ,5770.75,5794.0,5828.0,5732.05,5812.1,5818.15,5799.84,61253,35525729390000.0,10030.0,26065.0,0.4255
2018-11-16,BRITANNIA,EQ,5818.15,5833.0,5990.0,5790.0,5944.65,5947.65,5920.43,225943,133768006055000.0,23690.0,93910.0,0.4156
2018-11-19,BRITANNIA,EQ,5947.65,5990.0,6024.0,5940.0,5988.0,5989.55,5985.19,184068,110168245955000.0,24905.0,104508.0,0.5678
2018-11-20,BRITANNIA,EQ,5989.55,5970.0,6005.9,5840.85,5880.0,5888.7,5926.74,108251,64157600575000.0,18080.0,51777.0,0.4783
2018-11-21,BRITANNIA,EQ,5888.7,5910.0,6025.0,5910.0,5998.0,6004.65,5966.87,197972,118127416470000.0,23837.0,127668.0,0.6448999999999999
2018-11-22,BRITANNIA,EQ,6004.65,6010.0,6060.4,5980.0,6000.0,6008.7,6024.27,174523,105137297765000.0,25668.0,87859.0,0.5034000000000001
2018-11-26,BRITANNIA,EQ,6008.7,6038.0,6058.9,5951.0,6020.0,6008.05,6002.3,174104,104502488445000.0,25958.0,96915.0,0.5567000000000001
2018-11-27,BRITANNIA,EQ,6008.05,6019.9,6080.0,5966.0,6040.25,6035.05,6027.29,215434,129848293050000.0,29985.0,143054.0,0.664
2018-11-28,BRITANNIA,EQ,6035.05,6070.0,6070.0,5950.5,5991.0,5961.75,6009.33,124414,74764512530000.0,18769.0,73956.0,0.5944
2018-11-29,BRITANNIA,EQ,5961.75,3016.0,3045.0,2985.0,3030.0,3032.35,3026.69,414182,125359861645000.0,25800.0,158431.0,0.3825
2018-11-30,BRITANNIA,EQ,3032.35,3040.9,3197.0,3040.8,3132.8,3169.75,3140.94,954568,299824227865000.0,53823.0,672514.0,0.7045
2018-12-03,BRITANNIA,EQ,3169.75,3175.0,3188.9,3081.35,3097.7,3094.5,3110.13,311813,96977926175000.0,23525.0,148197.0,0.4753
2018-12-04,BRITANNIA,EQ,3094.5,3100.2,3128.75,3056.1,3095.0,3093.1,3099.96,329006,101990510900000.0,28079.0,179951.0,0.547
2018-12-05,BRITANNIA,EQ,3093.1,3090.0,3109.4,3065.05,3088.55,3093.0,3089.85,205221,63410296945000.01,22552.0,101841.0,0.4963
2018-12-06,BRITANNIA,EQ,3093.0,3078.9,3078.9,2980.0,2985.0,2986.35,3005.07,302116,90788114055000.0,36611.0,147788.0,0.4892
2018-12-07,BRITANNIA,EQ,2986.35,2986.35,3013.85,2950.0,3005.4,3005.35,2992.73,155500,46537008345000.0,14216.0,69837.0,0.4491
2018-12-10,BRITANNIA,EQ,3005.35,2984.95,3000.0,2930.0,2991.5,2980.65,2960.16,197626,58500480920000.01,21370.0,95918.0,0.4854
2018-12-11,BRITANNIA,EQ,2980.65,2970.0,3009.9,2940.0,3000.0,2997.2,2983.94,198219,59147265685000.0,24769.0,84067.0,0.4241
2018-12-12,BRITANNIA,EQ,2997.2,3001.8,3074.0,3000.25,3060.0,3056.5,3046.42,261560,79682278060000.0,20962.0,134874.0,0.5157
2018-12-13,BRITANNIA,EQ,3056.5,3088.0,3157.95,3083.15,3140.0,3143.2,3134.41,401085,125716412950000.0,54301.0,186476.0,0.46490000000000004
2018-12-14,BRITANNIA,EQ,3143.2,3139.7,3171.1,3097.45,3139.0,3135.75,3142.83,187229,58842831890000.0,20571.0,87755.0,0.4687
2018-12-17,BRITANNIA,EQ,3135.75,3159.75,3170.0,3114.0,3157.0,3163.2,3147.73,228526,71933732175000.0,25568.0,104444.0,0.457
2018-12-18,BRITANNIA,EQ,3163.2,3157.0,3183.0,3130.0,3182.9,3168.7,3150.0,230834,72712795985000.0,12806.0,139652.0,0.605
2018-12-19,BRITANNIA,EQ,3168.7,3179.9,3245.0,3170.0,3225.0,3228.85,3213.82,425672,136803231630000.0,20757.0,219817.0,0.5164
2018-12-20,BRITANNIA,EQ,3228.85,3207.7,3234.75,3160.15,3174.0,3170.85,3195.13,205790,65752544550000.0,19723.0,113398.0,0.551
2018-12-21,BRITANNIA,EQ,3170.85,3199.0,3200.0,3107.1,3118.1,3119.8,3131.43,359201,112481143734999.98,29342.0,238619.0,0.6643000000000001
2018-12-24,BRITANNIA,EQ,3119.8,3120.5,3157.0,3082.15,3100.0,3100.55,3117.78,245822,76641900350000.0,18817.0,152022.0,0.6184000000000001
2018-12-26,BRITANNIA,EQ,3100.55,3086.4,3114.0,3041.0,3092.5,3088.95,3077.95,159442,49075469145000.0,12700.0,70183.0,0.44020000000000004
2018-12-27,BRITANNIA,EQ,3088.95,3110.0,3124.95,3062.0,3070.0,3075.4,3091.68,240314,74297452830000.0,20384.0,146983.0,0.6116
2018-12-28,BRITANNIA,EQ,3075.4,3083.0,3114.35,3080.95,3089.1,3098.5,3098.61,169577,52545235035000.0,14921.0,95186.0,0.5613
2018-12-31,BRITANNIA,EQ,3098.5,3105.15,3120.0,3083.0,3120.0,3115.4,3107.2,184698,57389369010000.0,23090.0,100393.0,0.5436
2019-01-01,BRITANNIA,EQ,3115.4,3120.0,3128.9,3080.0,3105.0,3103.05,3105.77,140863,43748808415000.0,10923.0,55321.0,0.39270000000000005
2019-01-02,BRITANNIA,EQ,3103.05,3100.0,3131.0,3081.2,3110.0,3116.85,3114.78,152324,47445621580000.0,12784.0,73830.0,0.4847
2019-01-03,BRITANNIA,EQ,3116.85,3116.85,3177.0,3097.4,3130.0,3135.9,3148.77,311498,98083558595000.0,28602.0,155101.0,0.4979
2019-01-04,BRITANNIA,EQ,3135.9,3137.95,3159.2,3105.55,3120.0,3122.7,3125.15,170818,53383139460000.0,12884.0,83290.0,0.4876
2019-01-07,BRITANNIA,EQ,3122.7,3137.1,3155.0,3125.0,3152.8,3143.8,3138.6,152966,48009916275000.0,11215.0,95626.0,0.6251
2019-01-08,BRITANNIA,EQ,3143.8,3155.0,3155.0,3080.0,3098.0,3089.55,3112.01,217274,67615892920000.01,15639.0,135176.0,0.6221
2019-01-09,BRITANNIA,EQ,3089.55,3114.0,3119.85,3081.0,3090.0,3092.65,3094.81,257227,79606965300000.0,20882.0,162101.0,0.6302000000000001
2019-01-10,BRITANNIA,EQ,3092.65,3100.0,3100.0,3073.0,3089.0,3088.95,3086.16,229690,70886091075000.0,35737.0,158193.0,0.6887000000000001
2019-01-11,BRITANNIA,EQ,3088.95,3090.0,3116.75,3079.6,3090.1,3096.85,3096.23,353709,109516427909999.98,22777.0,236056.0,0.6674
2019-01-14,BRITANNIA,EQ,3096.85,3102.0,3124.0,3063.0,3114.0,3113.65,3096.04,154975,47980905010000.0,14233.0,86916.0,0.5608
2019-01-15,BRITANNIA,EQ,3113.65,3120.15,3199.9,3095.0,3186.0,3183.9,3145.44,278642,87645158565000.0,21071.0,127880.0,0.45890000000000003
2019-01-16,BRITANNIA,EQ,3183.9,3184.0,3204.9,3145.0,3176.6,3175.75,3170.44,182044,57715889575000.0,23399.0,92350.0,0.5073
2019-01-17,BRITANNIA,EQ,3175.75,3181.0,3212.0,3175.05,3208.0,3207.1,3194.11,154540,49361749530000.0,21398.0,87335.0,0.5651
2019-01-18,BRITANNIA,EQ,3207.1,3214.85,3217.35,3134.25,3169.35,3171.35,3169.76,161433,51170368130000.0,13276.0,79888.0,0.4949
2019-01-21,BRITANNIA,EQ,3171.35,3170.0,3198.55,3136.5,3155.0,3148.4,3155.87,174710,55136188315000.0,15807.0,100368.0,0.5745
2019-01-22,BRITANNIA,EQ,3148.4,3150.0,3174.95,3130.15,3169.9,3153.65,3154.17,156085,49231856380000.0,17656.0,96584.0,0.6188
2019-01-23,BRITANNIA,EQ,3153.65,3177.0,3229.0,3161.05,3215.0,3203.85,3200.34,286992,91847326880000.0,24034.0,109845.0,0.38270000000000004
2019-01-24,BRITANNIA,EQ,3203.85,3217.0,3225.0,3190.55,3219.8,3216.85,3212.2,148520,47707625540000.0,20854.0,69356.0,0.467
2019-01-25,BRITANNIA,EQ,3216.85,3221.0,3270.0,3193.05,3210.25,3206.65,3239.95,325166,105352109890000.0,33782.0,145356.0,0.44700000000000006
2019-01-28,BRITANNIA,EQ,3206.65,3210.5,3222.0,3131.0,3200.0,3203.45,3185.61,216799,69063676785000.0,28972.0,116537.0,0.5375
2019-01-29,BRITANNIA,EQ,3203.45,3197.0,3197.0,3152.5,3178.4,3180.05,3168.82,179979,57032155070000.01,40404.0,120747.0,0.6709
2019-01-30,BRITANNIA,EQ,3180.05,3197.0,3222.0,3180.1,3212.0,3208.8,3207.4,116521,37372912470000.0,15198.0,45192.0,0.38780000000000003
2019-01-31,BRITANNIA,EQ,3208.8,3231.95,3231.95,3189.2,3195.0,3197.7,3201.84,255273,81734293735000.0,30247.0,170674.0,0.6686
2019-02-01,BRITANNIA,EQ,3197.7,3201.0,3286.0,3201.0,3254.9,3251.0,3236.06,387188,125296533980000.0,37147.0,209493.0,0.5411
2019-02-04,BRITANNIA,EQ,3251.0,3251.35,3280.4,3228.2,3268.05,3266.0,3257.37,140277,45693403945000.0,21522.0,56327.0,0.40149999999999997
2019-02-05,BRITANNIA,EQ,3266.0,3278.0,3316.0,3150.1,3170.0,3167.05,3231.58,503959,162858260395000.0,37214.0,211312.0,0.4193
2019-02-06,BRITANNIA,EQ,3167.05,3188.5,3199.95,3105.05,3199.95,3181.4,3155.11,313476,98905216635000.0,30529.0,148428.0,0.47350000000000003
2019-02-07,BRITANNIA,EQ,3181.4,3210.0,3230.0,3174.1,3210.0,3214.1,3202.82,374133,119828097045000.0,30977.0,159553.0,0.4265
2019-02-08,BRITANNIA,EQ,3214.1,3138.5,3210.0,3095.0,3121.0,3110.0,3136.32,640983,201033015335000.0,45517.0,288636.0,0.45030000000000003
2019-02-11,BRITANNIA,EQ,3110.0,3120.0,3132.3,3055.3,3119.9,3107.55,3105.67,265355,82410463790000.0,22614.0,98416.0,0.37090000000000006
2019-02-12,BRITANNIA,EQ,3107.55,3105.0,3107.0,3001.0,3014.9,3008.6,3028.5,515301,156058859105000.0,48327.0,272680.0,0.5292
2019-02-13,BRITANNIA,EQ,3008.6,3015.0,3034.8,2907.0,2912.0,2923.4,2957.75,504157,149117008590000.0,69212.0,278770.0,0.5529000000000001
2019-02-14,BRITANNIA,EQ,2923.4,2915.0,2949.0,2900.0,2940.6,2924.6,2918.97,288540,84224064185000.0,30062.0,157668.0,0.5464
2019-02-15,BRITANNIA,EQ,2924.6,2945.0,2945.0,2846.0,2859.0,2858.35,2873.39,374811,107697843359999.98,33755.0,207167.0,0.5527000000000001
2019-02-18,BRITANNIA,EQ,2858.35,2860.0,2939.0,2759.0,2927.1,2911.7,2852.98,700981,199988749340000.0,56430.0,293607.0,0.4189
2019-02-19,BRITANNIA,EQ,2911.7,2910.2,2975.95,2851.0,2880.0,2873.55,2922.17,484180,141485672320000.0,41741.0,134194.0,0.2772
2019-02-20,BRITANNIA,EQ,2873.55,2884.0,2930.0,2884.0,2929.0,2922.3,2907.45,271061,78809710470000.0,22341.0,115438.0,0.42590000000000006
2019-02-21,BRITANNIA,EQ,2922.3,2943.95,3018.0,2935.0,3011.05,3001.6,2988.44,724297,216451701615000.0,65466.0,447832.0,0.6183
2019-02-22,BRITANNIA,EQ,3001.6,3008.0,3057.3,2972.7,3012.0,3012.8,3030.48,313430,94984258545000.0,24056.0,148350.0,0.4733
2019-02-25,BRITANNIA,EQ,3012.8,3013.2,3077.0,2982.0,3056.0,3048.2,3032.36,336072,101909110735000.0,29769.0,171178.0,0.5093
2019-02-26,BRITANNIA,EQ,3048.2,3056.0,3092.95,3018.25,3075.0,3073.5,3067.1,568492,174362308470000.0,49973.0,224783.0,0.3954
2019-02-27,BRITANNIA,EQ,3073.5,3080.0,3108.95,3023.35,3060.0,3058.6,3067.58,393442,120691593825000.0,37341.0,181025.0,0.4601
2019-02-28,BRITANNIA,EQ,3058.6,3071.0,3098.6,3032.9,3059.0,3056.9,3058.08,447041,136708572540000.02,35541.0,308055.0,0.6890999999999999
2019-03-01,BRITANNIA,EQ,3056.9,3083.0,3090.35,3062.3,3074.0,3077.25,3075.55,217420,66868699800000.0,22725.0,138999.0,0.6393
2019-03-05,BRITANNIA,EQ,3077.25,3065.2,3100.25,3060.0,3070.0,3068.85,3076.76,246280,75774410220000.0,29731.0,135390.0,0.5497
2019-03-06,BRITANNIA,EQ,3068.85,3086.95,3086.95,3009.0,3025.5,3026.85,3043.85,383038,116591026390000.02,31771.0,223434.0,0.5833
2019-03-07,BRITANNIA,EQ,3026.85,3045.0,3069.0,3028.7,3034.95,3043.85,3049.86,254411,77591857305000.0,29616.0,147882.0,0.5813
2019-03-08,BRITANNIA,EQ,3043.85,3041.0,3079.5,3021.0,3071.25,3071.2,3049.52,190651,58139448390000.0,15409.0,89172.0,0.46770000000000006
2019-03-11,BRITANNIA,EQ,3071.2,3086.0,3139.5,3066.5,3135.0,3133.45,3109.09,336189,104524190460000.0,28878.0,176814.0,0.5259
2019-03-12,BRITANNIA,EQ,3133.45,3165.9,3178.8,3120.9,3125.05,3135.15,3151.78,413123,130207139059999.98,43106.0,233767.0,0.5659000000000001
2019-03-13,BRITANNIA,EQ,3135.15,3136.0,3150.0,3093.9,3122.0,3126.95,3117.8,298030,92919853615000.0,34002.0,175105.0,0.5875
2019-03-14,BRITANNIA,EQ,3126.95,3135.0,3170.0,3116.0,3151.0,3149.4,3151.06,293230,92398575540000.0,28736.0,156274.0,0.5329
2019-03-15,BRITANNIA,EQ,3149.4,3160.0,3169.0,3054.7,3070.0,3066.55,3103.87,403251,125163696840000.02,35640.0,272784.0,0.6765000000000001
2019-03-18,BRITANNIA,EQ,3066.55,3090.0,3134.9,3060.1,3129.5,3123.35,3092.24,238905,73875088650000.0,22113.0,113227.0,0.4739
2019-03-19,BRITANNIA,EQ,3123.35,3128.0,3138.85,3084.0,3122.0,3125.4,3111.23,184380,57364838370000.01,25402.0,99565.0,0.54
2019-03-20,BRITANNIA,EQ,3125.4,3126.8,3135.0,3079.4,3095.0,3088.1,3100.05,257001,79671598705000.0,24444.0,170535.0,0.6636
2019-03-22,BRITANNIA,EQ,3088.1,3094.0,3117.9,3088.0,3100.0,3098.6,3098.2,197654,61237176104999.99,16913.0,127415.0,0.6446
2019-03-25,BRITANNIA,EQ,3098.6,3074.75,3099.0,3061.1,3094.0,3090.75,3085.32,224948,69403716254999.99,22615.0,167010.0,0.7424
2019-03-26,BRITANNIA,EQ,3090.75,3100.0,3132.0,3060.0,3100.0,3099.15,3097.86,340645,105527164675000.0,34688.0,217900.0,0.6397
2019-03-27,BRITANNIA,EQ,3099.15,3117.0,3117.0,3078.0,3098.0,3096.9,3094.4,360838,111657592015000.02,39938.0,226146.0,0.6267
2019-03-28,BRITANNIA,EQ,3096.9,3092.0,3118.5,3028.0,3066.5,3096.55,3095.46,3470524,1074287927060000.0,87453.0,2843639.0,0.8194
2019-03-29,BRITANNIA,EQ,3096.55,3120.0,3139.0,3045.0,3083.85,3085.5,3091.69,595114,183990929280000.0,51449.0,307020.0,0.5159
2019-04-01,BRITANNIA,EQ,3085.5,3104.95,3109.0,3044.0,3046.0,3049.85,3071.67,497409,152787712120000.0,41570.0,285948.0,0.5749000000000001
2019-04-02,BRITANNIA,EQ,3049.85,3056.0,3059.6,2980.4,2995.85,2994.2,3006.77,378147,113700193665000.02,35290.0,177606.0,0.4697
2019-04-03,BRITANNIA,EQ,2994.2,2990.0,3013.5,2955.2,2988.55,2990.1,2987.08,439719,131347389870000.0,34887.0,213343.0,0.4852
2019-04-04,BRITANNIA,EQ,2990.1,3001.95,3055.0,2984.15,3050.0,3041.8,3024.55,464430,140469318555000.0,37836.0,267026.0,0.5750000000000001
2019-04-05,BRITANNIA,EQ,3041.8,3048.0,3051.05,2985.75,2998.0,2994.05,3006.01,387504,116483916130000.0,40681.0,196414.0,0.5069
2019-04-08,BRITANNIA,EQ,2994.05,3000.0,3013.95,2964.5,2973.0,2971.5,2983.99,293053,87446768220000.0,30422.0,160111.0,0.5464
2019-04-09,BRITANNIA,EQ,2971.5,2973.1,2988.75,2942.5,2967.85,2962.9,2963.0,350181,103758608055000.0,23999.0,207401.0,0.5922999999999999
2019-04-10,BRITANNIA,EQ,2962.9,2969.9,2995.0,2951.3,2964.0,2958.8,2964.52,377556,111927396970000.0,27334.0,227661.0,0.603
2019-04-11,BRITANNIA,EQ,2958.8,2964.0,2974.05,2940.0,2945.0,2946.05,2951.74,276801,81704534045000.0,19064.0,191153.0,0.6906
2019-04-12,BRITANNIA,EQ,2946.05,2952.0,2990.0,2944.0,2985.05,2984.3,2970.17,261483,77664950460000.0,20329.0,122516.0,0.4685
2019-04-15,BRITANNIA,EQ,2984.3,2998.0,3008.0,2972.0,2998.0,2998.45,2995.16,221766,66422451929999.99,15456.0,114122.0,0.5146000000000001
2019-04-16,BRITANNIA,EQ,2998.45,3000.0,3030.0,2998.0,3020.0,3020.5,3019.89,258557,78081485315000.0,22057.0,145094.0,0.5612
2019-04-18,BRITANNIA,EQ,3020.5,3029.85,3029.85,2988.15,2995.0,2997.75,3003.18,155314,46643519715000.0,14420.0,72334.0,0.4657
2019-04-22,BRITANNIA,EQ,2997.75,2989.0,3014.0,2971.0,2998.0,3000.15,2995.47,150447,45065917255000.0,14418.0,69404.0,0.46130000000000004
2019-04-23,BRITANNIA,EQ,3000.15,3002.0,3013.95,2986.35,2989.0,2991.0,2998.48,138140,41421066285000.0,9530.0,95499.0,0.6912999999999999
2019-04-24,BRITANNIA,EQ,2991.0,2988.0,2997.55,2952.05,2977.0,2978.2,2976.31,222279,66157193004999.99,24659.0,125350.0,0.5639000000000001
2019-04-25,BRITANNIA,EQ,2978.2,2988.0,2999.0,2962.65,2972.0,2969.25,2977.62,163138,48576342375000.0,17524.0,76857.0,0.4711
2019-04-26,BRITANNIA,EQ,2969.25,2990.0,2990.0,2955.0,2972.5,2967.7,2968.48,121340,36019475670000.0,14562.0,52711.0,0.4344
2019-04-30,BRITANNIA,EQ,2967.7,2970.0,2974.9,2876.05,2899.0,2896.05,2915.03,458803,133742463430000.0,35309.0,221987.0,0.48380000000000006
2019-05-02,BRITANNIA,EQ,2896.05,2927.0,2959.95,2772.0,2780.0,2783.05,2840.53,1439763,408968829135000.0,99716.0,441567.0,0.30670000000000003
2019-05-03,BRITANNIA,EQ,2783.05,2782.95,2803.85,2690.0,2702.5,2696.15,2733.09,1857697,507725265064999.94,126185.0,893342.0,0.48090000000000005
2019-05-06,BRITANNIA,EQ,2696.15,2699.0,2699.0,2654.45,2666.95,2666.0,2672.54,764919,204427728330000.0,84797.0,452586.0,0.5917
2019-05-07,BRITANNIA,EQ,2666.0,2683.0,2720.5,2644.7,2655.0,2650.55,2679.5,1182277,316791378360000.0,98933.0,632014.0,0.5346000000000001
2019-05-08,BRITANNIA,EQ,2650.55,2656.6,2667.1,2615.85,2657.0,2649.5,2638.2,723429,190855048765000.0,56110.0,345112.0,0.4771
2019-05-09,BRITANNIA,EQ,2649.5,2637.0,2689.8,2637.0,2672.0,2672.4,2671.33,457843,122304881984999.98,38134.0,143947.0,0.3144
2019-05-10,BRITANNIA,EQ,2672.4,2680.0,2725.0,2673.0,2675.0,2688.55,2697.34,471289,127122515880000.0,35922.0,223302.0,0.47380000000000005
2019-05-13,BRITANNIA,EQ,2688.55,2695.0,2707.6,2668.55,2674.0,2676.55,2685.4,332869,89388641225000.0,27747.0,157445.0,0.473
2019-05-14,BRITANNIA,EQ,2676.55,2675.9,2723.0,2658.05,2700.0,2697.6,2694.57,403041,108602354430000.0,32663.0,209531.0,0.5199
2019-05-15,BRITANNIA,EQ,2697.6,2700.0,2709.95,2660.0,2681.0,2687.75,2685.63,322361,86574101535000.0,33390.0,145910.0,0.4526
2019-05-16,BRITANNIA,EQ,2687.75,2699.8,2737.0,2677.8,2719.0,2716.2,2715.28,307180,83407895400000.0,30552.0,130554.0,0.425
2019-05-17,BRITANNIA,EQ,2716.2,2719.85,2785.1,2710.0,2772.0,2779.25,2758.63,533790,147252712000000.0,49121.0,259717.0,0.4866
2019-05-20,BRITANNIA,EQ,2779.25,2839.0,2840.0,2781.0,2800.0,2801.2,2801.63,442704,124029148184999.98,31829.0,240754.0,0.5438000000000001
2019-05-21,BRITANNIA,EQ,2801.2,2800.0,2867.4,2794.1,2836.6,2848.7,2845.81,490607,139617448745000.0,33756.0,193712.0,0.3948
2019-05-22,BRITANNIA,EQ,2848.7,2861.0,2878.0,2817.5,2855.0,2852.65,2852.98,393507,112266891120000.0,38056.0,183728.0,0.4669
2019-05-23,BRITANNIA,EQ,2852.65,2874.0,2890.0,2827.1,2840.1,2838.7,2865.66,262582,75247143935000.0,22740.0,119667.0,0.4557
2019-05-24,BRITANNIA,EQ,2838.7,2845.0,2867.0,2808.2,2857.9,2851.05,2843.3,227827,64778117015000.0,25434.0,88092.0,0.38670000000000004
2019-05-27,BRITANNIA,EQ,2851.05,2870.0,2905.0,2858.05,2900.0,2896.55,2886.15,267259,77134983660000.0,27659.0,135281.0,0.5062
2019-05-28,BRITANNIA,EQ,2896.55,2910.0,2925.0,2880.0,2889.95,2887.0,2901.35,441693,128150686365000.02,33952.0,252799.0,0.5723
2019-05-29,BRITANNIA,EQ,2887.0,2887.5,2930.0,2871.0,2920.05,2917.0,2911.86,248043,72226651125000.0,27053.0,81705.0,0.32939999999999997
2019-05-30,BRITANNIA,EQ,2917.0,2921.0,2937.05,2874.6,2899.2,2887.15,2909.14,225789,65685127135000.0,27900.0,91344.0,0.4046
2019-05-31,BRITANNIA,EQ,2887.15,2895.0,2970.0,2889.6,2934.85,2921.95,2941.72,577546,169898002975000.0,44810.0,250255.0,0.4333
2019-06-03,BRITANNIA,EQ,2921.95,2936.0,3000.0,2935.9,2960.0,2970.2,2984.75,535064,159703484475000.0,36927.0,247748.0,0.46299999999999997
2019-06-04,BRITANNIA,EQ,2970.2,2970.2,2985.0,2951.0,2965.0,2963.1,2969.04,211082,62671181085000.0,22614.0,81326.0,0.38530000000000003
2019-06-06,BRITANNIA,EQ,2963.1,2965.3,2977.95,2881.8,2905.0,2901.35,2929.12,333116,97573536650000.0,29715.0,177029.0,0.5314
2019-06-07,BRITANNIA,EQ,2901.35,2905.0,2919.3,2860.0,2903.2,2899.3,2879.57,285268,82144816000000.0,29670.0,144161.0,0.5054
2019-06-10,BRITANNIA,EQ,2899.3,2909.7,3005.0,2909.7,3000.0,2994.3,2973.66,477974,142133369885000.0,40515.0,146673.0,0.3069
2019-06-11,BRITANNIA,EQ,2994.3,3005.0,3010.0,2970.0,2979.95,2980.3,2990.5,282227,84399952365000.0,22386.0,67817.0,0.2403
2019-06-12,BRITANNIA,EQ,2980.3,2979.95,3005.0,2960.95,2995.0,2996.9,2989.91,203661,60892860310000.0,14826.0,63641.0,0.3125
2019-06-13,BRITANNIA,EQ,2996.9,2989.3,2994.6,2952.0,2980.0,2984.55,2976.53,213532,63558447125000.0,16477.0,73215.0,0.3429
2019-06-14,BRITANNIA,EQ,2984.55,2972.0,2986.15,2954.45,2958.8,2964.1,2973.64,117529,34948859605000.0,11579.0,36945.0,0.3143
2019-06-17,BRITANNIA,EQ,2964.1,2964.1,2977.9,2891.1,2905.0,2899.2,2920.64,234062,68361050800000.0,21658.0,101293.0,0.4107
2019-06-18,BRITANNIA,EQ,2899.2,2905.0,2905.0,2860.0,2865.0,2867.25,2875.85,302729,87060222270000.0,23613.0,106191.0,0.33270000000000005
2019-06-19,BRITANNIA,EQ,2867.25,2872.0,2904.5,2850.0,2865.0,2875.7,2881.51,258721,74550647495000.0,33349.0,72718.0,0.2811
2019-06-20,BRITANNIA,EQ,2875.7,2850.0,2870.85,2796.55,2838.0,2834.05,2827.55,425859,120413711145000.0,39883.0,157725.0,0.3704
2019-06-21,BRITANNIA,EQ,2834.05,2835.0,2874.45,2805.0,2832.6,2826.7,2839.2,363700,103261872465000.0,25250.0,148466.0,0.4082
2019-06-24,BRITANNIA,EQ,2826.7,2830.0,2865.0,2771.05,2776.0,2780.5,2808.22,369267,103698127850000.0,26623.0,123751.0,0.3351
2019-06-25,BRITANNIA,EQ,2780.5,2776.0,2818.35,2753.6,2806.75,2807.7,2799.15,304799,85317929150000.0,21158.0,83468.0,0.2738
2019-06-26,BRITANNIA,EQ,2807.7,2805.0,2813.45,2700.0,2729.0,2732.9,2741.7,1387720,380470683290000.0,84614.0,525361.0,0.3786
2019-06-27,BRITANNIA,EQ,2732.9,2740.0,2764.6,2720.0,2728.75,2725.9,2734.91,964520,263787091590000.0,43896.0,505033.0,0.5236
2019-06-28,BRITANNIA,EQ,2725.9,2735.0,2768.0,2732.0,2747.1,2743.7,2747.55,363938,99993640915000.0,25388.0,110067.0,0.3024
2019-07-01,BRITANNIA,EQ,2743.7,2750.1,2771.0,2732.0,2739.0,2737.55,2752.77,282998,77902925400000.0,23877.0,101352.0,0.35810000000000003
2019-07-02,BRITANNIA,EQ,2737.55,2741.05,2777.0,2734.3,2775.0,2769.25,2755.04,242283,66749858120000.01,18882.0,111001.0,0.4581
2019-07-03,BRITANNIA,EQ,2769.25,2779.0,2819.0,2765.45,2793.1,2794.7,2799.51,454114,127129545625000.0,27206.0,182652.0,0.4022
2019-07-04,BRITANNIA,EQ,2794.7,2790.0,2850.0,2789.0,2848.0,2841.35,2825.04,346395,97858041280000.0,20315.0,146261.0,0.4222
2019-07-05,BRITANNIA,EQ,2841.35,2858.0,2862.9,2811.9,2827.6,2824.85,2837.56,361520,102583619670000.0,31987.0,126180.0,0.349
2019-07-08,BRITANNIA,EQ,2824.85,2829.9,2834.95,2771.05,2785.0,2781.15,2804.17,302972,84958435105000.0,19774.0,104466.0,0.3448
2019-07-09,BRITANNIA,EQ,2781.15,2770.0,2778.4,2730.15,2762.4,2762.65,2755.5,314268,86596453035000.0,27351.0,149390.0,0.4754
2019-07-10,BRITANNIA,EQ,2762.65,2762.0,2805.0,2742.9,2770.0,2769.55,2768.44,356987,98829574895000.0,25535.0,112926.0,0.31629999999999997
2019-07-11,BRITANNIA,EQ,2769.55,2780.0,2790.9,2757.0,2763.0,2765.15,2771.43,206136,57129084310000.0,25990.0,79145.0,0.3839
2019-07-12,BRITANNIA,EQ,2765.15,2763.0,2800.0,2750.75,2786.05,2780.6,2773.64,186082,51612433050000.0,19613.0,55171.0,0.2965
2019-07-15,BRITANNIA,EQ,2780.6,2795.0,2795.0,2755.0,2772.9,2773.6,2774.15,150530,41759223065000.0,16314.0,65979.0,0.43829999999999997
2019-07-16,BRITANNIA,EQ,2773.6,2770.0,2777.0,2737.6,2756.8,2747.15,2759.13,221663,61159811310000.0,18881.0,113743.0,0.5131
2019-07-17,BRITANNIA,EQ,2747.15,2753.95,2809.95,2748.0,2801.0,2797.8,2777.69,306989,85272098055000.0,26753.0,144562.0,0.47090000000000004
2019-07-18,BRITANNIA,EQ,2797.8,2800.0,2844.0,2787.55,2820.0,2820.85,2825.92,477907,135052810340000.02,44179.0,155919.0,0.32630000000000003
2019-07-19,BRITANNIA,EQ,2820.85,2836.35,2836.65,2712.1,2758.75,2749.15,2766.59,403725,111694052605000.0,35545.0,186853.0,0.46280000000000004
2019-07-22,BRITANNIA,EQ,2749.15,2755.0,2773.3,2718.0,2725.25,2734.5,2738.12,209576,57384414650000.0,28621.0,70862.0,0.3381
2019-07-23,BRITANNIA,EQ,2734.5,2739.0,2749.95,2701.0,2729.0,2730.2,2725.07,242451,66069548695000.01,23655.0,79560.0,0.3281
2019-07-24,BRITANNIA,EQ,2730.2,2729.0,2740.0,2620.05,2636.0,2641.45,2655.51,525583,139569127690000.02,42888.0,198838.0,0.37829999999999997
2019-07-25,BRITANNIA,EQ,2641.45,2635.65,2685.0,2631.1,2669.05,2671.55,2666.47,771878,205819030795000.0,64668.0,531460.0,0.6885
2019-07-26,BRITANNIA,EQ,2671.55,2665.0,2684.85,2616.55,2661.75,2668.45,2648.48,393941,104334542505000.0,28033.0,121455.0,0.30829999999999996
2019-07-29,BRITANNIA,EQ,2668.45,2661.75,2689.3,2652.6,2667.8,2672.3,2672.71,245049,65494523475000.0,17820.0,76302.0,0.3114
2019-07-30,BRITANNIA,EQ,2672.3,2675.0,2696.95,2592.5,2624.0,2617.05,2636.57,354859,93561002810000.0,31723.0,131743.0,0.3713
2019-07-31,BRITANNIA,EQ,2617.05,2621.0,2632.0,2540.3,2620.0,2605.0,2579.41,487675,125791546009999.98,51781.0,157105.0,0.3222
2019-08-01,BRITANNIA,EQ,2605.0,2590.0,2620.6,2575.05,2602.05,2600.9,2596.72,332895,86443474810000.0,30963.0,144406.0,0.4338
2019-08-02,BRITANNIA,EQ,2600.9,2588.9,2625.0,2555.0,2589.25,2594.4,2596.27,347132,90124962465000.0,46000.0,143631.0,0.41380000000000006
2019-08-05,BRITANNIA,EQ,2594.4,2585.95,2597.0,2542.85,2568.0,2578.35,2570.56,211393,54339799935000.0,27668.0,91512.0,0.4329
2019-08-06,BRITANNIA,EQ,2578.35,2563.0,2611.75,2538.3,2544.0,2550.55,2570.18,404564,103980209325000.0,42571.0,180837.0,0.44700000000000006
2019-08-07,BRITANNIA,EQ,2550.55,2551.0,2565.05,2530.0,2540.0,2540.55,2548.87,308676,78677429260000.0,40323.0,118781.0,0.3848
2019-08-08,BRITANNIA,EQ,2540.55,2558.8,2590.0,2536.85,2585.0,2577.6,2558.62,286738,73365482025000.0,26485.0,122804.0,0.4283
2019-08-09,BRITANNIA,EQ,2577.6,2590.9,2644.35,2522.3,2601.95,2588.15,2593.61,1430286,370960808320000.0,76536.0,332766.0,0.2327
2019-08-13,BRITANNIA,EQ,2588.15,2565.0,2565.0,2491.0,2512.0,2511.9,2515.46,731080,183900333345000.0,64116.0,358676.0,0.49060000000000004
2019-08-14,BRITANNIA,EQ,2511.9,2549.7,2549.7,2470.0,2471.0,2478.9,2494.51,466208,116296234645000.0,43986.0,217420.0,0.46640000000000004
2019-08-16,BRITANNIA,EQ,2478.9,2500.0,2505.0,2442.0,2499.5,2499.45,2474.66,734216,181693571950000.0,73958.0,429637.0,0.5852
2019-08-19,BRITANNIA,EQ,2499.45,2520.0,2520.0,2471.1,2477.0,2478.4,2496.32,586547,146421176055000.0,58736.0,359325.0,0.6126
2019-08-20,BRITANNIA,EQ,2478.4,2470.0,2470.0,2371.0,2398.0,2393.5,2406.1,1174827,282675375980000.0,111872.0,563102.0,0.4793
2019-08-21,BRITANNIA,EQ,2393.5,2389.0,2405.0,2300.0,2402.0,2384.5,2352.9,1700962,400219885015000.0,99891.0,851157.0,0.5004
2019-08-22,BRITANNIA,EQ,2384.5,2393.5,2477.0,2393.0,2425.4,2440.75,2455.12,1252406,307480322575000.0,90357.0,437788.0,0.3496
2019-08-23,BRITANNIA,EQ,2440.75,2425.4,2502.0,2402.2,2464.5,2466.65,2469.9,629497,155479631230000.0,38223.0,177752.0,0.2824
2019-08-26,BRITANNIA,EQ,2466.65,2500.0,2547.8,2483.55,2527.05,2533.85,2516.31,748623,188376961250000.0,54175.0,397713.0,0.5313
2019-08-27,BRITANNIA,EQ,2533.85,2535.35,2724.3,2530.0,2703.6,2685.9,2674.78,2211174,591441097205000.0,113825.0,672535.0,0.3042
2019-08-28,BRITANNIA,EQ,2685.9,2700.0,2743.25,2672.05,2697.75,2703.1,2712.26,1149926,311890046205000.0,72359.0,251804.0,0.219
2019-08-29,BRITANNIA,EQ,2703.1,2703.2,2737.0,2651.5,2690.0,2676.85,2679.82,535368,143469130530000.0,36325.0,113053.0,0.21120000000000003
2019-08-30,BRITANNIA,EQ,2676.85,2690.0,2726.45,2687.5,2705.0,2701.65,2703.08,507782,137257604080000.0,35396.0,143744.0,0.2831
2019-09-03,BRITANNIA,EQ,2701.65,2699.0,2763.15,2683.1,2700.05,2707.85,2735.47,716548,196009734600000.0,44617.0,197269.0,0.27530000000000004
2019-09-04,BRITANNIA,EQ,2707.85,2710.0,2747.55,2626.0,2626.05,2635.45,2671.11,752108,200896348505000.0,46025.0,150898.0,0.2006
2019-09-05,BRITANNIA,EQ,2635.45,2651.0,2705.0,2640.0,2680.0,2678.65,2687.97,931162,250293346650000.0,53270.0,448532.0,0.4817
2019-09-06,BRITANNIA,EQ,2678.65,2695.4,2721.3,2646.2,2665.0,2668.0,2676.84,478053,127967014600000.0,28355.0,126535.0,0.2647
2019-09-09,BRITANNIA,EQ,2668.0,2669.9,2694.8,2650.2,2680.0,2682.7,2677.08,298664,79954857010000.0,19984.0,74463.0,0.2493
2019-09-11,BRITANNIA,EQ,2682.7,2696.0,2704.0,2660.0,2663.0,2666.4,2672.05,334013,89249784345000.0,29543.0,119855.0,0.3588
2019-09-12,BRITANNIA,EQ,2666.4,2666.4,2683.15,2647.65,2675.35,2677.0,2667.6,310751,82895947830000.0,37417.0,115441.0,0.3715
2019-09-13,BRITANNIA,EQ,2677.0,2681.0,2682.0,2642.0,2670.0,2674.6,2661.82,245991,65478449975000.0,23280.0,80057.0,0.3254
2019-09-16,BRITANNIA,EQ,2674.6,2660.0,2730.0,2646.1,2715.05,2715.05,2693.59,428246,115351776734999.98,33943.0,145671.0,0.34020000000000006
2019-09-17,BRITANNIA,EQ,2715.05,2720.0,2740.95,2678.8,2699.9,2692.45,2718.64,604927,164457825440000.0,37547.0,160113.0,0.2647
2019-09-18,BRITANNIA,EQ,2692.45,2668.7,2668.7,2588.2,2614.9,2613.85,2613.02,832018,217407580144999.97,52446.0,237519.0,0.28550000000000003
2019-09-19,BRITANNIA,EQ,2613.85,2618.0,2653.2,2590.0,2619.0,2621.8,2625.48,499689,131192457295000.0,40130.0,114140.0,0.2284
2019-09-20,BRITANNIA,EQ,2621.8,2633.0,2883.0,2602.55,2876.65,2867.0,2790.38,1324910,369700382170000.0,88430.0,497115.0,0.37520000000000003
2019-09-23,BRITANNIA,EQ,2867.0,2960.0,3583.75,2951.0,3068.0,3053.65,3090.72,1743589,538893836710000.06,141352.0,572968.0,0.3286
2019-09-24,BRITANNIA,EQ,3053.65,3100.0,3115.0,3055.0,3091.25,3080.2,3087.03,809417,249869615894999.97,59281.0,243318.0,0.3006
2019-09-25,BRITANNIA,EQ,3080.2,3079.95,3090.3,3001.0,3048.7,3036.0,3046.58,582998,177615196070000.0,38248.0,277093.0,0.4753
2019-09-26,BRITANNIA,EQ,3036.0,3058.0,3105.0,3050.0,3099.95,3092.8,3078.09,514054,158230550870000.0,40544.0,227734.0,0.443
2019-09-27,BRITANNIA,EQ,3092.8,3100.05,3109.7,3005.95,3010.0,3015.1,3034.29,432428,131211378490000.02,38102.0,208257.0,0.4816
2019-09-30,BRITANNIA,EQ,3015.1,3010.0,3023.95,2930.1,2951.0,2944.15,2961.85,553451,163923917750000.0,38863.0,269922.0,0.4877
2019-10-01,BRITANNIA,EQ,2944.15,2952.0,2987.4,2900.15,2927.6,2919.55,2944.41,474514,139716202545000.0,43429.0,164496.0,0.3467
2019-10-03,BRITANNIA,EQ,2919.55,2914.8,2919.0,2850.0,2900.05,2902.95,2893.76,285265,82548867805000.0,30818.0,119578.0,0.4192
2019-10-04,BRITANNIA,EQ,2902.95,2915.0,2931.35,2835.1,2844.0,2845.15,2873.96,313496,90097638235000.0,24140.0,135999.0,0.4338
2019-10-07,BRITANNIA,EQ,2845.15,2857.85,2968.75,2851.45,2955.45,2953.35,2929.89,969709,284114192155000.0,52500.0,410757.0,0.4236
2019-10-09,BRITANNIA,EQ,2953.35,2971.8,3074.65,2926.9,3060.1,3058.5,3008.89,1037068,312042505820000.0,53808.0,476860.0,0.4598
2019-10-10,BRITANNIA,EQ,3058.5,3060.1,3061.0,3001.0,3037.8,3037.75,3025.82,422209,127752961190000.02,30536.0,187909.0,0.4451
2019-10-11,BRITANNIA,EQ,3037.75,3048.9,3096.95,3043.3,3085.0,3081.95,3077.36,510119,156982040040000.0,29134.0,220734.0,0.43270000000000003
2019-10-14,BRITANNIA,EQ,3081.95,3093.95,3124.0,3068.95,3121.1,3109.65,3101.63,350920,108842456509999.98,24539.0,141077.0,0.402
2019-10-15,BRITANNIA,EQ,3109.65,3129.1,3193.65,3112.35,3176.55,3181.1,3148.71,583008,183572083575000.0,37083.0,262531.0,0.45030000000000003
2019-10-16,BRITANNIA,EQ,3181.1,3185.0,3185.0,3155.0,3177.8,3176.75,3168.0,271629,86052134670000.0,23561.0,116723.0,0.42969999999999997
2019-10-17,BRITANNIA,EQ,3176.75,3176.0,3266.35,3160.0,3235.0,3247.85,3239.18,673820,218262661415000.0,41309.0,235419.0,0.3494
2019-10-18,BRITANNIA,EQ,3247.85,3227.85,3259.2,3222.55,3257.2,3252.35,3245.54,230815,74912021785000.0,19210.0,97356.0,0.4218
2019-10-22,BRITANNIA,EQ,3252.35,3220.1,3291.9,3220.1,3260.0,3248.05,3258.53,435837,142018968540000.0,35068.0,272057.0,0.6242
2019-10-23,BRITANNIA,EQ,3248.05,3260.0,3344.5,3253.0,3300.0,3294.7,3298.71,591914,195254993335000.0,45145.0,309615.0,0.5231
2019-10-24,BRITANNIA,EQ,3294.7,3312.0,3342.0,3260.25,3278.05,3283.8,3305.23,401741,132784720209999.98,33429.0,194554.0,0.4843
2019-10-25,BRITANNIA,EQ,3283.8,3298.85,3298.85,3247.0,3271.0,3267.1,3261.92,213353,69593962565000.0,22286.0,88773.0,0.4161
2019-10-27,BRITANNIA,EQ,3267.1,3292.0,3305.05,3237.35,3259.6,3259.1,3269.41,39585,12941945975000.0,4107.0,11892.0,0.3004
2019-10-29,BRITANNIA,EQ,3259.1,3273.0,3367.0,3259.0,3356.25,3352.5,3339.98,458464,153125866415000.0,40158.0,236008.0,0.5147999999999999
2019-10-30,BRITANNIA,EQ,3352.5,3373.0,3399.0,3276.0,3289.9,3290.1,3313.71,496662,164579288450000.0,31427.0,236631.0,0.4764
2019-10-31,BRITANNIA,EQ,3290.1,3298.6,3343.55,3255.0,3275.95,3266.6,3291.66,488894,160927260520000.0,34442.0,219351.0,0.4487
2019-11-01,BRITANNIA,EQ,3266.6,3295.0,3295.0,3236.7,3280.55,3268.55,3263.36,320106,104462133950000.0,31206.0,143841.0,0.44939999999999997
2019-11-04,BRITANNIA,EQ,3268.55,3290.0,3299.0,3227.0,3239.45,3239.85,3249.04,283144,91994610570000.0,22732.0,131971.0,0.4661
2019-11-05,BRITANNIA,EQ,3239.85,3255.0,3280.0,3202.3,3234.8,3231.75,3232.79,330794,106938891570000.0,29836.0,165453.0,0.5002000000000001
2019-11-06,BRITANNIA,EQ,3231.75,3239.85,3257.85,3191.0,3232.0,3227.85,3220.46,347320,111852900815000.02,26429.0,176104.0,0.507
2019-11-07,BRITANNIA,EQ,3227.85,3249.0,3256.6,3204.9,3222.1,3223.8,3225.4,288996,93212725555000.0,23851.0,148043.0,0.5123
2019-11-08,BRITANNIA,EQ,3223.8,3228.0,3245.45,3143.0,3162.0,3158.0,3201.02,376182,120416732270000.0,35062.0,147089.0,0.391
2019-11-11,BRITANNIA,EQ,3158.0,3157.0,3195.0,3110.0,3125.0,3119.55,3149.02,464906,146399860080000.0,35007.0,119605.0,0.25730000000000003
2019-11-13,BRITANNIA,EQ,3119.55,3271.0,3299.0,3200.0,3270.75,3269.75,3266.45,1853222,605346061020000.0,108094.0,216788.0,0.11699999999999999
2019-11-14,BRITANNIA,EQ,3269.75,3274.9,3274.9,3200.0,3229.0,3230.8,3223.69,515326,166125146465000.0,28477.0,156696.0,0.3041
2019-11-15,BRITANNIA,EQ,3230.8,3230.2,3260.0,3185.15,3203.0,3195.55,3219.62,261412,84164610115000.0,16380.0,72311.0,0.2766
2019-11-18,BRITANNIA,EQ,3195.55,3203.0,3217.15,3126.0,3142.1,3140.9,3154.72,429862,135609407345000.0,28724.0,170821.0,0.39740000000000003
2019-11-19,BRITANNIA,EQ,3140.9,3140.9,3158.35,3110.0,3124.5,3120.35,3129.87,261351,81799438760000.0,21674.0,82409.0,0.3153
2019-11-20,BRITANNIA,EQ,3120.35,3120.0,3135.0,3060.0,3110.0,3116.3,3099.36,504339,156312889000000.0,38421.0,159268.0,0.31579999999999997
2019-11-21,BRITANNIA,EQ,3116.3,3113.0,3113.0,3061.65,3065.0,3072.65,3084.61,295648,91195766715000.0,22297.0,118349.0,0.40030000000000004
2019-11-22,BRITANNIA,EQ,3072.65,3062.25,3072.0,3016.15,3025.0,3022.65,3041.41,349622,106334399510000.0,20955.0,84817.0,0.2426
2019-11-25,BRITANNIA,EQ,3022.65,3025.5,3045.0,3004.3,3043.0,3040.6,3028.11,437144,132372087340000.02,35509.0,168259.0,0.3849
2019-11-26,BRITANNIA,EQ,3040.6,3048.0,3083.0,3041.0,3058.0,3055.25,3061.5,620959,190106350185000.0,47782.0,378400.0,0.6093999999999999
2019-11-27,BRITANNIA,EQ,3055.25,3060.0,3100.0,3060.0,3100.0,3091.1,3085.1,235618,72690547295000.0,17194.0,80754.0,0.34270000000000006
2019-11-28,BRITANNIA,EQ,3091.1,3110.4,3110.4,3060.0,3093.95,3098.25,3088.53,234706,72489593115000.0,16813.0,62715.0,0.2672
2019-11-29,BRITANNIA,EQ,3098.25,3085.0,3095.0,3050.0,3056.0,3057.7,3061.78,221117,67701071950000.0,19054.0,94340.0,0.4267
2019-12-02,BRITANNIA,EQ,3057.7,3057.7,3089.95,3051.55,3077.0,3069.7,3070.76,387666,119043020150000.0,38229.0,232309.0,0.5993
2019-12-03,BRITANNIA,EQ,3069.7,3069.7,3116.0,3027.15,3038.55,3048.3,3071.78,522267,160428746850000.0,36772.0,270123.0,0.5172
2019-12-04,BRITANNIA,EQ,3048.3,3039.9,3067.35,3023.55,3060.0,3049.25,3044.57,263755,80302092730000.0,18723.0,117204.0,0.44439999999999996
2019-12-05,BRITANNIA,EQ,3049.25,3064.4,3094.65,3041.0,3085.0,3082.9,3073.15,278358,85543585520000.0,20910.0,106573.0,0.3829
2019-12-06,BRITANNIA,EQ,3082.9,3090.05,3098.2,3059.7,3071.2,3069.6,3073.56,206989,63619375600000.0,13054.0,113843.0,0.55
2019-12-09,BRITANNIA,EQ,3069.6,3084.8,3084.8,3047.45,3055.0,3058.4,3061.82,206624,63264566404999.99,13228.0,95175.0,0.4606
2019-12-10,BRITANNIA,EQ,3058.4,3066.05,3079.0,3042.1,3056.15,3059.35,3062.73,185130,56700261725000.0,17634.0,96127.0,0.5192
2019-12-11,BRITANNIA,EQ,3059.35,3052.1,3064.0,3030.3,3036.65,3041.0,3043.42,315341,95971623180000.0,24915.0,210112.0,0.6663
2019-12-12,BRITANNIA,EQ,3041.0,3048.6,3080.0,3030.2,3079.65,3073.55,3052.51,254614,77721133760000.0,20815.0,108841.0,0.4275
2019-12-13,BRITANNIA,EQ,3073.55,3095.0,3096.0,3035.0,3058.9,3054.4,3051.6,249099,76015035475000.0,26722.0,123137.0,0.4943
2019-12-16,BRITANNIA,EQ,3054.4,3059.9,3087.85,3042.75,3059.8,3050.9,3060.98,369764,113184199625000.0,20724.0,231937.0,0.6273
2019-12-17,BRITANNIA,EQ,3050.9,3060.0,3075.5,3050.0,3072.1,3071.95,3068.85,212811,65308586035000.0,19807.0,120271.0,0.5652
2019-12-18,BRITANNIA,EQ,3071.95,3070.0,3121.15,3053.35,3090.0,3099.2,3094.85,405982,125645270220000.0,30892.0,221852.0,0.5465
2019-12-19,BRITANNIA,EQ,3099.2,3097.9,3123.0,3090.05,3106.5,3112.75,3110.19,259885,80829205870000.0,25819.0,101137.0,0.38920000000000005
2019-12-20,BRITANNIA,EQ,3112.75,3095.0,3155.95,3062.45,3115.0,3122.25,3118.71,766343,238999927369999.97,44737.0,329505.0,0.43
2019-12-23,BRITANNIA,EQ,3122.25,3100.0,3129.7,3077.8,3092.0,3091.8,3098.25,259919,80529503050000.0,23509.0,91413.0,0.3517
2019-12-24,BRITANNIA,EQ,3091.8,3096.0,3114.45,3084.0,3089.0,3091.05,3097.54,166800,51666946955000.0,15863.0,65443.0,0.3923
2019-12-26,BRITANNIA,EQ,3091.05,3090.0,3118.0,3054.15,3061.5,3062.3,3086.03,189043,58339162150000.0,18285.0,50500.0,0.2671
2019-12-27,BRITANNIA,EQ,3062.3,3079.0,3082.0,3021.0,3043.0,3042.1,3042.82,407653,124041329784999.98,27674.0,191276.0,0.4692
2019-12-30,BRITANNIA,EQ,3042.1,3050.0,3065.0,3035.1,3045.85,3047.35,3049.4,182858,55760656285000.0,16455.0,62651.0,0.34259999999999996
2019-12-31,BRITANNIA,EQ,3047.35,3046.0,3066.8,3020.0,3036.0,3027.8,3044.93,190885,58123122504999.99,13778.0,73832.0,0.38680000000000003
2020-01-01,BRITANNIA,EQ,3027.8,3044.7,3053.0,3027.4,3037.9,3039.65,3040.96,110561,33621150410000.004,6813.0,20175.0,0.1825
2020-01-02,BRITANNIA,EQ,3039.65,3047.0,3065.0,3043.05,3055.25,3053.4,3054.17,138428,42278212315000.0,10506.0,42417.0,0.3064
2020-01-03,BRITANNIA,EQ,3053.4,3045.0,3060.0,3025.65,3042.8,3038.8,3038.95,168305,51146996015000.0,16811.0,73037.0,0.434
2020-01-06,BRITANNIA,EQ,3038.8,3030.0,3032.15,2995.05,3021.0,3022.05,3011.36,181158,54553251650000.0,20640.0,76390.0,0.4217
2020-01-07,BRITANNIA,EQ,3022.05,3033.9,3054.0,3028.0,3038.0,3036.6,3040.6,159307,48438873970000.0,17764.0,45327.0,0.2845
2020-01-08,BRITANNIA,EQ,3036.6,3020.0,3038.7,2995.0,3025.0,3023.6,3024.5,194024,58682482840000.0,15951.0,119899.0,0.618
2020-01-09,BRITANNIA,EQ,3023.6,3047.2,3049.0,2995.1,3004.8,3001.1,3011.6,434270,130784753465000.02,34570.0,272671.0,0.6279
2020-01-10,BRITANNIA,EQ,3001.1,3014.95,3015.0,2978.05,2987.25,2989.75,2995.09,526254,157618001770000.0,39992.0,295048.0,0.5607
2020-01-13,BRITANNIA,EQ,2989.75,2995.0,3056.25,2987.3,3048.0,3045.1,3031.99,420792,127583705690000.02,22588.0,156655.0,0.37229999999999996
2020-01-14,BRITANNIA,EQ,3045.1,3058.0,3119.0,3037.15,3115.0,3105.15,3093.78,653300,202116570885000.0,33507.0,241067.0,0.369
2020-01-15,BRITANNIA,EQ,3105.15,3120.0,3133.95,3092.9,3110.05,3114.2,3111.61,438959,136586794275000.0,25891.0,212008.0,0.483
2020-01-16,BRITANNIA,EQ,3114.2,3116.0,3160.0,3115.0,3151.0,3150.25,3142.69,768872,241632651644999.97,32613.0,527618.0,0.6862
2020-01-17,BRITANNIA,EQ,3150.25,3155.0,3169.0,3114.35,3120.0,3124.45,3137.84,294064,92272626590000.0,30506.0,122671.0,0.4172
2020-01-20,BRITANNIA,EQ,3124.45,3143.0,3143.0,3104.4,3114.0,3110.45,3119.26,203111,63355675370000.01,16022.0,112229.0,0.5526
2020-01-21,BRITANNIA,EQ,3110.45,3100.0,3130.0,3077.25,3120.3,3111.25,3104.76,220943,68597607165000.0,22663.0,117330.0,0.531
2020-01-22,BRITANNIA,EQ,3111.25,3125.5,3138.7,3088.9,3105.3,3106.35,3109.82,248578,77303219250000.0,21668.0,134492.0,0.541
2020-01-23,BRITANNIA,EQ,3106.35,3103.85,3122.9,3068.1,3122.9,3112.95,3099.79,203032,62935586220000.01,16287.0,110268.0,0.5431
2020-01-24,BRITANNIA,EQ,3112.95,3113.15,3212.95,3112.05,3188.85,3192.5,3174.26,580192,184167802735000.0,36417.0,265896.0,0.4583
2020-01-27,BRITANNIA,EQ,3192.5,3187.0,3210.0,3155.0,3173.0,3174.2,3191.63,322446,102912770055000.0,19792.0,150878.0,0.4679
2020-01-28,BRITANNIA,EQ,3174.2,3182.9,3209.9,3136.5,3181.0,3181.25,3184.76,292577,93178692855000.0,33361.0,102640.0,0.3508
2020-01-29,BRITANNIA,EQ,3181.25,3200.0,3245.5,3190.05,3204.1,3214.2,3226.31,434882,140306592900000.0,44335.0,147135.0,0.3383
2020-01-30,BRITANNIA,EQ,3214.2,3208.95,3234.7,3192.45,3205.0,3210.7,3212.48,337850,108533692375000.0,36131.0,197868.0,0.5857
2020-01-31,BRITANNIA,EQ,3210.7,3242.7,3274.6,3186.85,3190.65,3200.7,3238.56,468850,151839830445000.0,39519.0,251520.0,0.5365
2020-02-01,BRITANNIA,EQ,3200.7,3161.0,3220.0,3080.0,3087.7,3097.6,3160.11,237502,75053217110000.0,15642.0,74362.0,0.3131
2020-02-03,BRITANNIA,EQ,3097.6,3097.6,3249.0,3092.35,3236.1,3230.05,3215.67,657504,211431639505000.0,50502.0,316821.0,0.4819
2020-02-04,BRITANNIA,EQ,3230.05,3235.0,3300.0,3188.0,3247.0,3232.5,3242.09,511585,165860496355000.0,47607.0,193181.0,0.3776
2020-02-05,BRITANNIA,EQ,3232.5,3269.8,3318.0,3243.7,3260.0,3255.95,3280.04,423733,138985911259999.98,38960.0,145509.0,0.34340000000000004
2020-02-06,BRITANNIA,EQ,3255.95,3260.35,3293.0,3236.35,3248.5,3252.2,3261.23,410631,133916278590000.02,23811.0,257081.0,0.6261
2020-02-07,BRITANNIA,EQ,3252.2,3256.0,3296.0,3237.1,3249.95,3251.4,3262.66,450061,146839807735000.0,29339.0,191895.0,0.4264
2020-02-10,BRITANNIA,EQ,3251.4,3270.0,3280.0,3125.0,3155.0,3155.6,3170.27,969115,307235441040000.0,71499.0,314287.0,0.3243
2020-02-11,BRITANNIA,EQ,3155.6,3179.95,3198.8,3124.2,3133.0,3134.7,3151.45,507516,159940894825000.0,37010.0,215991.0,0.42560000000000003
2020-02-12,BRITANNIA,EQ,3134.7,3124.2,3209.0,3124.2,3134.7,3136.8,3164.92,669153,211781472710000.0,39756.0,284213.0,0.4247
2020-02-13,BRITANNIA,EQ,3136.8,3132.0,3143.65,3105.2,3129.65,3135.2,3122.24,319421,99730993120000.0,25248.0,139546.0,0.4369
2020-02-14,BRITANNIA,EQ,3135.2,3116.0,3159.0,3090.3,3095.0,3096.65,3117.43,270506,84328406340000.0,22403.0,120539.0,0.44560000000000005
2020-02-17,BRITANNIA,EQ,3096.65,3095.0,3112.3,3072.05,3087.25,3084.1,3092.32,224912,69550083325000.0,33675.0,106793.0,0.4748
2020-02-18,BRITANNIA,EQ,3084.1,3080.0,3080.0,3020.0,3075.0,3066.45,3045.67,453173,138021731525000.0,38857.0,215404.0,0.4753
2020-02-19,BRITANNIA,EQ,3066.45,3082.1,3111.0,3040.0,3088.1,3082.25,3074.66,462922,142332844425000.0,38284.0,195693.0,0.4227
2020-02-20,BRITANNIA,EQ,3082.25,3079.8,3123.45,3052.25,3060.0,3059.4,3084.21,270720,83495716050000.0,16903.0,98417.0,0.36350000000000005
2020-02-24,BRITANNIA,EQ,3059.4,3059.0,3065.0,3005.0,3026.0,3036.2,3042.64,427352,130027948925000.0,34505.0,252960.0,0.5919
2020-02-25,BRITANNIA,EQ,3036.2,3040.0,3078.0,3018.0,3025.1,3033.55,3042.96,350415,106629943835000.0,19502.0,169297.0,0.48310000000000003
2020-02-26,BRITANNIA,EQ,3033.55,3025.1,3069.9,3016.7,3037.0,3041.35,3045.94,366302,111573277925000.0,23858.0,156408.0,0.42700000000000005
2020-02-27,BRITANNIA,EQ,3041.35,3036.95,3100.0,2960.0,3099.95,3026.05,3004.91,652385,196035796335000.0,56424.0,354655.0,0.5436
2020-02-28,BRITANNIA,EQ,3026.05,2983.0,3020.0,2917.0,2962.0,2970.2,2957.7,619510,183232576075000.0,58671.0,288978.0,0.46649999999999997
2020-03-02,BRITANNIA,EQ,2970.2,2995.0,3053.95,2925.0,2975.0,2949.1,2985.44,348147,103937144565000.0,29275.0,123691.0,0.3553
2020-03-03,BRITANNIA,EQ,2949.1,2970.0,3045.5,2965.0,3041.95,3026.5,3008.76,399770,120281162090000.02,39729.0,157584.0,0.39420000000000005
2020-03-04,BRITANNIA,EQ,3026.5,3048.0,3080.0,3028.0,3063.15,3063.05,3053.61,368498,112524917480000.0,32046.0,128308.0,0.3482
2020-03-05,BRITANNIA,EQ,3063.05,3082.6,3165.0,3076.1,3124.35,3127.15,3134.19,720100,225693305525000.0,58065.0,256911.0,0.3568
2020-03-06,BRITANNIA,EQ,3127.15,3084.9,3100.0,3013.25,3077.75,3081.4,3061.07,593374,181636192460000.0,48018.0,291349.0,0.49100000000000005
2020-03-09,BRITANNIA,EQ,3081.4,3045.0,3061.8,2968.5,2999.85,2996.5,3000.29,607257,182194962280000.0,58705.0,312279.0,0.5142
2020-03-11,BRITANNIA,EQ,2996.5,2982.2,3065.9,2944.1,3059.9,3048.3,3010.07,534597,160917211725000.0,46397.0,276315.0,0.5169
2020-03-12,BRITANNIA,EQ,3048.3,2945.0,2968.95,2785.05,2813.75,2810.65,2851.32,774263,220767354400000.0,76812.0,328906.0,0.42479999999999996
2020-03-13,BRITANNIA,EQ,2810.65,2700.0,3049.9,2410.0,2758.8,2763.6,2776.04,1108162,307630434155000.0,101419.0,561016.0,0.5063000000000001
2020-03-16,BRITANNIA,EQ,2763.6,2704.8,2744.65,2602.05,2700.5,2709.0,2694.51,791034,213145118025000.0,84360.0,451900.0,0.5713
2020-03-17,BRITANNIA,EQ,2709.0,2720.0,2795.75,2669.05,2704.95,2686.0,2719.11,567266,154246002100000.0,57590.0,271225.0,0.4781
2020-03-18,BRITANNIA,EQ,2686.0,2728.0,2744.95,2480.0,2522.0,2501.95,2592.57,649481,168382497110000.0,72279.0,330463.0,0.5088
2020-03-19,BRITANNIA,EQ,2501.95,2389.0,2404.0,2260.0,2318.2,2318.15,2329.17,786857,183272110255000.0,86364.0,349735.0,0.44450000000000006
2020-03-20,BRITANNIA,EQ,2318.15,2341.3,2500.9,2294.25,2455.8,2467.8,2419.68,742455,179650518310000.0,53814.0,308955.0,0.4161
2020-03-23,BRITANNIA,EQ,2467.8,2300.0,2422.4,2100.0,2156.9,2137.85,2242.19,613493,137556861990000.02,62494.0,344902.0,0.5622
2020-03-24,BRITANNIA,EQ,2137.85,2117.0,2450.0,2111.9,2390.0,2364.7,2346.89,929170,218066241690000.0,109412.0,326277.0,0.3511
2020-03-25,BRITANNIA,EQ,2364.7,2364.6,2511.6,2317.1,2436.2,2451.4,2443.65,1249005,305213244050000.0,72843.0,875483.0,0.7009000000000001
2020-03-26,BRITANNIA,EQ,2451.4,2471.55,2668.8,2417.3,2600.0,2588.45,2524.18,944116,238311878780000.03,70894.0,413779.0,0.43829999999999997
2020-03-27,BRITANNIA,EQ,2588.45,2690.0,2708.95,2505.0,2540.0,2529.25,2594.13,472582,122593905730000.0,50330.0,156307.0,0.3308
2020-03-30,BRITANNIA,EQ,2529.25,2465.25,2579.35,2442.75,2468.65,2473.75,2525.5,701815,177243100655000.0,63092.0,323494.0,0.46090000000000003
2020-03-31,BRITANNIA,EQ,2473.75,2579.95,2710.0,2490.0,2687.2,2688.95,2620.17,734769,192521875995000.0,71062.0,260436.0,0.3544
2020-04-01,BRITANNIA,EQ,2688.95,2700.0,2780.0,2505.0,2563.55,2564.85,2620.38,1167150,305837529080000.0,106869.0,344762.0,0.2954
2020-04-03,BRITANNIA,EQ,2564.85,2588.95,2610.0,2475.0,2572.0,2563.25,2533.94,726903,184193066430000.0,80839.0,185637.0,0.2554
2020-04-07,BRITANNIA,EQ,2563.25,2640.15,2878.7,2640.15,2835.0,2834.5,2777.98,1062855,295259503015000.0,101614.0,293256.0,0.2759
2020-04-08,BRITANNIA,EQ,2834.5,2829.0,2990.0,2759.0,2787.5,2775.55,2860.64,1037961,296923289570000.0,81563.0,264668.0,0.255
2020-04-09,BRITANNIA,EQ,2775.55,2850.0,2850.0,2732.9,2803.9,2801.7,2793.35,893108,249476748305000.03,67598.0,277605.0,0.31079999999999997
2020-04-13,BRITANNIA,EQ,2801.7,2800.0,2800.0,2697.35,2711.0,2706.15,2733.67,501533,137102472625000.0,55682.0,161570.0,0.3222
2020-04-15,BRITANNIA,EQ,2706.15,2772.0,2908.5,2754.7,2847.9,2837.35,2840.91,1011691,287412394800000.0,93489.0,275435.0,0.2723
2020-04-16,BRITANNIA,EQ,2837.35,2837.5,2893.95,2815.0,2835.0,2836.8,2859.28,675907,193260764250000.0,66034.0,230599.0,0.3412
2020-04-17,BRITANNIA,EQ,2836.8,2884.0,2895.0,2802.2,2831.0,2832.15,2846.41,705271,200748993695000.0,55520.0,226560.0,0.3212
2020-04-20,BRITANNIA,EQ,2832.15,2860.1,2864.8,2801.0,2825.0,2833.0,2843.53,667917,189924148770000.0,95055.0,370810.0,0.5552
2020-04-21,BRITANNIA,EQ,2833.0,2779.9,2906.35,2733.15,2860.0,2863.25,2857.8,1129799,322873416500000.0,96324.0,435291.0,0.38530000000000003
2020-04-22,BRITANNIA,EQ,2863.25,2863.0,2969.7,2827.45,2959.9,2952.65,2906.72,737395,214339805205000.0,87508.0,263239.0,0.35700000000000004
2020-04-23,BRITANNIA,EQ,2952.65,2960.0,3245.0,2918.0,2960.0,2947.4,3084.47,3426363,1056850498170000.1,196182.0,524507.0,0.1531
2020-04-24,BRITANNIA,EQ,2947.4,2980.0,3122.9,2956.0,3051.0,3062.15,3037.54,2613797,793951441655000.0,155984.0,352275.0,0.1348
2020-04-27,BRITANNIA,EQ,3062.15,3075.85,3290.0,3070.0,3277.0,3242.05,3181.03,1993378,634099509760000.0,132910.0,487111.0,0.2444
2020-04-28,BRITANNIA,EQ,3242.05,3277.0,3289.85,3160.0,3196.0,3193.95,3199.76,1379063,441267030060000.06,105036.0,181591.0,0.1317
2020-04-29,BRITANNIA,EQ,3193.95,3187.8,3238.75,3150.0,3160.0,3156.8,3193.72,1177520,376067256745000.0,77776.0,245165.0,0.2082
2020-04-30,BRITANNIA,EQ,3156.8,3195.0,3205.0,3150.0,3160.5,3165.75,3173.64,1021592,324216626870000.0,71096.0,360124.0,0.3525
2020-05-04,BRITANNIA,EQ,3165.75,3109.0,3160.0,3056.0,3096.0,3092.95,3109.95,591353,183907897295000.0,45069.0,188902.0,0.3194
2020-05-05,BRITANNIA,EQ,3092.95,3107.0,3126.0,2970.5,2981.0,2978.75,3029.81,905266,274278829510000.0,61619.0,268070.0,0.2961
2020-05-06,BRITANNIA,EQ,2978.75,2950.0,3065.0,2907.65,2990.0,2987.7,2988.69,995972,297665379830000.0,73252.0,194460.0,0.1952
2020-05-07,BRITANNIA,EQ,2987.7,2977.7,2980.0,2867.0,2911.0,2915.35,2908.74,994651,289318233385000.0,74503.0,243522.0,0.24480000000000002
2020-05-08,BRITANNIA,EQ,2915.35,2945.0,3037.0,2923.45,2985.0,2994.65,2986.46,1102857,329364210945000.0,67049.0,312535.0,0.2834
2020-05-11,BRITANNIA,EQ,2994.65,3029.0,3083.4,2991.85,3060.0,3053.95,3049.5,1095855,334181350060000.0,83127.0,423385.0,0.3864
2020-05-12,BRITANNIA,EQ,3053.95,3048.95,3123.2,3031.3,3115.0,3107.3,3088.23,1329390,410545598390000.0,98174.0,386285.0,0.29059999999999997
2020-05-13,BRITANNIA,EQ,3107.3,3180.0,3188.0,3057.5,3083.0,3079.55,3110.14,850975,264665452294999.97,66994.0,205796.0,0.24180000000000001
2020-05-14,BRITANNIA,EQ,3079.55,3065.0,3138.0,3031.7,3105.15,3118.7,3108.28,777257,241592899260000.0,50696.0,169859.0,0.21850000000000003
2020-05-15,BRITANNIA,EQ,3118.7,3146.9,3196.0,3115.0,3127.0,3125.65,3151.01,870248,274216274669999.97,68953.0,201649.0,0.23170000000000002
2020-05-18,BRITANNIA,EQ,3125.65,3110.0,3165.0,3098.1,3105.0,3109.55,3129.62,730350,228572143675000.0,57553.0,186699.0,0.2556
2020-05-19,BRITANNIA,EQ,3109.55,3130.2,3147.9,3086.05,3100.0,3104.0,3109.62,537217,167054244305000.0,48204.0,147483.0,0.2745
2020-05-20,BRITANNIA,EQ,3104.0,3110.6,3159.0,3106.85,3118.0,3127.85,3137.14,439150,137767683900000.0,61420.0,145512.0,0.33130000000000004
2020-05-21,BRITANNIA,EQ,3127.85,3120.1,3157.0,3099.0,3108.0,3110.95,3123.02,574325,179362695015000.0,50121.0,257519.0,0.4484
2020-05-22,BRITANNIA,EQ,3110.95,3104.0,3184.2,3080.0,3180.0,3167.1,3141.12,630580,198073012270000.0,45955.0,271948.0,0.4313
2020-05-26,BRITANNIA,EQ,3167.1,3200.0,3244.0,3141.0,3166.0,3163.85,3195.02,718134,229444955815000.0,45691.0,151170.0,0.21050000000000002
2020-05-27,BRITANNIA,EQ,3163.85,3170.0,3238.95,3141.0,3218.9,3220.3,3186.32,739328,235573344019999.97,56923.0,312690.0,0.4229
2020-05-28,BRITANNIA,EQ,3220.3,3217.5,3363.25,3189.35,3314.05,3323.25,3307.97,1453514,480817598220000.0,79917.0,544160.0,0.3744
2020-05-29,BRITANNIA,EQ,3323.25,3289.9,3417.0,3289.9,3381.0,3378.85,3371.84,1658714,559292230645000.0,96223.0,799935.0,0.4823
2020-06-01,BRITANNIA,EQ,3378.85,3416.0,3470.0,3401.0,3418.0,3434.85,3429.02,883460,302940358475000.0,78262.0,340110.0,0.385
2020-06-02,BRITANNIA,EQ,3434.85,3434.9,3480.0,3400.0,3451.75,3451.0,3456.09,786444,271802031190000.0,49161.0,267559.0,0.34020000000000006
2020-06-03,BRITANNIA,EQ,3451.0,3601.0,3708.0,3471.2,3511.0,3510.3,3617.58,3415126,1235447868340000.0,188028.0,1005496.0,0.2944
2020-06-04,BRITANNIA,EQ,3510.3,3510.0,3555.0,3422.0,3458.0,3450.35,3467.36,1309771,454144506550000.0,90761.0,321846.0,0.2457
2020-06-05,BRITANNIA,EQ,3450.35,3475.0,3497.95,3402.2,3457.1,3466.7,3444.18,1200548,413490144785000.0,69534.0,344946.0,0.2873
2020-06-08,BRITANNIA,EQ,3466.7,3486.0,3513.25,3410.0,3421.0,3426.8,3444.96,768759,264834304380000.03,53639.0,324269.0,0.4218
2020-06-09,BRITANNIA,EQ,3426.8,3434.9,3469.9,3409.0,3410.4,3415.7,3441.97,567611,195369791065000.0,40011.0,258587.0,0.4556
2020-06-10,BRITANNIA,EQ,3415.7,3420.9,3447.6,3357.4,3377.05,3377.0,3391.85,628261,213096987885000.0,39501.0,259750.0,0.41340000000000005
2020-06-11,BRITANNIA,EQ,3377.0,3389.9,3403.45,3330.0,3376.5,3370.35,3361.87,673105,226289310715000.0,42912.0,281795.0,0.4186
2020-06-12,BRITANNIA,EQ,3370.35,3333.0,3443.0,3305.75,3354.0,3366.05,3376.75,1373475,463788640605000.0,75192.0,403885.0,0.29410000000000003
2020-06-15,BRITANNIA,EQ,3366.05,3351.0,3406.5,3343.45,3355.0,3357.2,3371.51,609721,205567909520000.0,40078.0,205283.0,0.3367
2020-06-16,BRITANNIA,EQ,3357.2,3381.05,3399.95,3330.0,3364.0,3345.35,3353.58,701355,235204983794999.97,42942.0,350665.0,0.5
2020-06-17,BRITANNIA,EQ,3345.35,3357.85,3435.0,3355.05,3411.45,3401.45,3402.02,1100079,374249481355000.0,51584.0,453162.0,0.4119
2020-06-18,BRITANNIA,EQ,3401.45,3415.0,3457.0,3381.55,3401.0,3404.25,3411.24,898020,306336041895000.0,45747.0,382410.0,0.4258
2020-06-19,BRITANNIA,EQ,3404.25,3417.9,3450.0,3382.0,3430.0,3438.55,3414.39,782740,267257664225000.0,51344.0,428992.0,0.5481
2020-06-22,BRITANNIA,EQ,3438.55,3450.0,3475.0,3416.0,3428.85,3421.2,3436.51,735172,252642228800000.0,41856.0,369236.0,0.5022
2020-06-23,BRITANNIA,EQ,3421.2,3429.95,3504.9,3426.3,3477.0,3467.05,3473.51,765553,265915683750000.0,42863.0,244653.0,0.4721
2020-06-24,BRITANNIA,EQ,3467.05,3487.0,3504.9,3440.0,3440.0,3446.4,3471.04,573266,198983184925000.0,38102.0,255905.0,0.4464
2020-06-25,BRITANNIA,EQ,3446.4,3424.9,3474.4,3420.0,3440.45,3450.4,3453.11,546489,188708461980000.0,35227.0,318758.0,0.5833
2020-06-26,BRITANNIA,EQ,3450.4,3457.3,3499.9,3444.3,3454.0,3456.4,3469.28,448352,155546042010000.0,37757.0,229934.0,0.5128
2020-06-29,BRITANNIA,EQ,3456.4,3452.8,3544.85,3445.8,3530.0,3519.25,3515.37,940186,330510561080000.0,44774.0,283284.0,0.3013
2020-06-30,BRITANNIA,EQ,3519.25,3542.0,3615.0,3540.0,3604.0,3603.8,3592.26,1236537,444196827450000.0,77171.0,442691.0,0.358
2020-07-01,BRITANNIA,EQ,3603.8,3605.0,3611.0,3536.0,3542.0,3545.95,3557.6,586225,208555222830000.0,57950.0,273078.0,0.4658
2020-07-02,BRITANNIA,EQ,3545.95,3553.0,3567.65,3512.05,3540.3,3535.1,3533.99,422319,149247271765000.0,46699.0,170324.0,0.4033
2020-07-03,BRITANNIA,EQ,3535.1,3549.5,3579.95,3515.0,3542.5,3538.35,3539.56,323231,114409442390000.02,37332.0,96821.0,0.2995
2020-07-06,BRITANNIA,EQ,3538.35,3560.0,3646.0,3541.0,3625.8,3624.45,3599.54,538078,193683418600000.0,39680.0,170627.0,0.3171
2020-07-07,BRITANNIA,EQ,3624.45,3636.0,3685.45,3580.0,3672.0,3678.45,3646.84,664348,242277150819999.97,62718.0,292703.0,0.44060000000000005
2020-07-08,BRITANNIA,EQ,3678.45,3675.55,3712.5,3630.0,3679.0,3685.0,3684.53,531417,195802169360000.0,55010.0,152536.0,0.287
2020-07-09,BRITANNIA,EQ,3685.0,3690.0,3699.0,3650.0,3678.0,3673.6,3673.3,397351,145959075220000.0,36386.0,106662.0,0.2684
2020-07-10,BRITANNIA,EQ,3673.6,3669.6,3753.6,3655.35,3726.0,3726.65,3720.57,706136,262722856019999.97,57226.0,223516.0,0.3165
2020-07-13,BRITANNIA,EQ,3726.65,3760.0,3835.0,3750.25,3799.0,3796.8,3796.41,1108644,420887098455000.0,81417.0,336404.0,0.3034
2020-07-14,BRITANNIA,EQ,3796.8,3795.55,3795.95,3729.0,3738.1,3735.25,3752.86,399210,149817832460000.0,32925.0,150009.0,0.37579999999999997
2020-07-15,BRITANNIA,EQ,3735.25,3742.0,3778.3,3711.7,3731.0,3723.25,3743.92,506574,189657004900000.0,31492.0,237035.0,0.4679
2020-07-16,BRITANNIA,EQ,3723.25,3729.0,3880.25,3689.55,3858.8,3854.75,3785.59,987220,373720926145000.0,57525.0,355261.0,0.35990000000000005
2020-07-17,BRITANNIA,EQ,3854.75,3900.0,3938.0,3766.8,3783.0,3785.0,3849.58,4503046,1733483317275000.0,257588.0,888067.0,0.1972
2020-07-20,BRITANNIA,EQ,3785.0,3859.0,3993.0,3807.2,3978.8,3982.65,3929.06,3785159,1487209942515000.0,201217.0,915703.0,0.24190000000000003
2020-07-21,BRITANNIA,EQ,3982.65,3999.0,4010.0,3875.0,3888.0,3880.4,3930.62,1880670,739219469720000.0,120728.0,654168.0,0.3478
2020-07-22,BRITANNIA,EQ,3880.4,3914.8,3924.4,3791.05,3807.0,3805.05,3835.43,1019300,390945669380000.0,69007.0,304945.0,0.2992
2020-07-23,BRITANNIA,EQ,3805.05,3825.0,3879.75,3820.0,3825.0,3827.6,3840.32,791770,304064888145000.0,46771.0,302004.0,0.3814
2020-07-24,BRITANNIA,EQ,3827.6,3824.95,3849.9,3768.0,3815.0,3818.45,3812.92,665233,253648093085000.0,40154.0,209116.0,0.3144
2020-07-27,BRITANNIA,EQ,3818.45,3845.0,3846.6,3762.4,3770.8,3777.35,3790.23,523512,198423185735000.0,31448.0,212462.0,0.4058
2020-07-28,BRITANNIA,EQ,3777.35,3780.3,3830.0,3763.35,3779.95,3774.75,3788.77,599914,227293452694999.97,35866.0,211665.0,0.3528
2020-07-29,BRITANNIA,EQ,3774.75,3797.7,3853.0,3780.0,3802.0,3794.7,3814.82,785425,299625416455000.0,43835.0,227126.0,0.2892
2020-07-30,BRITANNIA,EQ,3794.7,3818.4,3874.4,3790.5,3811.0,3805.95,3830.73,855542,327735111095000.0,57845.0,311400.0,0.364
2020-07-31,BRITANNIA,EQ,3805.95,3811.0,3860.0,3801.1,3831.0,3823.6,3828.66,681895,261074447005000.03,47880.0,266988.0,0.3915
2020-08-03,BRITANNIA,EQ,3823.6,3827.0,3849.9,3768.1,3780.0,3776.2,3800.65,369180,140312431309999.98,28638.0,128707.0,0.3486
2020-08-04,BRITANNIA,EQ,3776.2,3800.0,3855.0,3785.0,3822.4,3817.6,3827.94,642559,245967506940000.0,47969.0,232812.0,0.36229999999999996
2020-08-05,BRITANNIA,EQ,3817.6,3839.9,3873.55,3827.95,3855.0,3849.95,3850.22,569216,219160811744999.97,32473.0,274364.0,0.48200000000000004
2020-08-06,BRITANNIA,EQ,3849.95,3865.0,3912.0,3845.0,3860.0,3857.65,3882.09,786063,305156860640000.0,47515.0,221374.0,0.2816
2020-08-07,BRITANNIA,EQ,3857.65,3865.0,3945.0,3850.0,3942.35,3934.8,3895.76,1061884,413684172015000.0,57907.0,479354.0,0.4514
2020-08-10,BRITANNIA,EQ,3934.8,3959.95,4005.0,3929.0,3937.0,3942.8,3970.9,826722,328283163320000.0,43689.0,340441.0,0.4118
2020-08-11,BRITANNIA,EQ,3942.8,3950.0,3970.0,3865.0,3883.0,3879.55,3913.48,422055,165170263595000.0,30873.0,128616.0,0.30469999999999997
2020-08-12,BRITANNIA,EQ,3879.55,3880.55,3885.0,3800.0,3815.0,3809.75,3826.57,619436,237031452969999.97,49409.0,294488.0,0.4754
2020-08-13,BRITANNIA,EQ,3809.75,3823.8,3857.85,3792.05,3809.0,3808.25,3824.07,513264,196275601305000.0,30179.0,208767.0,0.4067
2020-08-14,BRITANNIA,EQ,3808.25,3828.0,3840.0,3752.0,3805.0,3801.35,3798.9,537499,204190422535000.0,33440.0,223018.0,0.41490000000000005
2020-08-17,BRITANNIA,EQ,3801.35,3830.0,3895.0,3802.0,3879.95,3868.65,3846.82,987819,379995814975000.0,51397.0,312858.0,0.31670000000000004
2020-08-18,BRITANNIA,EQ,3868.65,3880.0,3940.0,3875.0,3914.0,3914.3,3918.59,768897,301299022780000.0,57731.0,328615.0,0.4274
2020-08-19,BRITANNIA,EQ,3914.3,3943.65,3949.0,3865.65,3876.0,3875.4,3905.51,505661,197486449385000.0,37260.0,214553.0,0.4243
2020-08-20,BRITANNIA,EQ,3875.4,3880.0,3910.2,3837.25,3868.0,3868.1,3882.66,523854,203394919740000.0,30736.0,211674.0,0.40409999999999996
2020-08-21,BRITANNIA,EQ,3868.1,3896.0,3912.0,3865.05,3895.0,3882.75,3882.47,401007,155689923730000.0,25668.0,166381.0,0.41490000000000005
2020-08-24,BRITANNIA,EQ,3882.75,3912.0,3926.0,3894.2,3910.0,3908.35,3911.5,444407,173829649965000.0,31046.0,185986.0,0.41850000000000004
2020-08-25,BRITANNIA,EQ,3908.35,3918.0,3929.95,3875.0,3899.85,3896.85,3895.75,358587,139696659040000.02,28695.0,150604.0,0.42
2020-08-26,BRITANNIA,EQ,3896.85,3845.0,3857.35,3799.1,3833.0,3829.25,3831.16,608530,233137554955000.03,47167.0,254777.0,0.41869999999999996
2020-08-27,BRITANNIA,EQ,3829.25,3840.0,3853.35,3810.0,3820.0,3816.6,3835.17,385945,148016336090000.0,32932.0,177175.0,0.45909999999999995
2020-08-28,BRITANNIA,EQ,3816.6,3819.0,3827.6,3787.0,3797.0,3793.85,3807.69,512488,195139780780000.0,36580.0,238732.0,0.4658
2020-08-31,BRITANNIA,EQ,3793.85,3806.4,3811.0,3684.0,3721.0,3726.05,3737.0,600226,224304551644999.97,46078.0,246293.0,0.4103
2020-09-01,BRITANNIA,EQ,3726.05,3735.0,3787.75,3718.3,3784.0,3771.0,3755.96,387446,145523334890000.0,23015.0,128602.0,0.3319
2020-09-02,BRITANNIA,EQ,3771.0,3787.9,3813.6,3752.0,3798.35,3799.2,3786.6,305952,115851644265000.02,26116.0,110588.0,0.3615
2020-09-03,BRITANNIA,EQ,3799.2,3798.0,3808.75,3740.0,3750.0,3746.85,3757.33,414160,155613701265000.0,34350.0,213797.0,0.5162
2020-09-04,BRITANNIA,EQ,3746.85,3730.0,3809.0,3698.55,3715.0,3705.85,3755.83,759852,285387622775000.0,56620.0,167415.0,0.22030000000000002
2020-09-07,BRITANNIA,EQ,3705.85,3732.9,3750.0,3655.0,3719.7,3724.05,3710.62,437318,162272297970000.0,31550.0,68908.0,0.1576
2020-09-08,BRITANNIA,EQ,3724.05,3726.9,3762.45,3711.25,3721.7,3731.6,3741.75,379275,141915229615000.0,29868.0,99787.0,0.2631
2020-09-09,BRITANNIA,EQ,3731.6,3690.0,3749.0,3686.1,3746.0,3738.3,3719.35,332884,123811154880000.0,23752.0,102000.0,0.3064
2020-09-10,BRITANNIA,EQ,3738.3,3765.5,3765.5,3700.05,3722.95,3719.25,3716.75,357927,133032680890000.02,31402.0,146232.0,0.4086
2020-09-11,BRITANNIA,EQ,3719.25,3724.0,3828.0,3720.0,3767.6,3772.25,3785.57,829715,314094638745000.0,60401.0,185896.0,0.22399999999999998
2020-09-14,BRITANNIA,EQ,3772.25,3788.9,3796.0,3711.0,3715.0,3719.5,3737.2,397741,148643789005000.0,43575.0,168876.0,0.42460000000000003
2020-09-15,BRITANNIA,EQ,3719.5,3720.05,3766.5,3715.0,3742.0,3734.1,3737.75,366110,136842659109999.98,32001.0,137387.0,0.3753
2020-09-16,BRITANNIA,EQ,3734.1,3742.0,3860.0,3737.15,3848.0,3844.5,3814.33,917526,349974946905000.0,71167.0,265216.0,0.2891
2020-09-17,BRITANNIA,EQ,3844.5,3848.0,3890.95,3768.75,3803.0,3815.65,3845.28,741010,284939254105000.0,49657.0,152843.0,0.20629999999999998
2020-09-18,BRITANNIA,EQ,3815.65,3837.7,3839.75,3774.85,3804.0,3797.5,3801.11,947698,360230867675000.0,41566.0,631679.0,0.6665000000000001
2020-09-21,BRITANNIA,EQ,3797.5,3790.0,3795.0,3613.5,3643.5,3629.3,3687.23,604282,222812815115000.0,43918.0,251550.0,0.41630000000000006
2020-09-22,BRITANNIA,EQ,3629.3,3660.0,3678.0,3540.05,3590.0,3588.0,3590.4,670648,240789603725000.0,45992.0,179945.0,0.2683
2020-09-23,BRITANNIA,EQ,3588.0,3618.9,3652.9,3562.8,3630.0,3624.9,3611.53,405856,146576311290000.0,30346.0,61928.0,0.1526
2020-09-24,BRITANNIA,EQ,3624.9,3590.0,3655.0,3560.2,3611.0,3612.75,3612.21,517316,186865207700000.0,38631.0,152823.0,0.2954
2020-09-25,BRITANNIA,EQ,3612.75,3640.0,3716.95,3615.0,3703.75,3686.4,3668.71,507368,186138511005000.0,33389.0,133845.0,0.2638
2020-09-28,BRITANNIA,EQ,3686.4,3710.9,3778.0,3689.0,3731.05,3737.35,3737.45,390640,145999700205000.0,23905.0,96348.0,0.2466
2020-09-29,BRITANNIA,EQ,3737.35,3769.0,3796.0,3701.65,3715.05,3736.85,3756.82,449330,168805053410000.0,24309.0,126432.0,0.28140000000000004
2020-09-30,BRITANNIA,EQ,3736.85,3734.0,3825.0,3714.05,3795.5,3798.15,3789.81,535771,203047156625000.0,32948.0,170100.0,0.3175
